"../../../Engine/Plugins/2D/Paper2D/Content/PlaceholderTextures/DummySpriteTexture.ubulk" 0
"../../../Engine/Plugins/2D/Paper2D/Content/PlaceholderTextures/DummySpriteTexture.uasset" 1
"../../../Engine/Plugins/2D/Paper2D/Content/PlaceholderTextures/DummySpriteTexture.uexp" 2
"../../../Engine/Plugins/2D/Paper2D/Content/DummySprite.uasset" 3
"../../../Engine/Plugins/2D/Paper2D/Content/DummySprite.uexp" 4
"../../../Engine/Plugins/2D/Paper2D/Content/DefaultPaperTerrainMaterial.uasset" 5
"../../../Engine/Plugins/2D/Paper2D/Content/DefaultPaperTerrainMaterial.uexp" 6
"../../../Engine/Plugins/Animation/ACLPlugin/Content/ACLAnimBoneCompressionSettings.uasset" 7
"../../../Engine/Plugins/Animation/ACLPlugin/Content/ACLAnimBoneCompressionSettings.uexp" 8
"../../../Engine/Content/EngineFonts/Faces/DroidSansFallback.uexp" 9
"../../../Engine/Content/EngineFonts/Faces/DroidSansFallback.uasset" 10
"../../../Engine/Content/EngineFonts/Faces/DroidSansFallback.ufont" 11
"../../../Engine/Content/EngineFonts/Faces/RobotoBold.uexp" 12
"../../../Engine/Content/EngineFonts/Faces/RobotoBold.uasset" 13
"../../../Engine/Content/EngineFonts/Faces/RobotoBold.ufont" 14
"../../../Engine/Content/EngineFonts/Faces/RobotoBoldItalic.uexp" 15
"../../../Engine/Content/EngineFonts/Faces/RobotoBoldItalic.uasset" 16
"../../../Engine/Content/EngineFonts/Faces/RobotoBoldItalic.ufont" 17
"../../../Engine/Content/EngineFonts/Faces/RobotoItalic.uexp" 18
"../../../Engine/Content/EngineFonts/Faces/RobotoItalic.uasset" 19
"../../../Engine/Content/EngineFonts/Faces/RobotoItalic.ufont" 20
"../../../Engine/Content/EngineFonts/Faces/RobotoLight.uexp" 21
"../../../Engine/Content/EngineFonts/Faces/RobotoLight.uasset" 22
"../../../Engine/Content/EngineFonts/Faces/RobotoLight.ufont" 23
"../../../Engine/Content/EngineFonts/Faces/RobotoRegular.uexp" 24
"../../../Engine/Content/EngineFonts/Faces/RobotoRegular.uasset" 25
"../../../Engine/Content/EngineFonts/Faces/RobotoRegular.ufont" 26
"../../../Engine/Content/EngineFonts/Roboto.uasset" 27
"../../../Engine/Content/EngineFonts/Roboto.uexp" 28
"../../../Engine/Content/EngineMaterials/DefaultDestructiblePhysicalMaterial.uasset" 29
"../../../Engine/Content/EngineMaterials/DefaultDestructiblePhysicalMaterial.uexp" 30
"../../../Engine/Content/EngineMaterials/DefaultPhysicalMaterial.uasset" 31
"../../../Engine/Content/EngineMaterials/DefaultPhysicalMaterial.uexp" 32
"../../../Engine/Content/EngineSounds/Master.uasset" 33
"../../../Engine/Content/EngineSounds/Master.uexp" 34
"../../../Engine/Plugins/Interchange/Runtime/Content/Pipelines/DefaultAssetsPipeline.uasset" 35
"../../../Engine/Plugins/Interchange/Runtime/Content/Pipelines/DefaultAssetsPipeline.uexp" 36
"../../../Engine/Plugins/Interchange/Runtime/Content/Pipelines/DefaultAudioPipeline.uasset" 37
"../../../Engine/Plugins/Interchange/Runtime/Content/Pipelines/DefaultAudioPipeline.uexp" 38
"../../../Engine/Plugins/Interchange/Runtime/Content/Pipelines/DefaultGLTFAssetsPipeline.uasset" 39
"../../../Engine/Plugins/Interchange/Runtime/Content/Pipelines/DefaultGLTFAssetsPipeline.uexp" 40
"../../../Engine/Plugins/Interchange/Runtime/Content/Pipelines/DefaultGLTFPipeline.uasset" 41
"../../../Engine/Plugins/Interchange/Runtime/Content/Pipelines/DefaultGLTFPipeline.uexp" 42
"../../../Engine/Plugins/Interchange/Runtime/Content/Pipelines/DefaultGLTFSceneAssetsPipeline.uasset" 43
"../../../Engine/Plugins/Interchange/Runtime/Content/Pipelines/DefaultGLTFSceneAssetsPipeline.uexp" 44
"../../../Engine/Plugins/Interchange/Runtime/Content/Pipelines/DefaultMaterialPipeline.uasset" 45
"../../../Engine/Plugins/Interchange/Runtime/Content/Pipelines/DefaultMaterialPipeline.uexp" 46
"../../../Engine/Plugins/Interchange/Runtime/Content/Pipelines/DefaultMaterialXPipeline.uasset" 47
"../../../Engine/Plugins/Interchange/Runtime/Content/Pipelines/DefaultMaterialXPipeline.uexp" 48
"../../../Engine/Plugins/Interchange/Runtime/Content/Pipelines/DefaultSceneAssetsPipeline.uasset" 49
"../../../Engine/Plugins/Interchange/Runtime/Content/Pipelines/DefaultSceneAssetsPipeline.uexp" 50
"../../../Engine/Plugins/Interchange/Runtime/Content/Pipelines/DefaultSceneLevelPipeline.uasset" 51
"../../../Engine/Plugins/Interchange/Runtime/Content/Pipelines/DefaultSceneLevelPipeline.uexp" 52
"../../../Engine/Plugins/Interchange/Runtime/Content/Pipelines/DefaultTexturePipeline.uasset" 53
"../../../Engine/Plugins/Interchange/Runtime/Content/Pipelines/DefaultTexturePipeline.uexp" 54
"../../../Engine/Plugins/2D/Paper2D/Content/DefaultSpriteMaterial.uasset" 55
"../../../Engine/Plugins/2D/Paper2D/Content/DefaultSpriteMaterial.uexp" 56
"../../../Engine/Plugins/2D/Paper2D/Content/MaskedUnlitSpriteMaterial.uasset" 57
"../../../Engine/Plugins/2D/Paper2D/Content/MaskedUnlitSpriteMaterial.uexp" 58
"../../../Engine/Plugins/2D/Paper2D/Content/OpaqueUnlitSpriteMaterial.uasset" 59
"../../../Engine/Plugins/2D/Paper2D/Content/OpaqueUnlitSpriteMaterial.uexp" 60
"../../../Engine/Content/Functions/Engine_MaterialFunctions02/WorldPositionOffset/CameraOffset.uasset" 61
"../../../Engine/Content/Functions/Engine_MaterialFunctions02/WorldPositionOffset/CameraOffset.uexp" 62
"../../../Engine/Plugins/Animation/ControlRig/Content/M_Manip.uasset" 63
"../../../Engine/Plugins/Animation/ControlRig/Content/M_Manip.uexp" 64
"../../../Engine/Content/EngineMaterials/T_Default_Material_Grid_M.ubulk" 65
"../../../Engine/Content/EngineMaterials/T_Default_Material_Grid_M.uasset" 66
"../../../Engine/Content/EngineMaterials/T_Default_Material_Grid_M.uexp" 67
"../../../Engine/Content/EngineMaterials/T_Default_Material_Grid_N.ubulk" 68
"../../../Engine/Content/EngineMaterials/T_Default_Material_Grid_N.uasset" 69
"../../../Engine/Content/EngineMaterials/T_Default_Material_Grid_N.uexp" 70
"../../../Engine/Content/Functions/Engine_MaterialFunctions01/Opacity/CameraDepthFade.uasset" 71
"../../../Engine/Content/Functions/Engine_MaterialFunctions01/Opacity/CameraDepthFade.uexp" 72
"../../../Engine/Content/EngineMaterials/WorldGridMaterial.uasset" 73
"../../../Engine/Content/EngineMaterials/WorldGridMaterial.uexp" 74
"../../../Engine/Plugins/Media/MediaPlate/Content/SM_MediaPlateScreen.ubulk" 75
"../../../Engine/Plugins/Media/MediaPlate/Content/SM_MediaPlateScreen.uasset" 76
"../../../Engine/Plugins/Media/MediaPlate/Content/SM_MediaPlateScreen.uexp" 77
"../../../Engine/Content/EditorLandscapeResources/DefaultAlphaTexture.uasset" 78
"../../../Engine/Content/EditorLandscapeResources/DefaultAlphaTexture.uexp" 79
"../../../Engine/Content/EditorLandscapeResources/LandscapeDirtyMaterial.uasset" 80
"../../../Engine/Content/EditorLandscapeResources/LandscapeDirtyMaterial.uexp" 81
"../../../Engine/Plugins/NNE/NNEDenoiser/Content/NNEDIM_ColorAlbedoNormal_Alpha.uasset" 82
"../../../Engine/Plugins/NNE/NNEDenoiser/Content/NNEDIM_ColorAlbedoNormal_Alpha.uexp" 83
"../../../Engine/Plugins/NNE/NNEDenoiser/Content/NNEDIM_ColorAlbedoNormal_Default.uasset" 84
"../../../Engine/Plugins/NNE/NNEDenoiser/Content/NNEDIM_ColorAlbedoNormal_Default.uexp" 85
"../../../Engine/Plugins/NNE/NNEDenoiser/Content/NNEDIM_HighQuality_Alpha.uasset" 86
"../../../Engine/Plugins/NNE/NNEDenoiser/Content/NNEDIM_HighQuality_Alpha.uexp" 87
"../../../Engine/Plugins/NNE/NNEDenoiser/Content/NNEDIM_HighQuality_Default.uasset" 88
"../../../Engine/Plugins/NNE/NNEDenoiser/Content/NNEDIM_HighQuality_Default.uexp" 89
"../../../Engine/Plugins/NNE/NNEDenoiser/Content/NNEDOM_Output_Alpha.uasset" 90
"../../../Engine/Plugins/NNE/NNEDenoiser/Content/NNEDOM_Output_Alpha.uexp" 91
"../../../Engine/Plugins/NNE/NNEDenoiser/Content/NNEDOM_Output_Default.uasset" 92
"../../../Engine/Plugins/NNE/NNEDenoiser/Content/NNEDOM_Output_Default.uexp" 93
"../../../Engine/Plugins/NNE/NNEDenoiser/Content/NNEDTIM_ColorAlbedoNormal_Alpha.uasset" 94
"../../../Engine/Plugins/NNE/NNEDenoiser/Content/NNEDTIM_ColorAlbedoNormal_Alpha.uexp" 95
"../../../Engine/Plugins/NNE/NNEDenoiser/Content/NNEDTIM_ColorAlbedoNormal_Default.uasset" 96
"../../../Engine/Plugins/NNE/NNEDenoiser/Content/NNEDTIM_ColorAlbedoNormal_Default.uexp" 97
"../../../Engine/Plugins/NNE/NNEDenoiser/Content/NNEDTOM_Output_Alpha.uasset" 98
"../../../Engine/Plugins/NNE/NNEDenoiser/Content/NNEDTOM_Output_Alpha.uexp" 99
"../../../Engine/Plugins/NNE/NNEDenoiser/Content/NNEDTOM_Output_Default.uasset" 100
"../../../Engine/Plugins/NNE/NNEDenoiser/Content/NNEDTOM_Output_Default.uexp" 101
"../../../Engine/Plugins/NNE/NNEDenoiser/Content/NNEDT_Oidn2-3_Balanced.uasset" 102
"../../../Engine/Plugins/NNE/NNEDenoiser/Content/NNEDT_Oidn2-3_Balanced.uexp" 103
"../../../Engine/Content/EngineMaterials/DefaultDiffuse.ubulk" 104
"../../../Engine/Content/EngineMaterials/DefaultDiffuse.uasset" 105
"../../../Engine/Content/EngineMaterials/DefaultDiffuse.uexp" 106
"../../../Engine/Content/Functions/Engine_MaterialFunctions01/Texturing/TextureCropping.uasset" 107
"../../../Engine/Content/Functions/Engine_MaterialFunctions01/Texturing/TextureCropping.uexp" 108
"../../../Engine/Content/Functions/Engine_MaterialFunctions02/ExampleContent/DebugNumberStrip.uasset" 109
"../../../Engine/Content/Functions/Engine_MaterialFunctions02/ExampleContent/DebugNumberStrip.uexp" 110
"../../../Engine/Content/Functions/Engine_MaterialFunctions01/Debug/DebugIntValues.uasset" 111
"../../../Engine/Content/Functions/Engine_MaterialFunctions01/Debug/DebugIntValues.uexp" 112
"../../../Engine/Content/Functions/Engine_MaterialFunctions02/Utility/BreakOutFloat2Components.uasset" 113
"../../../Engine/Content/Functions/Engine_MaterialFunctions02/Utility/BreakOutFloat2Components.uexp" 114
"../../../Engine/Content/Functions/Engine_MaterialFunctions01/Texturing/ScaleUVsByCenter.uasset" 115
"../../../Engine/Content/Functions/Engine_MaterialFunctions01/Texturing/ScaleUVsByCenter.uexp" 116
"../../../Engine/Content/Functions/Engine_MaterialFunctions02/WorldPositionOffset/LocalPosition.uasset" 117
"../../../Engine/Content/Functions/Engine_MaterialFunctions02/WorldPositionOffset/LocalPosition.uexp" 118
"../../../Engine/Content/EditorLandscapeResources/LandscapeLayerUsageMaterial.uasset" 119
"../../../Engine/Content/EditorLandscapeResources/LandscapeLayerUsageMaterial.uexp" 120
"../../../Engine/Plugins/NNE/NNEDenoiser/Content/NNEDT_Oidn2-3_Balanced_Alpha.uasset" 121
"../../../Engine/Plugins/NNE/NNEDenoiser/Content/NNEDT_Oidn2-3_Balanced_Alpha.uexp" 122
"../../../Engine/Plugins/NNE/NNEDenoiser/Content/NNED_Oidn2-3_Balanced.uasset" 123
"../../../Engine/Plugins/NNE/NNEDenoiser/Content/NNED_Oidn2-3_Balanced.uexp" 124
"../../../Engine/Plugins/NNE/NNEDenoiser/Content/NNED_Oidn2-3_Balanced_Alpha.uasset" 125
"../../../Engine/Plugins/NNE/NNEDenoiser/Content/NNED_Oidn2-3_Balanced_Alpha.uexp" 126
"../../../Engine/Plugins/NNE/NNEDenoiser/Content/NNED_Oidn2-3_Fast.uasset" 127
"../../../Engine/Plugins/NNE/NNEDenoiser/Content/NNED_Oidn2-3_Fast.uexp" 128
"../../../Engine/Plugins/NNE/NNEDenoiser/Content/NNED_Oidn2-3_Fast_Alpha.uasset" 129
"../../../Engine/Plugins/NNE/NNEDenoiser/Content/NNED_Oidn2-3_Fast_Alpha.uexp" 130
"../../../Engine/Plugins/NNE/NNEDenoiser/Content/NNED_Oidn2-3_HighQuality.uasset" 131
"../../../Engine/Plugins/NNE/NNEDenoiser/Content/NNED_Oidn2-3_HighQuality.uexp" 132
"../../../Engine/Plugins/NNE/NNEDenoiser/Content/NNED_Oidn2-3_HighQuality_Alpha.uasset" 133
"../../../Engine/Plugins/NNE/NNEDenoiser/Content/NNED_Oidn2-3_HighQuality_Alpha.uexp" 134
"../../../Engine/Plugins/NNE/NNEDenoiser/Content/NNE_oidn2-3-0_rt_hdr_alb_nrm_small__dyn__fp16_opset11_DenoiseAlpha.uasset" 135
"../../../Engine/Plugins/NNE/NNEDenoiser/Content/NNE_oidn2-3-0_rt_hdr_alb_nrm_small__dyn__fp16_opset11_DenoiseAlpha.uexp" 136
"../../../Engine/Plugins/NNE/NNEDenoiser/Content/NNE_oidn2-3-0_rt_hdr_alb_nrm_small__dyn__fp16_opset11_ForwardAlpha.uasset" 137
"../../../Engine/Plugins/NNE/NNEDenoiser/Content/NNE_oidn2-3-0_rt_hdr_alb_nrm_small__dyn__fp16_opset11_ForwardAlpha.uexp" 138
"../../../Engine/Plugins/NNE/NNEDenoiser/Content/NNE_oidn2-3-0_rt_hdr_alb_nrm__dyn__fp16_opset11_DenoiseAlpha.uasset" 139
"../../../Engine/Plugins/NNE/NNEDenoiser/Content/NNE_oidn2-3-0_rt_hdr_alb_nrm__dyn__fp16_opset11_DenoiseAlpha.uexp" 140
"../../../Engine/Plugins/NNE/NNEDenoiser/Content/NNE_oidn2-3-0_rt_hdr_alb_nrm__dyn__fp16_opset11_ForwardAlpha.uasset" 141
"../../../Engine/Plugins/NNE/NNEDenoiser/Content/NNE_oidn2-3-0_rt_hdr_alb_nrm__dyn__fp16_opset11_ForwardAlpha.uexp" 142
"../../../Engine/Plugins/NNE/NNEDenoiser/Content/NNE_oidn2-3-0_rt_hdr_calb_cnrm_large__dyn__fp16_opset11_DenoiseAlpha.uasset" 143
"../../../Engine/Plugins/NNE/NNEDenoiser/Content/NNE_oidn2-3-0_rt_hdr_calb_cnrm_large__dyn__fp16_opset11_DenoiseAlpha.uexp" 144
"../../../Engine/Plugins/NNE/NNEDenoiser/Content/NNE_oidn2-3-0_rt_hdr_calb_cnrm_large__dyn__fp16_opset11_ForwardAlpha.uasset" 145
"../../../Engine/Plugins/NNE/NNEDenoiser/Content/NNE_oidn2-3-0_rt_hdr_calb_cnrm_large__dyn__fp16_opset11_ForwardAlpha.uexp" 146
"../../../Engine/Content/BasicShapes/BasicShapeMaterial.uasset" 147
"../../../Engine/Content/BasicShapes/BasicShapeMaterial.uexp" 148
"../../../Engine/Content/EngineMaterials/DefaultMaterial.uasset" 149
"../../../Engine/Content/EngineMaterials/DefaultMaterial.uexp" 150
"../../../Engine/Content/BasicShapes/Cone.ubulk" 151
"../../../Engine/Content/BasicShapes/Cone.uasset" 152
"../../../Engine/Content/BasicShapes/Cone.uexp" 153
"../../../Engine/Content/BasicShapes/Cylinder.ubulk" 154
"../../../Engine/Content/BasicShapes/Cylinder.uasset" 155
"../../../Engine/Content/BasicShapes/Cylinder.uexp" 156
"../../../Engine/Content/EditorLandscapeResources/ColorMaskBrushMaterial.uasset" 157
"../../../Engine/Content/EditorLandscapeResources/ColorMaskBrushMaterial.uexp" 158
"../../../Engine/Content/EditorLandscapeResources/ColorMaskBrushMaterial_MaskedRegion.uasset" 159
"../../../Engine/Content/EditorLandscapeResources/ColorMaskBrushMaterial_MaskedRegion.uexp" 160
"../../../Engine/Content/EditorMaterials/PhAT_NoCollisionMaterial.uasset" 161
"../../../Engine/Content/EditorMaterials/PhAT_NoCollisionMaterial.uexp" 162
"../../../Engine/Content/EditorMaterials/PhAT_UnselectedMaterial.uasset" 163
"../../../Engine/Content/EditorMaterials/PhAT_UnselectedMaterial.uexp" 164
"../../../Engine/Content/EditorMaterials/PreviewShadowIndicator.ubulk" 165
"../../../Engine/Content/EditorMaterials/PreviewShadowIndicator.uasset" 166
"../../../Engine/Content/EditorMaterials/PreviewShadowIndicator.uexp" 167
"../../../Engine/Content/EditorMaterials/PreviewShadowIndicatorMaterial.uasset" 168
"../../../Engine/Content/EditorMaterials/PreviewShadowIndicatorMaterial.uexp" 169
"../../../Engine/Content/EngineDebugMaterials/DebugEditorMaterial.uasset" 170
"../../../Engine/Content/EngineDebugMaterials/DebugEditorMaterial.uexp" 171
"../../../Engine/Content/EngineMaterials/DefaultWhiteGrid_Low.uasset" 172
"../../../Engine/Content/EngineMaterials/DefaultWhiteGrid_Low.uexp" 173
"../../../Engine/Content/EngineMaterials/EmissiveMeshMaterial.uasset" 174
"../../../Engine/Content/EngineMaterials/EmissiveMeshMaterial.uexp" 175
"../../../Engine/Content/EngineDebugMaterials/DebugMeshMaterial.uasset" 176
"../../../Engine/Content/EngineDebugMaterials/DebugMeshMaterial.uexp" 177
"../../../Engine/Content/EngineMaterials/FastBlueNoise_scalar_128x128x64.uasset" 178
"../../../Engine/Content/EngineMaterials/FastBlueNoise_scalar_128x128x64.uexp" 179
"../../../Engine/Content/EngineMaterials/FastBlueNoise_scalar_128x128x8.uasset" 180
"../../../Engine/Content/EngineMaterials/FastBlueNoise_scalar_128x128x8.uexp" 181
"../../../Engine/Content/EngineMaterials/FastBlueNoise_vec2_128x128x64.uasset" 182
"../../../Engine/Content/EngineMaterials/FastBlueNoise_vec2_128x128x64.uexp" 183
"../../../Engine/Content/EditorResources/BSPVertex.uasset" 184
"../../../Engine/Content/EditorResources/BSPVertex.uexp" 185
"../../../Engine/Content/EngineMaterials/BaseFlattenDiffuseMap.uasset" 186
"../../../Engine/Content/EngineMaterials/BaseFlattenDiffuseMap.uexp" 187
"../../../Engine/Content/EngineMaterials/BaseFlattenEmissiveMap.uasset" 188
"../../../Engine/Content/EngineMaterials/BaseFlattenEmissiveMap.uexp" 189
"../../../Engine/Content/EngineMaterials/BaseFlattenGrayscaleMap.uasset" 190
"../../../Engine/Content/EngineMaterials/BaseFlattenGrayscaleMap.uexp" 191
"../../../Engine/Content/EngineMaterials/BaseFlattenLinearColor.uasset" 192
"../../../Engine/Content/EngineMaterials/BaseFlattenLinearColor.uexp" 193
"../../../Engine/Content/EngineMaterials/BaseFlattenNormalMap.uasset" 194
"../../../Engine/Content/EngineMaterials/BaseFlattenNormalMap.uexp" 195
"../../../Engine/Content/Functions/Engine_MaterialFunctions02/PivotPainter2/Black_1x1_EXR_Texture.uasset" 196
"../../../Engine/Content/Functions/Engine_MaterialFunctions02/PivotPainter2/Black_1x1_EXR_Texture.uexp" 197
"../../../Engine/Content/EngineMaterials/FlattenMaterial.uasset" 198
"../../../Engine/Content/EngineMaterials/FlattenMaterial.uexp" 199
"../../../Engine/Content/EngineMaterials/BaseFlattenDiffuseMap_VT.ubulk" 200
"../../../Engine/Content/EngineMaterials/BaseFlattenDiffuseMap_VT.uasset" 201
"../../../Engine/Content/EngineMaterials/BaseFlattenDiffuseMap_VT.uexp" 202
"../../../Engine/Content/EngineMaterials/BaseFlattenEmissiveMap_VT.ubulk" 203
"../../../Engine/Content/EngineMaterials/BaseFlattenEmissiveMap_VT.uasset" 204
"../../../Engine/Content/EngineMaterials/BaseFlattenEmissiveMap_VT.uexp" 205
"../../../Engine/Content/EngineMaterials/BaseFlattenGrayscaleMap_VT.ubulk" 206
"../../../Engine/Content/EngineMaterials/BaseFlattenGrayscaleMap_VT.uasset" 207
"../../../Engine/Content/EngineMaterials/BaseFlattenGrayscaleMap_VT.uexp" 208
"../../../Engine/Content/EngineMaterials/BaseFlattenLinearColor_VT.ubulk" 209
"../../../Engine/Content/EngineMaterials/BaseFlattenLinearColor_VT.uasset" 210
"../../../Engine/Content/EngineMaterials/BaseFlattenLinearColor_VT.uexp" 211
"../../../Engine/Content/EngineMaterials/BaseFlattenNormalMap_VT.ubulk" 212
"../../../Engine/Content/EngineMaterials/BaseFlattenNormalMap_VT.uasset" 213
"../../../Engine/Content/EngineMaterials/BaseFlattenNormalMap_VT.uexp" 214
"../../../Engine/Content/EngineMaterials/Black_1x1_EXR_Texture_VT.ubulk" 215
"../../../Engine/Content/EngineMaterials/Black_1x1_EXR_Texture_VT.uasset" 216
"../../../Engine/Content/EngineMaterials/Black_1x1_EXR_Texture_VT.uexp" 217
"../../../Engine/Content/EngineMaterials/FlattenMaterial_VT.uasset" 218
"../../../Engine/Content/EngineMaterials/FlattenMaterial_VT.uexp" 219
"../../../Engine/Content/EngineMaterials/FlattenMaterial_WS_Normal_VT.uasset" 220
"../../../Engine/Content/EngineMaterials/FlattenMaterial_WS_Normal_VT.uexp" 221
"../../../Engine/Content/EngineMaterials/GizmoMaterial.uasset" 222
"../../../Engine/Content/EngineMaterials/GizmoMaterial.uexp" 223
"../../../Engine/Content/EditorResources/S_Actor.ubulk" 224
"../../../Engine/Content/EditorResources/S_Actor.uasset" 225
"../../../Engine/Content/EditorResources/S_Actor.uexp" 226
"../../../Engine/Content/EngineDebugMaterials/M_SimpleUnlitTranslucent.uasset" 227
"../../../Engine/Content/EngineDebugMaterials/M_SimpleUnlitTranslucent.uexp" 228
"../../../Engine/Content/Functions/Engine_MaterialFunctions02/Utility/CameraDirectionVector.uasset" 229
"../../../Engine/Content/Functions/Engine_MaterialFunctions02/Utility/CameraDirectionVector.uexp" 230
"../../../Engine/Content/EngineDebugMaterials/VolumeToRender.uasset" 231
"../../../Engine/Content/EngineDebugMaterials/VolumeToRender.uexp" 232
"../../../Engine/Content/EngineDebugMaterials/M_VolumeRenderSphereTracePP.uasset" 233
"../../../Engine/Content/EngineDebugMaterials/M_VolumeRenderSphereTracePP.uexp" 234
"../../../Engine/Content/EditorResources/S_BoxReflectionCapture.uasset" 235
"../../../Engine/Content/EditorResources/S_BoxReflectionCapture.uexp" 236
"../../../Engine/Content/EngineMaterials/RemoveSurfaceMaterial.uasset" 237
"../../../Engine/Content/EngineMaterials/RemoveSurfaceMaterial.uexp" 238
"../../../Engine/Plugins/Experimental/MeshModelingToolsetExp/Content/Materials/GetDisplacementVectorForDepthBias.uasset" 239
"../../../Engine/Plugins/Experimental/MeshModelingToolsetExp/Content/Materials/GetDisplacementVectorForDepthBias.uexp" 240
"../../../Engine/Content/Functions/Engine_MaterialFunctions02/Math/ProjectVectorOntoPlane.uasset" 241
"../../../Engine/Content/Functions/Engine_MaterialFunctions02/Math/ProjectVectorOntoPlane.uexp" 242
"../../../Engine/Content/Functions/Engine_MaterialFunctions03/Viewport/MF_OrthoWidth.uasset" 243
"../../../Engine/Content/Functions/Engine_MaterialFunctions03/Viewport/MF_OrthoWidth.uexp" 244
"../../../Engine/Content/EngineMaterials/LineSetComponentMaterial.uasset" 245
"../../../Engine/Content/EngineMaterials/LineSetComponentMaterial.uexp" 246
"../../../Engine/Content/EngineMaterials/MiniFont.uasset" 247
"../../../Engine/Content/EngineMaterials/MiniFont.uexp" 248
"../../../Engine/Content/EngineMaterials/InvalidLightmapSettings.ubulk" 249
"../../../Engine/Content/EngineMaterials/InvalidLightmapSettings.uasset" 250
"../../../Engine/Content/EngineMaterials/InvalidLightmapSettings.uexp" 251
"../../../Engine/Content/EngineMaterials/M_InvalidLightmapSettings.uasset" 252
"../../../Engine/Content/EngineMaterials/M_InvalidLightmapSettings.uexp" 253
"../../../Engine/Content/EngineMaterials/SMAAAreaTex.uasset" 254
"../../../Engine/Content/EngineMaterials/SMAAAreaTex.uexp" 255
"../../../Engine/Content/EngineMaterials/NaniteHiddenSectionMaterial.uasset" 256
"../../../Engine/Content/EngineMaterials/NaniteHiddenSectionMaterial.uexp" 257
"../../../Engine/Content/EditorResources/S_Solver.ubulk" 258
"../../../Engine/Content/EditorResources/S_Solver.uasset" 259
"../../../Engine/Content/EditorResources/S_Solver.uexp" 260
"../../../Engine/Content/EngineMaterials/SMAASearchTex.uasset" 261
"../../../Engine/Content/EngineMaterials/SMAASearchTex.uexp" 262
"../../../Engine/Content/EngineMaterials/PhAT_JointLimitMaterial.uasset" 263
"../../../Engine/Content/EngineMaterials/PhAT_JointLimitMaterial.uexp" 264
"../../../Engine/Content/EngineMaterials/DefaultBloomKernel.uasset" 265
"../../../Engine/Content/EngineMaterials/DefaultBloomKernel.uexp" 266
"../../../Engine/Content/EngineMaterials/DefaultBokeh.uasset" 267
"../../../Engine/Content/EngineMaterials/DefaultBokeh.uexp" 268
"../../../Engine/Content/EngineMaterials/DefaultCalibrationColor.uasset" 269
"../../../Engine/Content/EngineMaterials/DefaultCalibrationColor.uexp" 270
"../../../Engine/Content/EngineMaterials/PPM_DefaultCalibrationColor.uasset" 271
"../../../Engine/Content/EngineMaterials/PPM_DefaultCalibrationColor.uexp" 272
"../../../Engine/Content/EngineMaterials/DefaultCalibrationGrayscale.uasset" 273
"../../../Engine/Content/EngineMaterials/DefaultCalibrationGrayscale.uexp" 274
"../../../Engine/Content/EngineMaterials/PPM_DefaultCalibrationGrayscale.uasset" 275
"../../../Engine/Content/EngineMaterials/PPM_DefaultCalibrationGrayscale.uexp" 276
"../../../Engine/Content/EngineMaterials/PreintegratedSkinBRDF.uasset" 277
"../../../Engine/Content/EngineMaterials/PreintegratedSkinBRDF.uexp" 278
"../../../Engine/Content/EngineMaterials/DefaultDeferredDecalMaterial.uasset" 279
"../../../Engine/Content/EngineMaterials/DefaultDeferredDecalMaterial.uexp" 280
"../../../Engine/Content/EngineMaterials/WeightMapPlaceholderTexture.uasset" 281
"../../../Engine/Content/EngineMaterials/WeightMapPlaceholderTexture.uexp" 282
"../../../Engine/Content/EngineMaterials/WeightMapArrayPlaceholderTexture.uasset" 283
"../../../Engine/Content/EngineMaterials/WeightMapArrayPlaceholderTexture.uexp" 284
"../../../Engine/Content/EngineResources/WhiteSquareTexture.uasset" 285
"../../../Engine/Content/EngineResources/WhiteSquareTexture.uexp" 286
"../../../Engine/Content/EngineMaterials/Widget3DPassThrough.uasset" 287
"../../../Engine/Content/EngineMaterials/Widget3DPassThrough.uexp" 288
"../../../Engine/Content/EngineMaterials/Widget3DPassThrough_Masked.uasset" 289
"../../../Engine/Content/EngineMaterials/Widget3DPassThrough_Masked.uexp" 290
"../../../Engine/Content/EngineMaterials/DefaultLightFunctionMaterial.uasset" 291
"../../../Engine/Content/EngineMaterials/DefaultLightFunctionMaterial.uexp" 292
"../../../Engine/Content/EngineMaterials/Widget3DPassThrough_Opaque.uasset" 293
"../../../Engine/Content/EngineMaterials/Widget3DPassThrough_Opaque.uexp" 294
"../../../Engine/Content/EngineMaterials/Widget3DPassThrough_Masked_OneSided.uasset" 295
"../../../Engine/Content/EngineMaterials/Widget3DPassThrough_Masked_OneSided.uexp" 296
"../../../Engine/Content/EngineMaterials/Widget3DPassThrough_Opaque_OneSided.uasset" 297
"../../../Engine/Content/EngineMaterials/Widget3DPassThrough_Opaque_OneSided.uexp" 298
"../../../Engine/Content/EngineResources/Black.uasset" 299
"../../../Engine/Content/EngineResources/Black.uexp" 300
"../../../Engine/Content/EngineMaterials/Widget3DPassThrough_Translucent.uasset" 301
"../../../Engine/Content/EngineMaterials/Widget3DPassThrough_Translucent.uexp" 302
"../../../Engine/Content/EngineMaterials/Widget3DPassThrough_Translucent_OneSided.uasset" 303
"../../../Engine/Content/EngineMaterials/Widget3DPassThrough_Translucent_OneSided.uexp" 304
"../../../Engine/Content/EngineResources/DefaultTexture.ubulk" 305
"../../../Engine/Content/EngineResources/DefaultTexture.uasset" 306
"../../../Engine/Content/EngineResources/DefaultTexture.uexp" 307
"../../../Engine/Content/EngineMaterials/DefaultPostProcessMaterial.uasset" 308
"../../../Engine/Content/EngineMaterials/DefaultPostProcessMaterial.uexp" 309
"../../../Engine/Content/EngineFonts/RobotoDistanceField.uasset" 310
"../../../Engine/Content/EngineFonts/RobotoDistanceField.uexp" 311
"../../../Engine/Content/EngineMaterials/DefaultTextMaterialOpaque.uasset" 312
"../../../Engine/Content/EngineMaterials/DefaultTextMaterialOpaque.uexp" 313
"../../../Engine/Content/EngineResources/DefaultTextureCube.uasset" 314
"../../../Engine/Content/EngineResources/DefaultTextureCube.uexp" 315
"../../../Engine/Content/EngineMaterials/DefaultWhiteGrid.ubulk" 316
"../../../Engine/Content/EngineMaterials/DefaultWhiteGrid.uasset" 317
"../../../Engine/Content/EngineMaterials/DefaultWhiteGrid.uexp" 318
"../../../Engine/Content/EngineResources/GradientTexture0.uasset" 319
"../../../Engine/Content/EngineResources/GradientTexture0.uexp" 320
"../../../Engine/Content/EngineMeshes/Sphere.ubulk" 321
"../../../Engine/Content/EngineMeshes/Sphere.uasset" 322
"../../../Engine/Content/EngineMeshes/Sphere.uexp" 323
"../../../Engine/Content/EngineResources/LandscapeVisibilityLayerInfo.uasset" 324
"../../../Engine/Content/EngineResources/LandscapeVisibilityLayerInfo.uexp" 325
"../../../Engine/Plugins/Animation/ControlRig/Content/Controls/ControlRig_Diamond_3mm.ubulk" 326
"../../../Engine/Plugins/Animation/ControlRig/Content/Controls/ControlRig_Diamond_3mm.uasset" 327
"../../../Engine/Plugins/Animation/ControlRig/Content/Controls/ControlRig_Diamond_3mm.uexp" 328
"../../../Engine/Plugins/Animation/ControlRig/Content/Controls/ControlRig_Diamond_solid.ubulk" 329
"../../../Engine/Plugins/Animation/ControlRig/Content/Controls/ControlRig_Diamond_solid.uasset" 330
"../../../Engine/Plugins/Animation/ControlRig/Content/Controls/ControlRig_Diamond_solid.uexp" 331
"../../../Engine/Plugins/Animation/ControlRig/Content/Controls/ControlRig_HalfCircle_1mm.ubulk" 332
"../../../Engine/Plugins/Animation/ControlRig/Content/Controls/ControlRig_HalfCircle_1mm.uasset" 333
"../../../Engine/Plugins/Animation/ControlRig/Content/Controls/ControlRig_HalfCircle_1mm.uexp" 334
"../../../Engine/Plugins/Animation/ControlRig/Content/Controls/ControlRig_HalfCircle_3mm.ubulk" 335
"../../../Engine/Plugins/Animation/ControlRig/Content/Controls/ControlRig_HalfCircle_3mm.uasset" 336
"../../../Engine/Plugins/Animation/ControlRig/Content/Controls/ControlRig_HalfCircle_3mm.uexp" 337
"../../../Engine/Plugins/Animation/ControlRig/Content/Controls/ControlRig_HalfCircle_solid.ubulk" 338
"../../../Engine/Plugins/Animation/ControlRig/Content/Controls/ControlRig_HalfCircle_solid.uasset" 339
"../../../Engine/Plugins/Animation/ControlRig/Content/Controls/ControlRig_HalfCircle_solid.uexp" 340
"../../../Engine/Content/Functions/Engine_MaterialFunctions02/Utility/MakeFloat3.uasset" 341
"../../../Engine/Content/Functions/Engine_MaterialFunctions02/Utility/MakeFloat3.uexp" 342
"../../../Engine/Content/Functions/Engine_MaterialFunctions02/SplitComponents.uasset" 343
"../../../Engine/Content/Functions/Engine_MaterialFunctions02/SplitComponents.uexp" 344
"../../../Engine/Content/Functions/Engine_MaterialFunctions02/Utility/BreakOutFloat3Components.uasset" 345
"../../../Engine/Content/Functions/Engine_MaterialFunctions02/Utility/BreakOutFloat3Components.uexp" 346
"../../../Engine/Content/Functions/Engine_MaterialFunctions02/Math/Transform3x3Matrix.uasset" 347
"../../../Engine/Content/Functions/Engine_MaterialFunctions02/Math/Transform3x3Matrix.uexp" 348
"../../../Engine/Content/VREditor/SnapGrid/SnapGridMaterial.uasset" 349
"../../../Engine/Content/VREditor/SnapGrid/SnapGridMaterial.uexp" 350
"../../../Engine/Content/VREditor/SnapGrid/SnapGridPlaneMesh.ubulk" 351
"../../../Engine/Content/VREditor/SnapGrid/SnapGridPlaneMesh.uasset" 352
"../../../Engine/Content/VREditor/SnapGrid/SnapGridPlaneMesh.uexp" 353
"../../../Engine/Content/VREditor/LaserPointer/VR_LaserPower_01.ubulk" 354
"../../../Engine/Content/VREditor/LaserPointer/VR_LaserPower_01.uasset" 355
"../../../Engine/Content/VREditor/LaserPointer/VR_LaserPower_01.uexp" 356
"../../../Engine/Content/VREditor/TransformGizmo/TransformGizmoMaterial.uasset" 357
"../../../Engine/Content/VREditor/TransformGizmo/TransformGizmoMaterial.uexp" 358
"../../../Engine/Content/VREditor/TransformGizmo/TranslucentTransformGizmoMaterial.uasset" 359
"../../../Engine/Content/VREditor/TransformGizmo/TranslucentTransformGizmoMaterial.uexp" 360
"../../../Engine/Content/VREditor/TransformGizmo/PlaneTranslationHandle.ubulk" 361
"../../../Engine/Content/VREditor/TransformGizmo/PlaneTranslationHandle.uasset" 362
"../../../Engine/Content/VREditor/TransformGizmo/PlaneTranslationHandle.uexp" 363
"../../../Engine/Content/VREditor/TransformGizmo/RotationHandleFull.ubulk" 364
"../../../Engine/Content/VREditor/TransformGizmo/RotationHandleFull.uasset" 365
"../../../Engine/Content/VREditor/TransformGizmo/RotationHandleFull.uexp" 366
"../../../Engine/Content/VREditor/TransformGizmo/RotationHandleIndicator.ubulk" 367
"../../../Engine/Content/VREditor/TransformGizmo/RotationHandleIndicator.uasset" 368
"../../../Engine/Content/VREditor/TransformGizmo/RotationHandleIndicator.uexp" 369
"../../../Engine/Content/VREditor/TransformGizmo/RotationHandleQuarter.ubulk" 370
"../../../Engine/Content/VREditor/TransformGizmo/RotationHandleQuarter.uasset" 371
"../../../Engine/Content/VREditor/TransformGizmo/RotationHandleQuarter.uexp" 372
"../../../Engine/Content/VREditor/TransformGizmo/StartRotationHandleIndicator.ubulk" 373
"../../../Engine/Content/VREditor/TransformGizmo/StartRotationHandleIndicator.uasset" 374
"../../../Engine/Content/VREditor/TransformGizmo/StartRotationHandleIndicator.uexp" 375
"../../../Engine/Content/VREditor/TransformGizmo/TranslucentTransformGizmoMaterial_Inst.uasset" 376
"../../../Engine/Content/VREditor/TransformGizmo/TranslucentTransformGizmoMaterial_Inst.uexp" 377
"../../../Engine/Content/VREditor/TransformGizmo/TransformGizmoFreeRotation.ubulk" 378
"../../../Engine/Content/VREditor/TransformGizmo/TransformGizmoFreeRotation.uasset" 379
"../../../Engine/Content/VREditor/TransformGizmo/TransformGizmoFreeRotation.uexp" 380
"../../../Engine/Content/VREditor/TransformGizmo/TransformGizmoMaterial_Inst.uasset" 381
"../../../Engine/Content/VREditor/TransformGizmo/TransformGizmoMaterial_Inst.uexp" 382
"../../../Engine/Content/VREditor/TransformGizmo/TranslateArrowHandle.ubulk" 383
"../../../Engine/Content/VREditor/TransformGizmo/TranslateArrowHandle.uasset" 384
"../../../Engine/Content/VREditor/TransformGizmo/TranslateArrowHandle.uexp" 385
"../../../Engine/Content/VREditor/TransformGizmo/UniformScaleHandle.ubulk" 386
"../../../Engine/Content/VREditor/TransformGizmo/UniformScaleHandle.uasset" 387
"../../../Engine/Content/VREditor/TransformGizmo/UniformScaleHandle.uexp" 388
"../../../Engine/Content/VREditor/Sounds/UI/Drop_Item_From_ContentBrowser.ubulk" 389
"../../../Engine/Content/VREditor/Sounds/UI/Drop_Item_From_ContentBrowser.uasset" 390
"../../../Engine/Content/VREditor/Sounds/UI/Drop_Item_From_ContentBrowser.uexp" 391
"../../../Engine/Content/VREditor/Sounds/UI/Gizmo_Handle_Clicked.ubulk" 392
"../../../Engine/Content/VREditor/Sounds/UI/Gizmo_Handle_Clicked.uasset" 393
"../../../Engine/Content/VREditor/Sounds/UI/Gizmo_Handle_Clicked.uexp" 394
"../../../Engine/Content/VREditor/Sounds/UI/Object_PickUp.ubulk" 395
"../../../Engine/Content/VREditor/Sounds/UI/Object_PickUp.uasset" 396
"../../../Engine/Content/VREditor/Sounds/UI/Object_PickUp.uexp" 397
"../../../Engine/Content/VREditor/Sounds/UI/Object_Snaps_To_Another_Actor.ubulk" 398
"../../../Engine/Content/VREditor/Sounds/UI/Object_Snaps_To_Another_Actor.uasset" 399
"../../../Engine/Content/VREditor/Sounds/UI/Object_Snaps_To_Another_Actor.uexp" 400
"../../../Engine/Content/VREditor/Sounds/UI/Object_Snaps_To_Grid.ubulk" 401
"../../../Engine/Content/VREditor/Sounds/UI/Object_Snaps_To_Grid.uasset" 402
"../../../Engine/Content/VREditor/Sounds/UI/Object_Snaps_To_Grid.uexp" 403
"../../../Engine/Content/VREditor/Sounds/UI/Scaling_Down.ubulk" 404
"../../../Engine/Content/VREditor/Sounds/UI/Scaling_Down.uasset" 405
"../../../Engine/Content/VREditor/Sounds/UI/Scaling_Down.uexp" 406
"../../../Engine/Content/VREditor/Sounds/UI/Scaling_Up.ubulk" 407
"../../../Engine/Content/VREditor/Sounds/UI/Scaling_Up.uasset" 408
"../../../Engine/Content/VREditor/Sounds/UI/Scaling_Up.uexp" 409
"../../../Engine/Content/VREditor/Sounds/UI/Selection_Changes.ubulk" 410
"../../../Engine/Content/VREditor/Sounds/UI/Selection_Changes.uasset" 411
"../../../Engine/Content/VREditor/Sounds/UI/Selection_Changes.uexp" 412
"../../../Engine/Plugins/Animation/ControlRig/Content/Controls/ControlRig_Hexagon_1mm.ubulk" 413
"../../../Engine/Plugins/Animation/ControlRig/Content/Controls/ControlRig_Hexagon_1mm.uasset" 414
"../../../Engine/Plugins/Animation/ControlRig/Content/Controls/ControlRig_Hexagon_1mm.uexp" 415
"../../../Engine/Plugins/Animation/ControlRig/Content/Controls/ControlRig_Hexagon_3mm.ubulk" 416
"../../../Engine/Plugins/Animation/ControlRig/Content/Controls/ControlRig_Hexagon_3mm.uasset" 417
"../../../Engine/Plugins/Animation/ControlRig/Content/Controls/ControlRig_Hexagon_3mm.uexp" 418
"../../../Engine/Plugins/Animation/ControlRig/Content/Controls/ControlRig_Hexagon_solid.ubulk" 419
"../../../Engine/Plugins/Animation/ControlRig/Content/Controls/ControlRig_Hexagon_solid.uasset" 420
"../../../Engine/Plugins/Animation/ControlRig/Content/Controls/ControlRig_Hexagon_solid.uexp" 421
"../../../Engine/Plugins/Animation/ControlRig/Content/Controls/ControlRigGizmoMaterial.uasset" 422
"../../../Engine/Plugins/Animation/ControlRig/Content/Controls/ControlRigGizmoMaterial.uexp" 423
"../../../Engine/Plugins/Animation/ControlRig/Content/Controls/ControlRigXRayMaterial.uasset" 424
"../../../Engine/Plugins/Animation/ControlRig/Content/Controls/ControlRigXRayMaterial.uexp" 425
"../../../Engine/Content/EditorResources/S_Terrain.ubulk" 426
"../../../Engine/Content/EditorResources/S_Terrain.uasset" 427
"../../../Engine/Content/EditorResources/S_Terrain.uexp" 428
"../../../Engine/Plugins/Animation/ControlRig/Content/Controls/ControlRig_Arrow2_1mm.ubulk" 429
"../../../Engine/Plugins/Animation/ControlRig/Content/Controls/ControlRig_Arrow2_1mm.uasset" 430
"../../../Engine/Plugins/Animation/ControlRig/Content/Controls/ControlRig_Arrow2_1mm.uexp" 431
"../../../Engine/Plugins/Animation/ControlRig/Content/Controls/ControlRig_Octagon_1mm.ubulk" 432
"../../../Engine/Plugins/Animation/ControlRig/Content/Controls/ControlRig_Octagon_1mm.uasset" 433
"../../../Engine/Plugins/Animation/ControlRig/Content/Controls/ControlRig_Octagon_1mm.uexp" 434
"../../../Engine/Plugins/Animation/ControlRig/Content/Controls/ControlRig_Arrow2_3mm.ubulk" 435
"../../../Engine/Plugins/Animation/ControlRig/Content/Controls/ControlRig_Arrow2_3mm.uasset" 436
"../../../Engine/Plugins/Animation/ControlRig/Content/Controls/ControlRig_Arrow2_3mm.uexp" 437
"../../../Engine/Plugins/Animation/ControlRig/Content/Controls/ControlRig_Octagon_3mm.ubulk" 438
"../../../Engine/Plugins/Animation/ControlRig/Content/Controls/ControlRig_Octagon_3mm.uasset" 439
"../../../Engine/Plugins/Animation/ControlRig/Content/Controls/ControlRig_Octagon_3mm.uexp" 440
"../../../Engine/Plugins/Animation/ControlRig/Content/Controls/ControlRig_Octagon_solid.ubulk" 441
"../../../Engine/Plugins/Animation/ControlRig/Content/Controls/ControlRig_Octagon_solid.uasset" 442
"../../../Engine/Plugins/Animation/ControlRig/Content/Controls/ControlRig_Octagon_solid.uexp" 443
"../../../Engine/Plugins/Animation/ControlRig/Content/Controls/ControlRig_Pyramid_1mm.ubulk" 444
"../../../Engine/Plugins/Animation/ControlRig/Content/Controls/ControlRig_Pyramid_1mm.uasset" 445
"../../../Engine/Plugins/Animation/ControlRig/Content/Controls/ControlRig_Pyramid_1mm.uexp" 446
"../../../Engine/Plugins/Animation/ControlRig/Content/Controls/ControlRig_Arrow2_solid.ubulk" 447
"../../../Engine/Plugins/Animation/ControlRig/Content/Controls/ControlRig_Arrow2_solid.uasset" 448
"../../../Engine/Plugins/Animation/ControlRig/Content/Controls/ControlRig_Arrow2_solid.uexp" 449
"../../../Engine/Content/EditorResources/S_Trigger.ubulk" 450
"../../../Engine/Content/EditorResources/S_Trigger.uasset" 451
"../../../Engine/Content/EditorResources/S_Trigger.uexp" 452
"../../../Engine/Plugins/Animation/ControlRig/Content/Controls/ControlRig_Pyramid_3mm.ubulk" 453
"../../../Engine/Plugins/Animation/ControlRig/Content/Controls/ControlRig_Pyramid_3mm.uasset" 454
"../../../Engine/Plugins/Animation/ControlRig/Content/Controls/ControlRig_Pyramid_3mm.uexp" 455
"../../../Engine/Plugins/Animation/ControlRig/Content/Controls/ControlRig_Arrow4_1mm.ubulk" 456
"../../../Engine/Plugins/Animation/ControlRig/Content/Controls/ControlRig_Arrow4_1mm.uasset" 457
"../../../Engine/Plugins/Animation/ControlRig/Content/Controls/ControlRig_Arrow4_1mm.uexp" 458
"../../../Engine/Content/EditorResources/S_TriggerBox.uasset" 459
"../../../Engine/Content/EditorResources/S_TriggerBox.uexp" 460
"../../../Engine/Plugins/Animation/ControlRig/Content/Controls/ControlRig_Pyramid_solid.ubulk" 461
"../../../Engine/Plugins/Animation/ControlRig/Content/Controls/ControlRig_Pyramid_solid.uasset" 462
"../../../Engine/Plugins/Animation/ControlRig/Content/Controls/ControlRig_Pyramid_solid.uexp" 463
"../../../Engine/Plugins/Animation/ControlRig/Content/Controls/ControlRig_Arrow4_3mm.ubulk" 464
"../../../Engine/Plugins/Animation/ControlRig/Content/Controls/ControlRig_Arrow4_3mm.uasset" 465
"../../../Engine/Plugins/Animation/ControlRig/Content/Controls/ControlRig_Arrow4_3mm.uexp" 466
"../../../Engine/Plugins/Animation/ControlRig/Content/Controls/ControlRig_QuarterCircle_1mm.ubulk" 467
"../../../Engine/Plugins/Animation/ControlRig/Content/Controls/ControlRig_QuarterCircle_1mm.uasset" 468
"../../../Engine/Plugins/Animation/ControlRig/Content/Controls/ControlRig_QuarterCircle_1mm.uexp" 469
"../../../Engine/Plugins/Animation/ControlRig/Content/Controls/ControlRig_Arrow4_solid.ubulk" 470
"../../../Engine/Plugins/Animation/ControlRig/Content/Controls/ControlRig_Arrow4_solid.uasset" 471
"../../../Engine/Plugins/Animation/ControlRig/Content/Controls/ControlRig_Arrow4_solid.uexp" 472
"../../../Engine/Plugins/Animation/ControlRig/Content/Controls/ControlRig_QuarterCircle_3mm.ubulk" 473
"../../../Engine/Plugins/Animation/ControlRig/Content/Controls/ControlRig_QuarterCircle_3mm.uasset" 474
"../../../Engine/Plugins/Animation/ControlRig/Content/Controls/ControlRig_QuarterCircle_3mm.uexp" 475
"../../../Engine/Plugins/Animation/ControlRig/Content/Controls/ControlRig_Arrow_1mm.ubulk" 476
"../../../Engine/Plugins/Animation/ControlRig/Content/Controls/ControlRig_Arrow_1mm.uasset" 477
"../../../Engine/Plugins/Animation/ControlRig/Content/Controls/ControlRig_Arrow_1mm.uexp" 478
"../../../Engine/Plugins/Animation/ControlRig/Content/Controls/ControlRig_QuarterCircle_solid.ubulk" 479
"../../../Engine/Plugins/Animation/ControlRig/Content/Controls/ControlRig_QuarterCircle_solid.uasset" 480
"../../../Engine/Plugins/Animation/ControlRig/Content/Controls/ControlRig_QuarterCircle_solid.uexp" 481
"../../../Engine/Plugins/Animation/DeformerGraph/Content/DeformerFunctions/DG_Function_LinearBlendSkin_Morph_Cloth.uasset" 482
"../../../Engine/Plugins/Animation/DeformerGraph/Content/DeformerFunctions/DG_Function_LinearBlendSkin_Morph_Cloth.uexp" 483
"../../../Engine/Plugins/Animation/DeformerGraph/Content/Deformers/DG_LinearBlendSkin_Morph_Cloth.uasset" 484
"../../../Engine/Plugins/Animation/DeformerGraph/Content/Deformers/DG_LinearBlendSkin_Morph_Cloth.uexp" 485
"../../../Engine/Plugins/Animation/DeformerGraph/Content/DeformerFunctions/DG_Function_ComputeNormalsTangents.uasset" 486
"../../../Engine/Plugins/Animation/DeformerGraph/Content/DeformerFunctions/DG_Function_ComputeNormalsTangents.uexp" 487
"../../../Engine/Plugins/Animation/DeformerGraph/Content/DeformerFunctions/DG_Function_LinearBlendSkin_Morph_Cloth_PositionOnly.uasset" 488
"../../../Engine/Plugins/Animation/DeformerGraph/Content/DeformerFunctions/DG_Function_LinearBlendSkin_Morph_Cloth_PositionOnly.uexp" 489
"../../../Engine/Plugins/Animation/DeformerGraph/Content/Deformers/DG_LinearBlendSkin_Morph_Cloth_RecomputeNormals.uasset" 490
"../../../Engine/Plugins/Animation/DeformerGraph/Content/Deformers/DG_LinearBlendSkin_Morph_Cloth_RecomputeNormals.uexp" 491
"../../../Engine/Plugins/Animation/ControlRig/Content/Controls/ControlRig_Arrow_3mm.ubulk" 492
"../../../Engine/Plugins/Animation/ControlRig/Content/Controls/ControlRig_Arrow_3mm.uasset" 493
"../../../Engine/Plugins/Animation/ControlRig/Content/Controls/ControlRig_Arrow_3mm.uexp" 494
"../../../Engine/Plugins/Animation/ControlRig/Content/Controls/ControlRig_RoundedSquare_1mm.ubulk" 495
"../../../Engine/Plugins/Animation/ControlRig/Content/Controls/ControlRig_RoundedSquare_1mm.uasset" 496
"../../../Engine/Plugins/Animation/ControlRig/Content/Controls/ControlRig_RoundedSquare_1mm.uexp" 497
"../../../Engine/Plugins/Animation/ControlRig/Content/Controls/ControlRig_Arrow_solid.ubulk" 498
"../../../Engine/Plugins/Animation/ControlRig/Content/Controls/ControlRig_Arrow_solid.uasset" 499
"../../../Engine/Plugins/Animation/ControlRig/Content/Controls/ControlRig_Arrow_solid.uexp" 500
"../../../Engine/Content/EditorResources/S_TriggerCapsule.uasset" 501
"../../../Engine/Content/EditorResources/S_TriggerCapsule.uexp" 502
"../../../Engine/Plugins/Animation/ControlRig/Content/Controls/ControlRig_RoundedSquare_3mm.ubulk" 503
"../../../Engine/Plugins/Animation/ControlRig/Content/Controls/ControlRig_RoundedSquare_3mm.uasset" 504
"../../../Engine/Plugins/Animation/ControlRig/Content/Controls/ControlRig_RoundedSquare_3mm.uexp" 505
"../../../Engine/Plugins/Animation/ControlRig/Content/Controls/ControlRig_Box_1mm.ubulk" 506
"../../../Engine/Plugins/Animation/ControlRig/Content/Controls/ControlRig_Box_1mm.uasset" 507
"../../../Engine/Plugins/Animation/ControlRig/Content/Controls/ControlRig_Box_1mm.uexp" 508
"../../../Engine/Content/EditorResources/S_TriggerSphere.uasset" 509
"../../../Engine/Content/EditorResources/S_TriggerSphere.uexp" 510
"../../../Engine/Plugins/Animation/ControlRig/Content/Controls/ControlRig_RoundedSquare_solid.ubulk" 511
"../../../Engine/Plugins/Animation/ControlRig/Content/Controls/ControlRig_RoundedSquare_solid.uasset" 512
"../../../Engine/Plugins/Animation/ControlRig/Content/Controls/ControlRig_RoundedSquare_solid.uexp" 513
"../../../Engine/Plugins/Animation/ControlRig/Content/Controls/ControlRig_RoundedTriangle_1mm.ubulk" 514
"../../../Engine/Plugins/Animation/ControlRig/Content/Controls/ControlRig_RoundedTriangle_1mm.uasset" 515
"../../../Engine/Plugins/Animation/ControlRig/Content/Controls/ControlRig_RoundedTriangle_1mm.uexp" 516
"../../../Engine/Plugins/Animation/ControlRig/Content/Controls/ControlRig_Box_3mm.ubulk" 517
"../../../Engine/Plugins/Animation/ControlRig/Content/Controls/ControlRig_Box_3mm.uasset" 518
"../../../Engine/Plugins/Animation/ControlRig/Content/Controls/ControlRig_Box_3mm.uexp" 519
"../../../Engine/Plugins/Animation/ControlRig/Content/Controls/ControlRig_RoundedTriangle_3mm.ubulk" 520
"../../../Engine/Plugins/Animation/ControlRig/Content/Controls/ControlRig_RoundedTriangle_3mm.uasset" 521
"../../../Engine/Plugins/Animation/ControlRig/Content/Controls/ControlRig_RoundedTriangle_3mm.uexp" 522
"../../../Engine/Plugins/Animation/ControlRig/Content/Controls/ControlRig_Box_solid.ubulk" 523
"../../../Engine/Plugins/Animation/ControlRig/Content/Controls/ControlRig_Box_solid.uasset" 524
"../../../Engine/Plugins/Animation/ControlRig/Content/Controls/ControlRig_Box_solid.uexp" 525
"../../../Engine/Plugins/Animation/ControlRig/Content/Controls/ControlRig_RoundedTriangle_solid.ubulk" 526
"../../../Engine/Plugins/Animation/ControlRig/Content/Controls/ControlRig_RoundedTriangle_solid.uasset" 527
"../../../Engine/Plugins/Animation/ControlRig/Content/Controls/ControlRig_RoundedTriangle_solid.uexp" 528
"../../../Engine/Plugins/Animation/ControlRig/Content/Controls/ControlRig_Sphere_1mm.ubulk" 529
"../../../Engine/Plugins/Animation/ControlRig/Content/Controls/ControlRig_Sphere_1mm.uasset" 530
"../../../Engine/Plugins/Animation/ControlRig/Content/Controls/ControlRig_Sphere_1mm.uexp" 531
"../../../Engine/Plugins/Animation/ControlRig/Content/Controls/ControlRig_Circle_1mm.ubulk" 532
"../../../Engine/Plugins/Animation/ControlRig/Content/Controls/ControlRig_Circle_1mm.uasset" 533
"../../../Engine/Plugins/Animation/ControlRig/Content/Controls/ControlRig_Circle_1mm.uexp" 534
"../../../Engine/Plugins/Animation/ControlRig/Content/Controls/ControlRig_Circle_3mm.ubulk" 535
"../../../Engine/Plugins/Animation/ControlRig/Content/Controls/ControlRig_Circle_3mm.uasset" 536
"../../../Engine/Plugins/Animation/ControlRig/Content/Controls/ControlRig_Circle_3mm.uexp" 537
"../../../Engine/Plugins/Animation/ControlRig/Content/Controls/ControlRig_Sphere_3mm.ubulk" 538
"../../../Engine/Plugins/Animation/ControlRig/Content/Controls/ControlRig_Sphere_3mm.uasset" 539
"../../../Engine/Plugins/Animation/ControlRig/Content/Controls/ControlRig_Sphere_3mm.uexp" 540
"../../../Engine/Plugins/Animation/ControlRig/Content/Controls/ControlRig_Sphere_solid.ubulk" 541
"../../../Engine/Plugins/Animation/ControlRig/Content/Controls/ControlRig_Sphere_solid.uasset" 542
"../../../Engine/Plugins/Animation/ControlRig/Content/Controls/ControlRig_Sphere_solid.uexp" 543
"../../../Engine/Plugins/Animation/ControlRig/Content/Controls/ControlRig_Diamond_1mm.ubulk" 544
"../../../Engine/Plugins/Animation/ControlRig/Content/Controls/ControlRig_Diamond_1mm.uasset" 545
"../../../Engine/Plugins/Animation/ControlRig/Content/Controls/ControlRig_Diamond_1mm.uexp" 546
"../../../Engine/Plugins/Animation/ControlRig/Content/Controls/ControlRig_Square_1mm.ubulk" 547
"../../../Engine/Plugins/Animation/ControlRig/Content/Controls/ControlRig_Square_1mm.uasset" 548
"../../../Engine/Plugins/Animation/ControlRig/Content/Controls/ControlRig_Square_1mm.uexp" 549
"../../../Engine/Plugins/Animation/ControlRig/Content/Controls/ControlRig_Square_3mm.ubulk" 550
"../../../Engine/Plugins/Animation/ControlRig/Content/Controls/ControlRig_Square_3mm.uasset" 551
"../../../Engine/Plugins/Animation/ControlRig/Content/Controls/ControlRig_Square_3mm.uexp" 552
"../../../Engine/Plugins/Animation/ControlRig/Content/Controls/ControlRig_Square_solid.ubulk" 553
"../../../Engine/Plugins/Animation/ControlRig/Content/Controls/ControlRig_Square_solid.uasset" 554
"../../../Engine/Plugins/Animation/ControlRig/Content/Controls/ControlRig_Square_solid.uexp" 555
"../../../Engine/Content/Functions/Engine_MaterialFunctions02/Utility/VectorLength.uasset" 556
"../../../Engine/Content/Functions/Engine_MaterialFunctions02/Utility/VectorLength.uexp" 557
"../../../Engine/Content/Functions/Engine_MaterialFunctions02/WorldPositionOffset/ObjectScale.uasset" 558
"../../../Engine/Content/Functions/Engine_MaterialFunctions02/WorldPositionOffset/ObjectScale.uexp" 559
"../../../Engine/Plugins/Editor/SpeedTreeImporter/Content/SpeedTree9/Empty.uasset" 560
"../../../Engine/Plugins/Editor/SpeedTreeImporter/Content/SpeedTree9/Empty.uexp" 561
"../../../Engine/Plugins/Editor/SpeedTreeImporter/Content/SpeedTree9/EmptyNormal.uasset" 562
"../../../Engine/Plugins/Editor/SpeedTreeImporter/Content/SpeedTree9/EmptyNormal.uexp" 563
"../../../Engine/Plugins/Editor/SpeedTreeImporter/Content/SpeedTree9/game_wind_noise.ubulk" 564
"../../../Engine/Plugins/Editor/SpeedTreeImporter/Content/SpeedTree9/game_wind_noise.uasset" 565
"../../../Engine/Plugins/Editor/SpeedTreeImporter/Content/SpeedTree9/game_wind_noise.uexp" 566
"../../../Engine/Plugins/Editor/SpeedTreeImporter/Content/SpeedTree9/SpeedTreeBillboard.uasset" 567
"../../../Engine/Plugins/Editor/SpeedTreeImporter/Content/SpeedTree9/SpeedTreeBillboard.uexp" 568
"../../../Engine/Content/Functions/Engine_MaterialFunctions02/SafeNormalize.uasset" 569
"../../../Engine/Content/Functions/Engine_MaterialFunctions02/SafeNormalize.uexp" 570
"../../../Engine/Plugins/Editor/SpeedTreeImporter/Content/SpeedTree9/SpeedTreeWindMotion.uasset" 571
"../../../Engine/Plugins/Editor/SpeedTreeImporter/Content/SpeedTree9/SpeedTreeWindMotion.uexp" 572
"../../../Engine/Plugins/Editor/SpeedTreeImporter/Content/SpeedTree9/UnpackDirection.uasset" 573
"../../../Engine/Plugins/Editor/SpeedTreeImporter/Content/SpeedTree9/UnpackDirection.uexp" 574
"../../../Engine/Plugins/Editor/SpeedTreeImporter/Content/SpeedTree9/UnpackInteger3.uasset" 575
"../../../Engine/Plugins/Editor/SpeedTreeImporter/Content/SpeedTree9/UnpackInteger3.uexp" 576
"../../../Engine/Plugins/Editor/SpeedTreeImporter/Content/SpeedTree9/SpeedTreeBranchMotion.uasset" 577
"../../../Engine/Plugins/Editor/SpeedTreeImporter/Content/SpeedTree9/SpeedTreeBranchMotion.uexp" 578
"../../../Engine/Content/Functions/Engine_MaterialFunctions02/ObjectLocalBounds.uasset" 579
"../../../Engine/Content/Functions/Engine_MaterialFunctions02/ObjectLocalBounds.uexp" 580
"../../../Engine/Content/Functions/Engine_MaterialFunctions02/UVs/BoundingBoxBased_0-1_UVW.uasset" 581
"../../../Engine/Content/Functions/Engine_MaterialFunctions02/UVs/BoundingBoxBased_0-1_UVW.uexp" 582
"../../../Engine/Plugins/Editor/SpeedTreeImporter/Content/SpeedTree9/SpeedTreeWind.uasset" 583
"../../../Engine/Plugins/Editor/SpeedTreeImporter/Content/SpeedTree9/SpeedTreeWind.uexp" 584
"../../../Engine/Plugins/Editor/SpeedTreeImporter/Content/SpeedTree9/SpeedTreeBillboardMaster.uasset" 585
"../../../Engine/Plugins/Editor/SpeedTreeImporter/Content/SpeedTree9/SpeedTreeBillboardMaster.uexp" 586
"../../../Engine/Plugins/Animation/ControlRig/Content/Controls/ControlRig_Star4_1mm.ubulk" 587
"../../../Engine/Plugins/Animation/ControlRig/Content/Controls/ControlRig_Star4_1mm.uasset" 588
"../../../Engine/Plugins/Animation/ControlRig/Content/Controls/ControlRig_Star4_1mm.uexp" 589
"../../../Engine/Plugins/Editor/SpeedTreeImporter/Content/SpeedTree9/SpeedTreeCameraFacing.uasset" 590
"../../../Engine/Plugins/Editor/SpeedTreeImporter/Content/SpeedTree9/SpeedTreeCameraFacing.uexp" 591
"../../../Engine/Plugins/Editor/SpeedTreeImporter/Content/SpeedTree9/SpeedTreeMaster.uasset" 592
"../../../Engine/Plugins/Editor/SpeedTreeImporter/Content/SpeedTree9/SpeedTreeMaster.uexp" 593
"../../../Engine/Plugins/Animation/ControlRig/Content/Controls/ControlRig_Star4_3mm.ubulk" 594
"../../../Engine/Plugins/Animation/ControlRig/Content/Controls/ControlRig_Star4_3mm.uasset" 595
"../../../Engine/Plugins/Animation/ControlRig/Content/Controls/ControlRig_Star4_3mm.uexp" 596
"../../../Engine/Plugins/Animation/ControlRig/Content/Controls/ControlRig_Star4_solid.ubulk" 597
"../../../Engine/Plugins/Animation/ControlRig/Content/Controls/ControlRig_Star4_solid.uasset" 598
"../../../Engine/Plugins/Animation/ControlRig/Content/Controls/ControlRig_Star4_solid.uexp" 599
"../../../Engine/Plugins/Animation/ControlRig/Content/Controls/ControlRig_Triangle_1mm.ubulk" 600
"../../../Engine/Plugins/Animation/ControlRig/Content/Controls/ControlRig_Triangle_1mm.uasset" 601
"../../../Engine/Plugins/Animation/ControlRig/Content/Controls/ControlRig_Triangle_1mm.uexp" 602
"../../../Engine/Plugins/Animation/ControlRig/Content/Controls/ControlRig_Triangle_3mm.ubulk" 603
"../../../Engine/Plugins/Animation/ControlRig/Content/Controls/ControlRig_Triangle_3mm.uasset" 604
"../../../Engine/Plugins/Animation/ControlRig/Content/Controls/ControlRig_Triangle_3mm.uexp" 605
"../../../Engine/Plugins/Animation/ControlRig/Content/Controls/ControlRig_Triangle_solid.ubulk" 606
"../../../Engine/Plugins/Animation/ControlRig/Content/Controls/ControlRig_Triangle_solid.uasset" 607
"../../../Engine/Plugins/Animation/ControlRig/Content/Controls/ControlRig_Triangle_solid.uexp" 608
"../../../Engine/Plugins/Animation/ControlRig/Content/Controls/ControlRig_Wedge_1mm.ubulk" 609
"../../../Engine/Plugins/Animation/ControlRig/Content/Controls/ControlRig_Wedge_1mm.uasset" 610
"../../../Engine/Plugins/Animation/ControlRig/Content/Controls/ControlRig_Wedge_1mm.uexp" 611
"../../../Engine/Plugins/Animation/ControlRig/Content/Controls/ControlRig_Wedge_3mm.ubulk" 612
"../../../Engine/Plugins/Animation/ControlRig/Content/Controls/ControlRig_Wedge_3mm.uasset" 613
"../../../Engine/Plugins/Animation/ControlRig/Content/Controls/ControlRig_Wedge_3mm.uexp" 614
"../../../Engine/Plugins/Animation/ControlRig/Content/Controls/ControlRig_Wedge_solid.ubulk" 615
"../../../Engine/Plugins/Animation/ControlRig/Content/Controls/ControlRig_Wedge_solid.uasset" 616
"../../../Engine/Plugins/Animation/ControlRig/Content/Controls/ControlRig_Wedge_solid.uexp" 617
"../../../Engine/Content/EngineDamageTypes/DmgTypeBP_Environmental.uasset" 618
"../../../Engine/Content/EngineDamageTypes/DmgTypeBP_Environmental.uexp" 619
"../../../Engine/Content/Functions/Engine_MaterialFunctions02/Utility/FOV.uasset" 620
"../../../Engine/Content/Functions/Engine_MaterialFunctions02/Utility/FOV.uexp" 621
"../../../Engine/Content/Functions/Engine_MaterialFunctions02/WorldPositionOffset/V2/ObjectScale.uasset" 622
"../../../Engine/Content/Functions/Engine_MaterialFunctions02/WorldPositionOffset/V2/ObjectScale.uexp" 623
"../../../Engine/Plugins/Experimental/MeshModelingToolsetExp/Content/Materials/PointSetOverlaidComponentMaterial.uasset" 624
"../../../Engine/Plugins/Experimental/MeshModelingToolsetExp/Content/Materials/PointSetOverlaidComponentMaterial.uexp" 625
"../../../Engine/Plugins/Interchange/Assets/Content/Functions/MX_AbsorptionVDF.uasset" 626
"../../../Engine/Plugins/Interchange/Assets/Content/Functions/MX_AbsorptionVDF.uexp" 627
"../../../Engine/Plugins/Interchange/Assets/Content/Functions/MX_SheenBSDF.uasset" 628
"../../../Engine/Plugins/Interchange/Assets/Content/Functions/MX_SheenBSDF.uexp" 629
"../../../Engine/Plugins/Interchange/Assets/Content/Functions/MX_AnisotropicVDF.uasset" 630
"../../../Engine/Plugins/Interchange/Assets/Content/Functions/MX_AnisotropicVDF.uexp" 631
"../../../Engine/Plugins/Interchange/Assets/Content/Functions/MX_BurleyDiffuseBSDF.uasset" 632
"../../../Engine/Plugins/Interchange/Assets/Content/Functions/MX_BurleyDiffuseBSDF.uexp" 633
"../../../Engine/Plugins/Interchange/Assets/Content/Functions/MX_ChiangHairBSDF.uasset" 634
"../../../Engine/Plugins/Interchange/Assets/Content/Functions/MX_ChiangHairBSDF.uexp" 635
"../../../Engine/Plugins/Interchange/Assets/Content/Functions/MX_SubsurfaceBSDF.uasset" 636
"../../../Engine/Plugins/Interchange/Assets/Content/Functions/MX_SubsurfaceBSDF.uexp" 637
"../../../Engine/Plugins/Interchange/Assets/Content/Functions/MX_ConductorBSDF.uasset" 638
"../../../Engine/Plugins/Interchange/Assets/Content/Functions/MX_ConductorBSDF.uexp" 639
"../../../Engine/Plugins/Interchange/Assets/Content/Functions/MX_Surface.uasset" 640
"../../../Engine/Plugins/Interchange/Assets/Content/Functions/MX_Surface.uexp" 641
"../../../Engine/Plugins/Interchange/Assets/Content/Functions/MX_ConicalEDF.uasset" 642
"../../../Engine/Plugins/Interchange/Assets/Content/Functions/MX_ConicalEDF.uexp" 643
"../../../Engine/Plugins/Interchange/Assets/Content/Functions/MX_SurfaceUnlit.uasset" 644
"../../../Engine/Plugins/Interchange/Assets/Content/Functions/MX_SurfaceUnlit.uexp" 645
"../../../Engine/Plugins/Interchange/Assets/Content/Substrate/MX_SimpleVolume.uasset" 646
"../../../Engine/Plugins/Interchange/Assets/Content/Substrate/MX_SimpleVolume.uexp" 647
"../../../Engine/Plugins/Interchange/Assets/Content/Functions/MX_DielectricBSDF.uasset" 648
"../../../Engine/Plugins/Interchange/Assets/Content/Functions/MX_DielectricBSDF.uexp" 649
"../../../Engine/Plugins/Interchange/Assets/Content/Functions/MX_Displacement.uasset" 650
"../../../Engine/Plugins/Interchange/Assets/Content/Functions/MX_Displacement.uexp" 651
"../../../Engine/Plugins/Interchange/Assets/Content/Functions/MX_TranslucentBSDF.uasset" 652
"../../../Engine/Plugins/Interchange/Assets/Content/Functions/MX_TranslucentBSDF.uexp" 653
"../../../Engine/Plugins/Interchange/Assets/Content/Functions/MX_GeneralizedSchlickBSDF.uasset" 654
"../../../Engine/Plugins/Interchange/Assets/Content/Functions/MX_GeneralizedSchlickBSDF.uexp" 655
"../../../Engine/Plugins/Interchange/Assets/Content/Functions/MX_UniformEDF.uasset" 656
"../../../Engine/Plugins/Interchange/Assets/Content/Functions/MX_UniformEDF.uexp" 657
"../../../Engine/Plugins/Interchange/Assets/Content/Functions/MX_UsdPreviewSurface.uasset" 658
"../../../Engine/Plugins/Interchange/Assets/Content/Functions/MX_UsdPreviewSurface.uexp" 659
"../../../Engine/Plugins/Interchange/Assets/Content/Functions/MX_MeasuredEDF.uasset" 660
"../../../Engine/Plugins/Interchange/Assets/Content/Functions/MX_MeasuredEDF.uexp" 661
"../../../Engine/Plugins/Interchange/Assets/Content/Functions/MF_IridescenceNoLUT.uasset" 662
"../../../Engine/Plugins/Interchange/Assets/Content/Functions/MF_IridescenceNoLUT.uexp" 663
"../../../Engine/Plugins/Interchange/Assets/Content/Functions/MX_StandardSurface.uasset" 664
"../../../Engine/Plugins/Interchange/Assets/Content/Functions/MX_StandardSurface.uexp" 665
"../../../Engine/Plugins/Interchange/Assets/Content/Functions/MX_OpenPBR_Opaque.uasset" 666
"../../../Engine/Plugins/Interchange/Assets/Content/Functions/MX_OpenPBR_Opaque.uexp" 667
"../../../Engine/Plugins/Interchange/Assets/Content/Functions/MX_TransmissionSurface.uasset" 668
"../../../Engine/Plugins/Interchange/Assets/Content/Functions/MX_TransmissionSurface.uexp" 669
"../../../Engine/Plugins/Interchange/Assets/Content/Functions/MX_OpenPBR_Translucent.uasset" 670
"../../../Engine/Plugins/Interchange/Assets/Content/Functions/MX_OpenPBR_Translucent.uexp" 671
"../../../Engine/Plugins/Interchange/Assets/Content/Functions/MX_OrenNayarBSDF.uasset" 672
"../../../Engine/Plugins/Interchange/Assets/Content/Functions/MX_OrenNayarBSDF.uexp" 673
"../../../Engine/Plugins/Runtime/AudioWidgets/Content/Resources/ScrubHandleDown_Clamped.uasset" 674
"../../../Engine/Plugins/Runtime/AudioWidgets/Content/Resources/ScrubHandleDown_Clamped.uexp" 675
"../../../Engine/Content/EditorMaterials/Dataflow/DataflowTwoSidedVertexMaterial.uasset" 676
"../../../Engine/Content/EditorMaterials/Dataflow/DataflowTwoSidedVertexMaterial.uexp" 677
"../../../Engine/Content/EditorMaterials/Dataflow/DataflowVertexMaterial.uasset" 678
"../../../Engine/Content/EditorMaterials/Dataflow/DataflowVertexMaterial.uexp" 679
"../../../Engine/Plugins/Runtime/HairStrands/Content/Materials/HairCardsDefaultMaterial.uasset" 680
"../../../Engine/Plugins/Runtime/HairStrands/Content/Materials/HairCardsDefaultMaterial.uexp" 681
"../../../Engine/Content/EditorMaterials/ParticleSystems/PSysThumbnail_NoImage.ubulk" 682
"../../../Engine/Content/EditorMaterials/ParticleSystems/PSysThumbnail_NoImage.uasset" 683
"../../../Engine/Content/EditorMaterials/ParticleSystems/PSysThumbnail_NoImage.uexp" 684
"../../../Engine/Content/Functions/Engine_MaterialFunctions02/Utility/MakeFloat2.uasset" 685
"../../../Engine/Content/Functions/Engine_MaterialFunctions02/Utility/MakeFloat2.uexp" 686
"../../../Engine/Content/EngineMaterials/HairColorMap.uasset" 687
"../../../Engine/Content/EngineMaterials/HairColorMap.uexp" 688
"../../../Engine/Content/EngineMaterials/HairDebugColor.uasset" 689
"../../../Engine/Content/EngineMaterials/HairDebugColor.uexp" 690
"../../../Engine/Plugins/Runtime/HairStrands/Content/Materials/HairGroupColors.uasset" 691
"../../../Engine/Plugins/Runtime/HairStrands/Content/Materials/HairGroupColors.uexp" 692
"../../../Engine/Plugins/Runtime/HairStrands/Content/Materials/HairDebugMaterial.uasset" 693
"../../../Engine/Plugins/Runtime/HairStrands/Content/Materials/HairDebugMaterial.uexp" 694
"../../../Engine/Content/EditorMaterials/ParticleSystems/PSysThumbnail_OOD.ubulk" 695
"../../../Engine/Content/EditorMaterials/ParticleSystems/PSysThumbnail_OOD.uasset" 696
"../../../Engine/Content/EditorMaterials/ParticleSystems/PSysThumbnail_OOD.uexp" 697
"../../../Engine/Plugins/Runtime/HairStrands/Content/Materials/HairDefaultMaterial.uasset" 698
"../../../Engine/Plugins/Runtime/HairStrands/Content/Materials/HairDefaultMaterial.uexp" 699
"../../../Engine/Plugins/Runtime/HairStrands/Content/Materials/HairMeshesDefaultMaterial.uasset" 700
"../../../Engine/Plugins/Runtime/HairStrands/Content/Materials/HairMeshesDefaultMaterial.uexp" 701
"../../../Engine/Content/EngineMaterials/EnergyConservation/Diffuse_Energy.uasset" 702
"../../../Engine/Content/EngineMaterials/EnergyConservation/Diffuse_Energy.uexp" 703
"../../../Engine/Content/EngineMaterials/EnergyConservation/GGX_ReflectionEnergy.uasset" 704
"../../../Engine/Content/EngineMaterials/EnergyConservation/GGX_ReflectionEnergy.uexp" 705
"../../../Engine/Content/EditorMaterials/Camera/CineMat.uasset" 706
"../../../Engine/Content/EditorMaterials/Camera/CineMat.uexp" 707
"../../../Engine/Content/EditorMaterials/Camera/MI_CineMat_Rig.uasset" 708
"../../../Engine/Content/EditorMaterials/Camera/MI_CineMat_Rig.uexp" 709
"../../../Engine/Content/EditorMeshes/Camera/SM_CraneRig_Arm.ubulk" 710
"../../../Engine/Content/EditorMeshes/Camera/SM_CraneRig_Arm.uasset" 711
"../../../Engine/Content/EditorMeshes/Camera/SM_CraneRig_Arm.uexp" 712
"../../../Engine/Content/EditorMeshes/Camera/SM_CraneRig_Base.ubulk" 713
"../../../Engine/Content/EditorMeshes/Camera/SM_CraneRig_Base.uasset" 714
"../../../Engine/Content/EditorMeshes/Camera/SM_CraneRig_Base.uexp" 715
"../../../Engine/Content/EditorMeshes/Camera/SM_CraneRig_Body.ubulk" 716
"../../../Engine/Content/EditorMeshes/Camera/SM_CraneRig_Body.uasset" 717
"../../../Engine/Content/EditorMeshes/Camera/SM_CraneRig_Body.uexp" 718
"../../../Engine/Content/EditorMeshes/Camera/SM_CraneRig_Mount.ubulk" 719
"../../../Engine/Content/EditorMeshes/Camera/SM_CraneRig_Mount.uasset" 720
"../../../Engine/Content/EditorMeshes/Camera/SM_CraneRig_Mount.uexp" 721
"../../../Engine/Content/EngineMaterials/EnergyConservation/GGX_TransmissionEnergyArray.uasset" 722
"../../../Engine/Content/EngineMaterials/EnergyConservation/GGX_TransmissionEnergyArray.uexp" 723
"../../../Engine/Content/EditorMeshes/Camera/SM_RailRig_Mount.ubulk" 724
"../../../Engine/Content/EditorMeshes/Camera/SM_RailRig_Mount.uasset" 725
"../../../Engine/Content/EditorMeshes/Camera/SM_RailRig_Mount.uexp" 726
"../../../Engine/Content/EditorMeshes/Camera/SM_RailRig_Track.ubulk" 727
"../../../Engine/Content/EditorMeshes/Camera/SM_RailRig_Track.uasset" 728
"../../../Engine/Content/EditorMeshes/Camera/SM_RailRig_Track.uexp" 729
"../../../Engine/Content/EngineMaterials/EnergyConservation/SheenLegacy_Energy.uasset" 730
"../../../Engine/Content/EngineMaterials/EnergyConservation/SheenLegacy_Energy.uexp" 731
"../../../Engine/Content/EngineMaterials/EnergyConservation/Sheen_Energy.uasset" 732
"../../../Engine/Content/EngineMaterials/EnergyConservation/Sheen_Energy.uexp" 733
"../../../Engine/Content/EditorResources/SequenceRecorder/Countdown.uasset" 734
"../../../Engine/Content/EditorResources/SequenceRecorder/Countdown.uexp" 735
"../../../Engine/Content/EditorResources/SequenceRecorder/RecordingIndicator.uasset" 736
"../../../Engine/Content/EditorResources/SequenceRecorder/RecordingIndicator.uexp" 737
"../../../Engine/Content/EngineMaterials/LTC/GGX_LTCAmp.uasset" 738
"../../../Engine/Content/EngineMaterials/LTC/GGX_LTCAmp.uexp" 739
"../../../Engine/Content/EngineMaterials/LTC/GGX_LTCMat.uasset" 740
"../../../Engine/Content/EngineMaterials/LTC/GGX_LTCMat.uexp" 741
"../../../Engine/Content/EngineMaterials/LTC/Sheen_LTC.uasset" 742
"../../../Engine/Content/EngineMaterials/LTC/Sheen_LTC.uexp" 743
"../../../Engine/Content/EngineResources/Development/ZenLogo_64.uasset" 744
"../../../Engine/Content/EngineResources/Development/ZenLogo_64.uexp" 745
"../../../Engine/Content/EngineResources/FilmGrains/Marcie_Grain_v3_128_M2_000.uasset" 746
"../../../Engine/Content/EngineResources/FilmGrains/Marcie_Grain_v3_128_M2_000.uexp" 747
"../../../Engine/Content/VREditor/TransformGizmo/BoundingBoxCorner.ubulk" 748
"../../../Engine/Content/VREditor/TransformGizmo/BoundingBoxCorner.uasset" 749
"../../../Engine/Content/VREditor/TransformGizmo/BoundingBoxCorner.uexp" 750
"../../../Engine/Content/VREditor/TransformGizmo/BoundingBoxEdge.ubulk" 751
"../../../Engine/Content/VREditor/TransformGizmo/BoundingBoxEdge.uasset" 752
"../../../Engine/Content/VREditor/TransformGizmo/BoundingBoxEdge.uexp" 753
"../../../Engine/Content/Functions/Engine_MaterialFunctions01/Texturing/FlattenNormal.uasset" 754
"../../../Engine/Content/Functions/Engine_MaterialFunctions01/Texturing/FlattenNormal.uexp" 755
"../../../Engine/Plugins/Interchange/Assets/Content/Utilities/New_LUT.uasset" 756
"../../../Engine/Plugins/Interchange/Assets/Content/Utilities/New_LUT.uexp" 757
"../../../Engine/Content/Functions/Engine_MaterialFunctions03/Math/RemapValueRange.uasset" 758
"../../../Engine/Content/Functions/Engine_MaterialFunctions03/Math/RemapValueRange.uexp" 759
"../../../Engine/Plugins/Interchange/Assets/Content/Functions/MF_Iridescence.uasset" 760
"../../../Engine/Plugins/Interchange/Assets/Content/Functions/MF_Iridescence.uexp" 761
"../../../Engine/Plugins/Interchange/Assets/Content/gltf/Textures/T_White_srgb.uasset" 762
"../../../Engine/Plugins/Interchange/Assets/Content/gltf/Textures/T_White_srgb.uexp" 763
"../../../Engine/Plugins/Interchange/Assets/Content/gltf/MaterialFunctions/MF_BaseColor.uasset" 764
"../../../Engine/Plugins/Interchange/Assets/Content/gltf/MaterialFunctions/MF_BaseColor.uexp" 765
"../../../Engine/Plugins/Interchange/Assets/Content/gltf/MaterialFunctions/MF_RotateNormals_TS.uasset" 766
"../../../Engine/Plugins/Interchange/Assets/Content/gltf/MaterialFunctions/MF_RotateNormals_TS.uexp" 767
"../../../Engine/Plugins/Interchange/Assets/Content/gltf/Textures/T_Generic_N.uasset" 768
"../../../Engine/Plugins/Interchange/Assets/Content/gltf/Textures/T_Generic_N.uexp" 769
"../../../Engine/Plugins/Interchange/Assets/Content/gltf/Textures/T_White_Linear.uasset" 770
"../../../Engine/Plugins/Interchange/Assets/Content/gltf/Textures/T_White_Linear.uexp" 771
"../../../Engine/Plugins/Interchange/Assets/Content/gltf/MaterialFunctions/MF_Clearcoat.uasset" 772
"../../../Engine/Plugins/Interchange/Assets/Content/gltf/MaterialFunctions/MF_Clearcoat.uexp" 773
"../../../Engine/Plugins/Interchange/Assets/Content/gltf/MaterialFunctions/MF_Emissive.uasset" 774
"../../../Engine/Plugins/Interchange/Assets/Content/gltf/MaterialFunctions/MF_Emissive.uexp" 775
"../../../Engine/Plugins/Interchange/Assets/Content/gltf/MaterialFunctions/MF_IOR.uasset" 776
"../../../Engine/Plugins/Interchange/Assets/Content/gltf/MaterialFunctions/MF_IOR.uexp" 777
"../../../Engine/Plugins/Interchange/Assets/Content/gltf/MaterialFunctions/MF_Iridescence.uasset" 778
"../../../Engine/Plugins/Interchange/Assets/Content/gltf/MaterialFunctions/MF_Iridescence.uexp" 779
"../../../Engine/Plugins/Interchange/Assets/Content/gltf/MaterialFunctions/MF_MetallicRoughness.uasset" 780
"../../../Engine/Plugins/Interchange/Assets/Content/gltf/MaterialFunctions/MF_MetallicRoughness.uexp" 781
"../../../Engine/Plugins/Interchange/Assets/Content/gltf/MaterialFunctions/MF_ScaleNormal.uasset" 782
"../../../Engine/Plugins/Interchange/Assets/Content/gltf/MaterialFunctions/MF_ScaleNormal.uexp" 783
"../../../Engine/Plugins/Interchange/Assets/Content/gltf/MaterialFunctions/MF_Normals.uasset" 784
"../../../Engine/Plugins/Interchange/Assets/Content/gltf/MaterialFunctions/MF_Normals.uexp" 785
"../../../Engine/Plugins/Interchange/Assets/Content/gltf/MaterialFunctions/MF_Occlusion.uasset" 786
"../../../Engine/Plugins/Interchange/Assets/Content/gltf/MaterialFunctions/MF_Occlusion.uexp" 787
"../../../Engine/Plugins/Interchange/Assets/Content/gltf/MaterialFunctions/MF_Specular.uasset" 788
"../../../Engine/Plugins/Interchange/Assets/Content/gltf/MaterialFunctions/MF_Specular.uexp" 789
"../../../Engine/Plugins/Interchange/Assets/Content/gltf/Textures/T_Anisotropy_Direction_Linear.uasset" 790
"../../../Engine/Plugins/Interchange/Assets/Content/gltf/Textures/T_Anisotropy_Direction_Linear.uexp" 791
"../../../Engine/Plugins/Interchange/Assets/Content/gltf/MaterialFunctions/MF_SpecularAnisotropy.uasset" 792
"../../../Engine/Plugins/Interchange/Assets/Content/gltf/MaterialFunctions/MF_SpecularAnisotropy.uexp" 793
"../../../Engine/Plugins/Interchange/Assets/Content/gltf/MaterialFunctions/MF_RotateV2.uasset" 794
"../../../Engine/Plugins/Interchange/Assets/Content/gltf/MaterialFunctions/MF_RotateV2.uexp" 795
"../../../Engine/Plugins/Interchange/Assets/Content/gltf/MaterialFunctions/MF_TransformUVs.uasset" 796
"../../../Engine/Plugins/Interchange/Assets/Content/gltf/MaterialFunctions/MF_TransformUVs.uexp" 797
"../../../Engine/Plugins/Interchange/Assets/Content/gltf/MaterialBodies/MF_ClearCoat_Body.uasset" 798
"../../../Engine/Plugins/Interchange/Assets/Content/gltf/MaterialBodies/MF_ClearCoat_Body.uexp" 799
"../../../Engine/Plugins/Interchange/Assets/Content/gltf/M_ClearCoat.uasset" 800
"../../../Engine/Plugins/Interchange/Assets/Content/gltf/M_ClearCoat.uexp" 801
"../../../Engine/Plugins/Interchange/Assets/Content/gltf/MaterialInstances/MI_ClearCoat_Blend.uasset" 802
"../../../Engine/Plugins/Interchange/Assets/Content/gltf/MaterialInstances/MI_ClearCoat_Blend.uexp" 803
"../../../Engine/Plugins/Interchange/Assets/Content/gltf/MaterialInstances/MI_ClearCoat_Blend_DS.uasset" 804
"../../../Engine/Plugins/Interchange/Assets/Content/gltf/MaterialInstances/MI_ClearCoat_Blend_DS.uexp" 805
"../../../Engine/Plugins/Interchange/Assets/Content/gltf/MaterialInstances/MI_ClearCoat_Mask.uasset" 806
"../../../Engine/Plugins/Interchange/Assets/Content/gltf/MaterialInstances/MI_ClearCoat_Mask.uexp" 807
"../../../Engine/Plugins/Interchange/Assets/Content/gltf/MaterialInstances/MI_ClearCoat_Mask_DS.uasset" 808
"../../../Engine/Plugins/Interchange/Assets/Content/gltf/MaterialInstances/MI_ClearCoat_Mask_DS.uexp" 809
"../../../Engine/Plugins/Interchange/Assets/Content/gltf/MaterialInstances/MI_ClearCoat_Opaque.uasset" 810
"../../../Engine/Plugins/Interchange/Assets/Content/gltf/MaterialInstances/MI_ClearCoat_Opaque.uexp" 811
"../../../Engine/Plugins/Interchange/Assets/Content/gltf/MaterialInstances/MI_ClearCoat_Opaque_DS.uasset" 812
"../../../Engine/Plugins/Interchange/Assets/Content/gltf/MaterialInstances/MI_ClearCoat_Opaque_DS.uexp" 813
"../../../Engine/Plugins/Interchange/Assets/Content/gltf/MaterialBodies/MF_Default_Body.uasset" 814
"../../../Engine/Plugins/Interchange/Assets/Content/gltf/MaterialBodies/MF_Default_Body.uexp" 815
"../../../Engine/Plugins/Interchange/Assets/Content/gltf/M_Default.uasset" 816
"../../../Engine/Plugins/Interchange/Assets/Content/gltf/M_Default.uexp" 817
"../../../Engine/Plugins/Interchange/Assets/Content/gltf/MaterialInstances/MI_Default_Blend.uasset" 818
"../../../Engine/Plugins/Interchange/Assets/Content/gltf/MaterialInstances/MI_Default_Blend.uexp" 819
"../../../Engine/Plugins/Interchange/Assets/Content/gltf/MaterialInstances/MI_Default_Blend_DS.uasset" 820
"../../../Engine/Plugins/Interchange/Assets/Content/gltf/MaterialInstances/MI_Default_Blend_DS.uexp" 821
"../../../Engine/Plugins/Interchange/Assets/Content/gltf/MaterialInstances/MI_Default_Mask.uasset" 822
"../../../Engine/Plugins/Interchange/Assets/Content/gltf/MaterialInstances/MI_Default_Mask.uexp" 823
"../../../Engine/Plugins/Interchange/Assets/Content/gltf/MaterialInstances/MI_Default_Mask_DS.uasset" 824
"../../../Engine/Plugins/Interchange/Assets/Content/gltf/MaterialInstances/MI_Default_Mask_DS.uexp" 825
"../../../Engine/Plugins/Interchange/Assets/Content/gltf/MaterialInstances/MI_Default_Opaque.uasset" 826
"../../../Engine/Plugins/Interchange/Assets/Content/gltf/MaterialInstances/MI_Default_Opaque.uexp" 827
"../../../Engine/Plugins/Interchange/Assets/Content/gltf/MaterialInstances/MI_Default_Opaque_DS.uasset" 828
"../../../Engine/Plugins/Interchange/Assets/Content/gltf/MaterialInstances/MI_Default_Opaque_DS.uexp" 829
"../../../Engine/Plugins/Interchange/Assets/Content/gltf/MaterialFunctions/MF_Sheen.uasset" 830
"../../../Engine/Plugins/Interchange/Assets/Content/gltf/MaterialFunctions/MF_Sheen.uexp" 831
"../../../Engine/Plugins/Interchange/Assets/Content/gltf/MaterialBodies/MF_Sheen_Body.uasset" 832
"../../../Engine/Plugins/Interchange/Assets/Content/gltf/MaterialBodies/MF_Sheen_Body.uexp" 833
"../../../Engine/Plugins/Interchange/Assets/Content/gltf/M_Sheen.uasset" 834
"../../../Engine/Plugins/Interchange/Assets/Content/gltf/M_Sheen.uexp" 835
"../../../Engine/Plugins/Interchange/Assets/Content/gltf/MaterialInstances/MI_Sheen_Blend.uasset" 836
"../../../Engine/Plugins/Interchange/Assets/Content/gltf/MaterialInstances/MI_Sheen_Blend.uexp" 837
"../../../Engine/Plugins/Interchange/Assets/Content/gltf/MaterialInstances/MI_Sheen_Blend_DS.uasset" 838
"../../../Engine/Plugins/Interchange/Assets/Content/gltf/MaterialInstances/MI_Sheen_Blend_DS.uexp" 839
"../../../Engine/Plugins/Interchange/Assets/Content/gltf/MaterialInstances/MI_Sheen_Mask.uasset" 840
"../../../Engine/Plugins/Interchange/Assets/Content/gltf/MaterialInstances/MI_Sheen_Mask.uexp" 841
"../../../Engine/Plugins/Interchange/Assets/Content/gltf/MaterialInstances/MI_Sheen_Mask_DS.uasset" 842
"../../../Engine/Plugins/Interchange/Assets/Content/gltf/MaterialInstances/MI_Sheen_Mask_DS.uexp" 843
"../../../Engine/Content/ArtTools/RenderToTexture/Meshes/S_1_Unit_Plane.ubulk" 844
"../../../Engine/Content/ArtTools/RenderToTexture/Meshes/S_1_Unit_Plane.uasset" 845
"../../../Engine/Content/ArtTools/RenderToTexture/Meshes/S_1_Unit_Plane.uexp" 846
"../../../Engine/Plugins/Interchange/Assets/Content/gltf/MaterialInstances/MI_Sheen_Opaque.uasset" 847
"../../../Engine/Plugins/Interchange/Assets/Content/gltf/MaterialInstances/MI_Sheen_Opaque.uexp" 848
"../../../Engine/Plugins/Interchange/Assets/Content/gltf/MaterialInstances/MI_Sheen_Opaque_DS.uasset" 849
"../../../Engine/Plugins/Interchange/Assets/Content/gltf/MaterialInstances/MI_Sheen_Opaque_DS.uexp" 850
"../../../Engine/Plugins/Interchange/Assets/Content/gltf/MaterialFunctions/MF_DiffuseSpecGloss.uasset" 851
"../../../Engine/Plugins/Interchange/Assets/Content/gltf/MaterialFunctions/MF_DiffuseSpecGloss.uexp" 852
"../../../Engine/Plugins/Interchange/Assets/Content/gltf/MaterialFunctions/MF_MaxComponentValue.uasset" 853
"../../../Engine/Plugins/Interchange/Assets/Content/gltf/MaterialFunctions/MF_MaxComponentValue.uexp" 854
"../../../Engine/Content/Functions/Engine_MaterialFunctions02/Math/AddComponents.uasset" 855
"../../../Engine/Content/Functions/Engine_MaterialFunctions02/Math/AddComponents.uexp" 856
"../../../Engine/Plugins/Interchange/Assets/Content/gltf/MaterialFunctions/MF_PerceivedBrightness.uasset" 857
"../../../Engine/Plugins/Interchange/Assets/Content/gltf/MaterialFunctions/MF_PerceivedBrightness.uexp" 858
"../../../Engine/Plugins/Interchange/Assets/Content/gltf/MaterialFunctions/MF_SpecGlossToMetalRoughness.uasset" 859
"../../../Engine/Plugins/Interchange/Assets/Content/gltf/MaterialFunctions/MF_SpecGlossToMetalRoughness.uexp" 860
"../../../Engine/Plugins/Interchange/Assets/Content/gltf/MaterialBodies/MF_SpecularGlossiness_Body.uasset" 861
"../../../Engine/Plugins/Interchange/Assets/Content/gltf/MaterialBodies/MF_SpecularGlossiness_Body.uexp" 862
"../../../Engine/Plugins/Interchange/Assets/Content/gltf/M_SpecularGlossiness.uasset" 863
"../../../Engine/Plugins/Interchange/Assets/Content/gltf/M_SpecularGlossiness.uexp" 864
"../../../Engine/Plugins/Interchange/Assets/Content/gltf/MaterialInstances/MI_SpecularGlossiness_Blend.uasset" 865
"../../../Engine/Plugins/Interchange/Assets/Content/gltf/MaterialInstances/MI_SpecularGlossiness_Blend.uexp" 866
"../../../Engine/Plugins/Interchange/Assets/Content/gltf/MaterialInstances/MI_SpecularGlossiness_Blend_DS.uasset" 867
"../../../Engine/Plugins/Interchange/Assets/Content/gltf/MaterialInstances/MI_SpecularGlossiness_Blend_DS.uexp" 868
"../../../Engine/Plugins/Interchange/Assets/Content/gltf/MaterialInstances/MI_SpecularGlossiness_Mask.uasset" 869
"../../../Engine/Plugins/Interchange/Assets/Content/gltf/MaterialInstances/MI_SpecularGlossiness_Mask.uexp" 870
"../../../Engine/Plugins/Interchange/Assets/Content/gltf/MaterialInstances/MI_SpecularGlossiness_Mask_DS.uasset" 871
"../../../Engine/Plugins/Interchange/Assets/Content/gltf/MaterialInstances/MI_SpecularGlossiness_Mask_DS.uexp" 872
"../../../Engine/Plugins/Interchange/Assets/Content/gltf/MaterialInstances/MI_SpecularGlossiness_Opaque.uasset" 873
"../../../Engine/Plugins/Interchange/Assets/Content/gltf/MaterialInstances/MI_SpecularGlossiness_Opaque.uexp" 874
"../../../Engine/Plugins/Interchange/Assets/Content/gltf/MaterialInstances/MI_SpecularGlossiness_Opaque_DS.uasset" 875
"../../../Engine/Plugins/Interchange/Assets/Content/gltf/MaterialInstances/MI_SpecularGlossiness_Opaque_DS.uexp" 876
"../../../Engine/Content/EngineMaterials/Good64x64TilingNoiseHighFreq.uasset" 877
"../../../Engine/Content/EngineMaterials/Good64x64TilingNoiseHighFreq.uexp" 878
"../../../Engine/Content/Functions/Engine_MaterialFunctions02/Texturing/ScreenAlignedPixelToPixelUVs.uasset" 879
"../../../Engine/Content/Functions/Engine_MaterialFunctions02/Texturing/ScreenAlignedPixelToPixelUVs.uexp" 880
"../../../Engine/Plugins/Interchange/Assets/Content/gltf/MaterialFunctions/MF_Fresnel_DS.uasset" 881
"../../../Engine/Plugins/Interchange/Assets/Content/gltf/MaterialFunctions/MF_Fresnel_DS.uexp" 882
"../../../Engine/Plugins/Interchange/Assets/Content/gltf/MaterialFunctions/MF_Temporal_Blur.uasset" 883
"../../../Engine/Plugins/Interchange/Assets/Content/gltf/MaterialFunctions/MF_Temporal_Blur.uexp" 884
"../../../Engine/Plugins/Interchange/Assets/Content/gltf/MaterialFunctions/MF_Transmission.uasset" 885
"../../../Engine/Plugins/Interchange/Assets/Content/gltf/MaterialFunctions/MF_Transmission.uexp" 886
"../../../Engine/Plugins/Interchange/Assets/Content/gltf/MaterialBodies/MF_Transmission_Body.uasset" 887
"../../../Engine/Plugins/Interchange/Assets/Content/gltf/MaterialBodies/MF_Transmission_Body.uexp" 888
"../../../Engine/Plugins/Interchange/Assets/Content/gltf/M_Transmission.uasset" 889
"../../../Engine/Plugins/Interchange/Assets/Content/gltf/M_Transmission.uexp" 890
"../../../Engine/Plugins/Interchange/Assets/Content/gltf/MaterialInstances/MI_Transmission.uasset" 891
"../../../Engine/Plugins/Interchange/Assets/Content/gltf/MaterialInstances/MI_Transmission.uexp" 892
"../../../Engine/Plugins/Interchange/Assets/Content/gltf/MaterialInstances/MI_Transmission_DS.uasset" 893
"../../../Engine/Plugins/Interchange/Assets/Content/gltf/MaterialInstances/MI_Transmission_DS.uexp" 894
"../../../Engine/Plugins/Interchange/Assets/Content/gltf/MaterialBodies/MF_Unlit_Body.uasset" 895
"../../../Engine/Plugins/Interchange/Assets/Content/gltf/MaterialBodies/MF_Unlit_Body.uexp" 896
"../../../Engine/Plugins/Interchange/Assets/Content/gltf/M_Unlit.uasset" 897
"../../../Engine/Plugins/Interchange/Assets/Content/gltf/M_Unlit.uexp" 898
"../../../Engine/Plugins/Interchange/Assets/Content/gltf/MaterialInstances/MI_Unlit_Blend.uasset" 899
"../../../Engine/Plugins/Interchange/Assets/Content/gltf/MaterialInstances/MI_Unlit_Blend.uexp" 900
"../../../Engine/Plugins/Interchange/Assets/Content/gltf/MaterialInstances/MI_Unlit_Blend_DS.uasset" 901
"../../../Engine/Plugins/Interchange/Assets/Content/gltf/MaterialInstances/MI_Unlit_Blend_DS.uexp" 902
"../../../Engine/Plugins/Interchange/Assets/Content/gltf/MaterialInstances/MI_Unlit_Mask.uasset" 903
"../../../Engine/Plugins/Interchange/Assets/Content/gltf/MaterialInstances/MI_Unlit_Mask.uexp" 904
"../../../Engine/Plugins/Interchange/Assets/Content/gltf/MaterialInstances/MI_Unlit_Mask_DS.uasset" 905
"../../../Engine/Plugins/Interchange/Assets/Content/gltf/MaterialInstances/MI_Unlit_Mask_DS.uexp" 906
"../../../Engine/Plugins/Interchange/Assets/Content/gltf/MaterialInstances/MI_Unlit_Opaque.uasset" 907
"../../../Engine/Plugins/Interchange/Assets/Content/gltf/MaterialInstances/MI_Unlit_Opaque.uexp" 908
"../../../Engine/Plugins/Interchange/Assets/Content/gltf/MaterialInstances/MI_Unlit_Opaque_DS.uasset" 909
"../../../Engine/Plugins/Interchange/Assets/Content/gltf/MaterialInstances/MI_Unlit_Opaque_DS.uexp" 910
"../../../Engine/Content/EngineMaterials/Substrate/Glints2/AGlintTex2dArray2.uasset" 911
"../../../Engine/Content/EngineMaterials/Substrate/Glints2/AGlintTex2dArray2.uexp" 912
"../../../Engine/Content/EngineMaterials/Substrate/GLints/AGlintTex2dArray.uasset" 913
"../../../Engine/Content/EngineMaterials/Substrate/GLints/AGlintTex2dArray.uexp" 914
"../../../Engine/Content/Functions/Engine_MaterialFunctions01/Shading/ConvertFromDiffSpec.uasset" 915
"../../../Engine/Content/Functions/Engine_MaterialFunctions01/Shading/ConvertFromDiffSpec.uexp" 916
"../../../Engine/Content/Functions/Engine_MaterialFunctions01/Shading/PowerToRoughness.uasset" 917
"../../../Engine/Content/Functions/Engine_MaterialFunctions01/Shading/PowerToRoughness.uexp" 918
"../../../Engine/Content/EngineMaterials/Substrate/Volume/SubstrateSimpleVolumeEnvLUT3D.uasset" 919
"../../../Engine/Content/EngineMaterials/Substrate/Volume/SubstrateSimpleVolumeEnvLUT3D.uexp" 920
"../../../Engine/Content/EngineMaterials/Substrate/Volume/SubstrateSimpleVolumeLUT3D.uasset" 921
"../../../Engine/Content/EngineMaterials/Substrate/Volume/SubstrateSimpleVolumeLUT3D.uexp" 922
"../../../Engine/Content/EditorLandscapeResources/WhiteSquareTexture.uasset" 923
"../../../Engine/Content/EditorLandscapeResources/WhiteSquareTexture.uexp" 924
"../../../Engine/Content/EditorLandscapeResources/LayerVisMaterial.uasset" 925
"../../../Engine/Content/EditorLandscapeResources/LayerVisMaterial.uexp" 926
"../../../Engine/Content/Functions/Engine_MaterialFunctions03/Math/WithinRangeFloat2.uasset" 927
"../../../Engine/Content/Functions/Engine_MaterialFunctions03/Math/WithinRangeFloat2.uexp" 928
"../../../Engine/Content/EditorLandscapeResources/MaskBrushMaterial.uasset" 929
"../../../Engine/Content/EditorLandscapeResources/MaskBrushMaterial.uexp" 930
"../../../Engine/Content/EditorLandscapeResources/MaskBrushMaterial_MaskedRegion.uasset" 931
"../../../Engine/Content/EditorLandscapeResources/MaskBrushMaterial_MaskedRegion.uexp" 932
"../../../Engine/Content/EditorLandscapeResources/SelectBrushMaterial.uasset" 933
"../../../Engine/Content/EditorLandscapeResources/SelectBrushMaterial.uexp" 934
"../../../Engine/Content/EditorLandscapeResources/SelectBrushMaterial_Selected.uasset" 935
"../../../Engine/Content/EditorLandscapeResources/SelectBrushMaterial_Selected.uexp" 936
"../../../Engine/Content/EditorLandscapeResources/SelectBrushMaterial_SelectedRegion.uasset" 937
"../../../Engine/Content/EditorLandscapeResources/SelectBrushMaterial_SelectedRegion.uexp" 938
"../../../Engine/Content/EditorLandscapeResources/SplineEditorMeshMat.uasset" 939
"../../../Engine/Content/EditorLandscapeResources/SplineEditorMeshMat.uexp" 940
"../../../Engine/Content/EditorLandscapeResources/SplineEditorMesh.ubulk" 941
"../../../Engine/Content/EditorLandscapeResources/SplineEditorMesh.uasset" 942
"../../../Engine/Content/EditorLandscapeResources/SplineEditorMesh.uexp" 943
"../../../Engine/Content/Maps/Entry_BuiltData.uasset" 944
"../../../Engine/Content/Maps/Entry_BuiltData.uexp" 945
"../../../Engine/Content/Maps/Entry.uexp" 946
"../../../Engine/Content/Maps/Entry.umap" 947
"../../../Engine/Content/BasicShapes/Plane.ubulk" 948
"../../../Engine/Content/BasicShapes/Plane.uasset" 949
"../../../Engine/Content/BasicShapes/Plane.uexp" 950
"../../../Engine/Content/EngineSky/T_Sky_Blue.ubulk" 951
"../../../Engine/Content/EngineSky/T_Sky_Blue.uasset" 952
"../../../Engine/Content/EngineSky/T_Sky_Blue.uexp" 953
"../../../Engine/Content/EngineSky/T_Sky_Clouds_M.ubulk" 954
"../../../Engine/Content/EngineSky/T_Sky_Clouds_M.uasset" 955
"../../../Engine/Content/EngineSky/T_Sky_Clouds_M.uexp" 956
"../../../Engine/Content/EngineSky/T_Sky_Stars.ubulk" 957
"../../../Engine/Content/EngineSky/T_Sky_Stars.uasset" 958
"../../../Engine/Content/EngineSky/T_Sky_Stars.uexp" 959
"../../../Engine/Content/EngineSky/M_Sky_Panning_Clouds2.uasset" 960
"../../../Engine/Content/EngineSky/M_Sky_Panning_Clouds2.uexp" 961
"../../../Engine/Content/EngineSky/SM_SkySphere.ubulk" 962
"../../../Engine/Content/EngineSky/SM_SkySphere.uasset" 963
"../../../Engine/Content/EngineSky/SM_SkySphere.uexp" 964
"../../../Engine/Content/EngineSky/M_SimpleSkyDome.uasset" 965
"../../../Engine/Content/EngineSky/M_SimpleSkyDome.uexp" 966
"../../../Engine/Content/MapTemplates/SM_Template_Map_Floor.ubulk" 967
"../../../Engine/Content/MapTemplates/SM_Template_Map_Floor.uasset" 968
"../../../Engine/Content/MapTemplates/SM_Template_Map_Floor.uexp" 969
"../../../Engine/Content/Functions/Engine_MaterialFunctions02/Utility/BreakOutFloat4Components.uasset" 970
"../../../Engine/Content/Functions/Engine_MaterialFunctions02/Utility/BreakOutFloat4Components.uexp" 971
"../../../Engine/Content/Functions/Engine_MaterialFunctions02/Utility/MakeFloat4.uasset" 972
"../../../Engine/Content/Functions/Engine_MaterialFunctions02/Utility/MakeFloat4.uexp" 973
"../../../Engine/Content/EngineResources/DefaultVolumeTexture2D.uasset" 974
"../../../Engine/Content/EngineResources/DefaultVolumeTexture2D.uexp" 975
"../../../Engine/Content/EngineResources/DefaultVolumeTexture.uasset" 976
"../../../Engine/Content/EngineResources/DefaultVolumeTexture.uexp" 977
"../../../Engine/Content/EngineSky/VolumetricClouds/VT_Lightning.uasset" 978
"../../../Engine/Content/EngineSky/VolumetricClouds/VT_Lightning.uexp" 979
"../../../Engine/Content/Functions/Engine_MaterialFunctions01/Units/Km-to-Cm.uasset" 980
"../../../Engine/Content/Functions/Engine_MaterialFunctions01/Units/Km-to-Cm.uexp" 981
"../../../Engine/Content/EngineSky/VolumetricClouds/m_SimpleVolumetricCloud.uasset" 982
"../../../Engine/Content/EngineSky/VolumetricClouds/m_SimpleVolumetricCloud.uexp" 983
"../../../Engine/Content/EngineSky/VolumetricClouds/T_CloudMask.ubulk" 984
"../../../Engine/Content/EngineSky/VolumetricClouds/T_CloudMask.uasset" 985
"../../../Engine/Content/EngineSky/VolumetricClouds/T_CloudMask.uexp" 986
"../../../Engine/Content/EngineSky/VolumetricClouds/T_CloudPattern.ubulk" 987
"../../../Engine/Content/EngineSky/VolumetricClouds/T_CloudPattern.uasset" 988
"../../../Engine/Content/EngineSky/VolumetricClouds/T_CloudPattern.uexp" 989
"../../../Engine/Content/EngineSky/VolumetricClouds/T_Profile_08.ubulk" 990
"../../../Engine/Content/EngineSky/VolumetricClouds/T_Profile_08.uasset" 991
"../../../Engine/Content/EngineSky/VolumetricClouds/T_Profile_08.uexp" 992
"../../../Engine/Content/EngineSky/VolumetricClouds/VT_PerlinWorley_Balanced.uasset" 993
"../../../Engine/Content/EngineSky/VolumetricClouds/VT_PerlinWorley_Balanced.uexp" 994
"../../../Engine/Content/EngineSky/VolumetricClouds/m_SimpleVolumetricCloud_Inst.uasset" 995
"../../../Engine/Content/EngineSky/VolumetricClouds/m_SimpleVolumetricCloud_Inst.uexp" 996
"../../../Engine/Content/EngineMaterials/BlendFunc_DefBase.uasset" 997
"../../../Engine/Content/EngineMaterials/BlendFunc_DefBase.uexp" 998
"../../../Engine/Content/EngineMaterials/BlendFunc_DefBlend.uasset" 999
"../../../Engine/Content/EngineMaterials/BlendFunc_DefBlend.uexp" 1000
"../../../Engine/Content/Functions/Engine_MaterialFunctions03/Blends/Blend_Overlay.uasset" 1001
"../../../Engine/Content/Functions/Engine_MaterialFunctions03/Blends/Blend_Overlay.uexp" 1002
"../../../Engine/Content/Functions/Engine_MaterialFunctions01/Gradient/LinearGradient.uasset" 1003
"../../../Engine/Content/Functions/Engine_MaterialFunctions01/Gradient/LinearGradient.uexp" 1004
"../../../Engine/Content/Functions/Engine_MaterialFunctions01/ImageAdjustment/CheapContrast.uasset" 1005
"../../../Engine/Content/Functions/Engine_MaterialFunctions01/ImageAdjustment/CheapContrast.uexp" 1006
"../../../Engine/Content/OpenWorldTemplate/LandscapeMaterial/T_GridChecker_A.ubulk" 1007
"../../../Engine/Content/OpenWorldTemplate/LandscapeMaterial/T_GridChecker_A.uasset" 1008
"../../../Engine/Content/OpenWorldTemplate/LandscapeMaterial/T_GridChecker_A.uexp" 1009
"../../../Engine/Content/OpenWorldTemplate/LandscapeMaterial/MF_ProcGrid.uasset" 1010
"../../../Engine/Content/OpenWorldTemplate/LandscapeMaterial/MF_ProcGrid.uexp" 1011
"../../../Engine/Content/OpenWorldTemplate/LandscapeMaterial/M_ProcGrid.uasset" 1012
"../../../Engine/Content/OpenWorldTemplate/LandscapeMaterial/M_ProcGrid.uexp" 1013
"../../../Engine/Content/OpenWorldTemplate/LandscapeMaterial/MI_ProcGrid.uasset" 1014
"../../../Engine/Content/OpenWorldTemplate/LandscapeMaterial/MI_ProcGrid.uexp" 1015
"C:/Arcadia/Unreal/Projects/Ricochet2/Content/LevelPrototyping/Textures/T_GridChecker_A.ubulk" 1016
"C:/Arcadia/Unreal/Projects/Ricochet2/Content/LevelPrototyping/Textures/T_GridChecker_A.uasset" 1017
"C:/Arcadia/Unreal/Projects/Ricochet2/Content/LevelPrototyping/Textures/T_GridChecker_A.uexp" 1018
"C:/Arcadia/Unreal/Projects/Ricochet2/Content/LevelPrototyping/Materials/MF_ProcGrid.uasset" 1019
"C:/Arcadia/Unreal/Projects/Ricochet2/Content/LevelPrototyping/Materials/MF_ProcGrid.uexp" 1020
"C:/Arcadia/Unreal/Projects/Ricochet2/Content/LevelPrototyping/Materials/M_PrototypeGrid.uasset" 1021
"C:/Arcadia/Unreal/Projects/Ricochet2/Content/LevelPrototyping/Materials/M_PrototypeGrid.uexp" 1022
"../../../Engine/Plugins/FX/Niagara/Content/DefaultAssets/DefaultSpriteMaterial.uasset" 1023
"../../../Engine/Plugins/FX/Niagara/Content/DefaultAssets/DefaultSpriteMaterial.uexp" 1024
"../../../Engine/Plugins/FX/Niagara/Content/DefaultAssets/M_Gnomon_Alpha.uasset" 1025
"../../../Engine/Plugins/FX/Niagara/Content/DefaultAssets/M_Gnomon_Alpha.uexp" 1026
"../../../Engine/Plugins/FX/Niagara/Content/DefaultAssets/M_Gnomon.uasset" 1027
"../../../Engine/Plugins/FX/Niagara/Content/DefaultAssets/M_Gnomon.uexp" 1028
"../../../Engine/Plugins/FX/Niagara/Content/DefaultAssets/S_Arrow.ubulk" 1029
"../../../Engine/Plugins/FX/Niagara/Content/DefaultAssets/S_Arrow.uasset" 1030
"../../../Engine/Plugins/FX/Niagara/Content/DefaultAssets/S_Arrow.uexp" 1031
"../../../Engine/Plugins/FX/Niagara/Content/DefaultAssets/Templates/Systems/SimpleExplosion.uasset" 1032
"../../../Engine/Plugins/FX/Niagara/Content/DefaultAssets/Templates/Systems/SimpleExplosion.uexp" 1033
"C:/Arcadia/Unreal/Projects/Ricochet2/Content/Characters/Mannequins/Meshes/SK_Mannequin.uasset" 1034
"C:/Arcadia/Unreal/Projects/Ricochet2/Content/Characters/Mannequins/Meshes/SK_Mannequin.uexp" 1035
"../../../Engine/Content/Animation/DefaultAnimBoneCompressionSettings.uasset" 1036
"../../../Engine/Content/Animation/DefaultAnimBoneCompressionSettings.uexp" 1037
"../../../Engine/Content/Animation/DefaultAnimCurveCompressionSettings.uasset" 1038
"../../../Engine/Content/Animation/DefaultAnimCurveCompressionSettings.uexp" 1039
"../../../Engine/Content/Animation/DefaultVariableFrameStrippingSettings.uasset" 1040
"../../../Engine/Content/Animation/DefaultVariableFrameStrippingSettings.uexp" 1041
"C:/Arcadia/Unreal/Projects/Ricochet2/Content/Characters/Mannequins/Anims/Unarmed/MM_Idle.uasset" 1042
"C:/Arcadia/Unreal/Projects/Ricochet2/Content/Characters/Mannequins/Anims/Unarmed/MM_Idle.uexp" 1043
"C:/Arcadia/Unreal/Projects/Ricochet2/Content/Characters/Mannequins/Anims/Unarmed/Jog/MF_Unarmed_Jog_Bwd.uasset" 1044
"C:/Arcadia/Unreal/Projects/Ricochet2/Content/Characters/Mannequins/Anims/Unarmed/Jog/MF_Unarmed_Jog_Bwd.uexp" 1045
"../../../Engine/Plugins/Animation/ACLPlugin/Content/ACLAnimCurveCompressionSettings.uasset" 1046
"../../../Engine/Plugins/Animation/ACLPlugin/Content/ACLAnimCurveCompressionSettings.uexp" 1047
"../../../Engine/Content/Animation/DefaultRecorderBoneCompression.uasset" 1048
"../../../Engine/Content/Animation/DefaultRecorderBoneCompression.uexp" 1049
"C:/Arcadia/Unreal/Projects/Ricochet2/Content/Characters/Mannequins/Anims/Unarmed/Jog/MF_Unarmed_Jog_Bwd_Left.uasset" 1050
"C:/Arcadia/Unreal/Projects/Ricochet2/Content/Characters/Mannequins/Anims/Unarmed/Jog/MF_Unarmed_Jog_Bwd_Left.uexp" 1051
"C:/Arcadia/Unreal/Projects/Ricochet2/Content/Characters/Mannequins/Anims/Unarmed/Jog/MF_Unarmed_Jog_Bwd_Right.uasset" 1052
"C:/Arcadia/Unreal/Projects/Ricochet2/Content/Characters/Mannequins/Anims/Unarmed/Jog/MF_Unarmed_Jog_Bwd_Right.uexp" 1053
"C:/Arcadia/Unreal/Projects/Ricochet2/Content/Characters/Mannequins/Anims/Unarmed/Jog/MF_Unarmed_Jog_Fwd.uasset" 1054
"C:/Arcadia/Unreal/Projects/Ricochet2/Content/Characters/Mannequins/Anims/Unarmed/Jog/MF_Unarmed_Jog_Fwd.uexp" 1055
"C:/Arcadia/Unreal/Projects/Ricochet2/Content/Characters/Mannequins/Anims/Unarmed/Jog/MF_Unarmed_Jog_Fwd_Left.uasset" 1056
"C:/Arcadia/Unreal/Projects/Ricochet2/Content/Characters/Mannequins/Anims/Unarmed/Jog/MF_Unarmed_Jog_Fwd_Left.uexp" 1057
"C:/Arcadia/Unreal/Projects/Ricochet2/Content/Characters/Mannequins/Anims/Unarmed/Jog/MF_Unarmed_Jog_Fwd_Right.uasset" 1058
"C:/Arcadia/Unreal/Projects/Ricochet2/Content/Characters/Mannequins/Anims/Unarmed/Jog/MF_Unarmed_Jog_Fwd_Right.uexp" 1059
"C:/Arcadia/Unreal/Projects/Ricochet2/Content/Characters/Mannequins/Anims/Unarmed/Jog/MF_Unarmed_Jog_Left.uasset" 1060
"C:/Arcadia/Unreal/Projects/Ricochet2/Content/Characters/Mannequins/Anims/Unarmed/Jog/MF_Unarmed_Jog_Left.uexp" 1061
"C:/Arcadia/Unreal/Projects/Ricochet2/Content/Characters/Mannequins/Anims/Unarmed/Jog/MF_Unarmed_Jog_Right.uasset" 1062
"C:/Arcadia/Unreal/Projects/Ricochet2/Content/Characters/Mannequins/Anims/Unarmed/Jog/MF_Unarmed_Jog_Right.uexp" 1063
"C:/Arcadia/Unreal/Projects/Ricochet2/Content/Characters/Mannequins/Anims/Unarmed/Walk/MF_Unarmed_Walk_Bwd.uasset" 1064
"C:/Arcadia/Unreal/Projects/Ricochet2/Content/Characters/Mannequins/Anims/Unarmed/Walk/MF_Unarmed_Walk_Bwd.uexp" 1065
"C:/Arcadia/Unreal/Projects/Ricochet2/Content/Characters/Mannequins/Anims/Unarmed/Walk/MF_Unarmed_Walk_Bwd_Left.uasset" 1066
"C:/Arcadia/Unreal/Projects/Ricochet2/Content/Characters/Mannequins/Anims/Unarmed/Walk/MF_Unarmed_Walk_Bwd_Left.uexp" 1067
"C:/Arcadia/Unreal/Projects/Ricochet2/Content/Characters/Mannequins/Anims/Unarmed/Walk/MF_Unarmed_Walk_Bwd_Right.uasset" 1068
"C:/Arcadia/Unreal/Projects/Ricochet2/Content/Characters/Mannequins/Anims/Unarmed/Walk/MF_Unarmed_Walk_Bwd_Right.uexp" 1069
"C:/Arcadia/Unreal/Projects/Ricochet2/Content/Characters/Mannequins/Anims/Unarmed/Walk/MF_Unarmed_Walk_Fwd.uasset" 1070
"C:/Arcadia/Unreal/Projects/Ricochet2/Content/Characters/Mannequins/Anims/Unarmed/Walk/MF_Unarmed_Walk_Fwd.uexp" 1071
"C:/Arcadia/Unreal/Projects/Ricochet2/Content/Characters/Mannequins/Anims/Unarmed/Walk/MF_Unarmed_Walk_Fwd_Left.uasset" 1072
"C:/Arcadia/Unreal/Projects/Ricochet2/Content/Characters/Mannequins/Anims/Unarmed/Walk/MF_Unarmed_Walk_Fwd_Left.uexp" 1073
"C:/Arcadia/Unreal/Projects/Ricochet2/Content/Characters/Mannequins/Anims/Unarmed/Walk/MF_Unarmed_Walk_Fwd_Right.uasset" 1074
"C:/Arcadia/Unreal/Projects/Ricochet2/Content/Characters/Mannequins/Anims/Unarmed/Walk/MF_Unarmed_Walk_Fwd_Right.uexp" 1075
"C:/Arcadia/Unreal/Projects/Ricochet2/Content/Characters/Mannequins/Anims/Unarmed/Walk/MF_Unarmed_Walk_Left.uasset" 1076
"C:/Arcadia/Unreal/Projects/Ricochet2/Content/Characters/Mannequins/Anims/Unarmed/Walk/MF_Unarmed_Walk_Left.uexp" 1077
"C:/Arcadia/Unreal/Projects/Ricochet2/Content/Characters/Mannequins/Anims/Unarmed/Walk/MF_Unarmed_Walk_Right.uasset" 1078
"C:/Arcadia/Unreal/Projects/Ricochet2/Content/Characters/Mannequins/Anims/Unarmed/Walk/MF_Unarmed_Walk_Right.uexp" 1079
"C:/Arcadia/Unreal/Projects/Ricochet2/Content/Characters/Mannequins/Anims/Unarmed/BS_Idle_Walk_Run.uasset" 1080
"C:/Arcadia/Unreal/Projects/Ricochet2/Content/Characters/Mannequins/Anims/Unarmed/BS_Idle_Walk_Run.uexp" 1081
"C:/Arcadia/Unreal/Projects/Ricochet2/Content/Characters/Mannequins/Anims/Unarmed/Jump/MM_Fall_Loop.uasset" 1082
"C:/Arcadia/Unreal/Projects/Ricochet2/Content/Characters/Mannequins/Anims/Unarmed/Jump/MM_Fall_Loop.uexp" 1083
"C:/Arcadia/Unreal/Projects/Ricochet2/Content/Characters/Mannequins/Anims/Unarmed/Jump/MM_Jump.uasset" 1084
"C:/Arcadia/Unreal/Projects/Ricochet2/Content/Characters/Mannequins/Anims/Unarmed/Jump/MM_Jump.uexp" 1085
"C:/Arcadia/Unreal/Projects/Ricochet2/Content/Characters/Mannequins/Anims/Unarmed/Jump/MM_Land.uasset" 1086
"C:/Arcadia/Unreal/Projects/Ricochet2/Content/Characters/Mannequins/Anims/Unarmed/Jump/MM_Land.uexp" 1087
"C:/Arcadia/Unreal/Projects/Ricochet2/Content/RicochetContent/Animations/Pistol/MF_Pistol_Idle_ADS.uasset" 1088
"C:/Arcadia/Unreal/Projects/Ricochet2/Content/RicochetContent/Animations/Pistol/MF_Pistol_Idle_ADS.uexp" 1089
"C:/Arcadia/Unreal/Projects/Ricochet2/Content/RicochetContent/Animations/Pistol/Aim/MF_Pistol_Idle_ADS1.uasset" 1090
"C:/Arcadia/Unreal/Projects/Ricochet2/Content/RicochetContent/Animations/Pistol/Aim/MF_Pistol_Idle_ADS1.uexp" 1091
"C:/Arcadia/Unreal/Projects/Ricochet2/Content/RicochetContent/Animations/Pistol/Aim/MF_Pistol_Idle_ADS_AO_CD.uasset" 1092
"C:/Arcadia/Unreal/Projects/Ricochet2/Content/RicochetContent/Animations/Pistol/Aim/MF_Pistol_Idle_ADS_AO_CD.uexp" 1093
"C:/Arcadia/Unreal/Projects/Ricochet2/Content/RicochetContent/Animations/Pistol/Aim/MF_Pistol_Idle_ADS_AO_CU.uasset" 1094
"C:/Arcadia/Unreal/Projects/Ricochet2/Content/RicochetContent/Animations/Pistol/Aim/MF_Pistol_Idle_ADS_AO_CU.uexp" 1095
"C:/Arcadia/Unreal/Projects/Ricochet2/Content/RicochetContent/Animations/Pistol/Aim/AO_Pistol.uasset" 1096
"C:/Arcadia/Unreal/Projects/Ricochet2/Content/RicochetContent/Animations/Pistol/Aim/AO_Pistol.uexp" 1097
"C:/Arcadia/Unreal/Projects/Ricochet2/Content/RicochetContent/Animations/ABP_TP_RicochetPistol.uasset" 1098
"C:/Arcadia/Unreal/Projects/Ricochet2/Content/RicochetContent/Animations/ABP_TP_RicochetPistol.uexp" 1099
"C:/Arcadia/Unreal/Projects/Ricochet2/Content/RicochetContent/Audio/DeathSound.ubulk" 1100
"C:/Arcadia/Unreal/Projects/Ricochet2/Content/RicochetContent/Audio/DeathSound.uasset" 1101
"C:/Arcadia/Unreal/Projects/Ricochet2/Content/RicochetContent/Audio/DeathSound.uexp" 1102
"C:/Arcadia/Unreal/Projects/Ricochet2/Content/RicochetContent/Audio/Fade.uasset" 1103
"C:/Arcadia/Unreal/Projects/Ricochet2/Content/RicochetContent/Audio/Fade.uexp" 1104
"C:/Arcadia/Unreal/Projects/Ricochet2/Content/RicochetContent/Blueprints/BPI_Damageable.uasset" 1105
"C:/Arcadia/Unreal/Projects/Ricochet2/Content/RicochetContent/Blueprints/BPI_Damageable.uexp" 1106
"C:/Arcadia/Unreal/Projects/Ricochet2/Content/Characters/Mannequins/Rigs/PA_Mannequin.uasset" 1107
"C:/Arcadia/Unreal/Projects/Ricochet2/Content/Characters/Mannequins/Rigs/PA_Mannequin.uexp" 1108
"C:/Arcadia/Unreal/Projects/Ricochet2/Content/Characters/Mannequins/Textures/Manny/T_Manny_01_BN.ubulk" 1109
"C:/Arcadia/Unreal/Projects/Ricochet2/Content/Characters/Mannequins/Textures/Manny/T_Manny_01_BN.uasset" 1110
"C:/Arcadia/Unreal/Projects/Ricochet2/Content/Characters/Mannequins/Textures/Manny/T_Manny_01_BN.uexp" 1111
"C:/Arcadia/Unreal/Projects/Ricochet2/Content/Characters/Mannequins/Textures/Manny/T_Manny_01_D.ubulk" 1112
"C:/Arcadia/Unreal/Projects/Ricochet2/Content/Characters/Mannequins/Textures/Manny/T_Manny_01_D.uasset" 1113
"C:/Arcadia/Unreal/Projects/Ricochet2/Content/Characters/Mannequins/Textures/Manny/T_Manny_01_D.uexp" 1114
"C:/Arcadia/Unreal/Projects/Ricochet2/Content/Characters/Mannequins/Textures/Manny/T_Manny_01_MRA.ubulk" 1115
"C:/Arcadia/Unreal/Projects/Ricochet2/Content/Characters/Mannequins/Textures/Manny/T_Manny_01_MRA.uasset" 1116
"C:/Arcadia/Unreal/Projects/Ricochet2/Content/Characters/Mannequins/Textures/Manny/T_Manny_01_MRA.uexp" 1117
"C:/Arcadia/Unreal/Projects/Ricochet2/Content/Characters/Mannequins/Textures/Shared/T_UE_Logo_M.uasset" 1118
"C:/Arcadia/Unreal/Projects/Ricochet2/Content/Characters/Mannequins/Textures/Shared/T_UE_Logo_M.uexp" 1119
"C:/Arcadia/Unreal/Projects/Ricochet2/Content/Characters/Mannequins/Materials/M_Mannequin.uasset" 1120
"C:/Arcadia/Unreal/Projects/Ricochet2/Content/Characters/Mannequins/Materials/M_Mannequin.uexp" 1121
"C:/Arcadia/Unreal/Projects/Ricochet2/Content/Characters/Mannequins/Textures/Quinn/T_Quinn_01_D.ubulk" 1122
"C:/Arcadia/Unreal/Projects/Ricochet2/Content/Characters/Mannequins/Textures/Quinn/T_Quinn_01_D.uasset" 1123
"C:/Arcadia/Unreal/Projects/Ricochet2/Content/Characters/Mannequins/Textures/Quinn/T_Quinn_01_D.uexp" 1124
"C:/Arcadia/Unreal/Projects/Ricochet2/Content/Characters/Mannequins/Textures/Quinn/T_Quinn_01_MRA.ubulk" 1125
"C:/Arcadia/Unreal/Projects/Ricochet2/Content/Characters/Mannequins/Textures/Quinn/T_Quinn_01_MRA.uasset" 1126
"C:/Arcadia/Unreal/Projects/Ricochet2/Content/Characters/Mannequins/Textures/Quinn/T_Quinn_01_MRA.uexp" 1127
"C:/Arcadia/Unreal/Projects/Ricochet2/Content/Characters/Mannequins/Textures/Quinn/T_Quinn_01_N.ubulk" 1128
"C:/Arcadia/Unreal/Projects/Ricochet2/Content/Characters/Mannequins/Textures/Quinn/T_Quinn_01_N.uasset" 1129
"C:/Arcadia/Unreal/Projects/Ricochet2/Content/Characters/Mannequins/Textures/Quinn/T_Quinn_01_N.uexp" 1130
"C:/Arcadia/Unreal/Projects/Ricochet2/Content/Characters/Mannequins/Materials/Quinn/MI_Quinn_01.uasset" 1131
"C:/Arcadia/Unreal/Projects/Ricochet2/Content/Characters/Mannequins/Materials/Quinn/MI_Quinn_01.uexp" 1132
"C:/Arcadia/Unreal/Projects/Ricochet2/Content/Characters/Mannequins/Textures/Quinn/T_Quinn_02_D.ubulk" 1133
"C:/Arcadia/Unreal/Projects/Ricochet2/Content/Characters/Mannequins/Textures/Quinn/T_Quinn_02_D.uasset" 1134
"C:/Arcadia/Unreal/Projects/Ricochet2/Content/Characters/Mannequins/Textures/Quinn/T_Quinn_02_D.uexp" 1135
"C:/Arcadia/Unreal/Projects/Ricochet2/Content/Characters/Mannequins/Textures/Quinn/T_Quinn_02_MRA.ubulk" 1136
"C:/Arcadia/Unreal/Projects/Ricochet2/Content/Characters/Mannequins/Textures/Quinn/T_Quinn_02_MRA.uasset" 1137
"C:/Arcadia/Unreal/Projects/Ricochet2/Content/Characters/Mannequins/Textures/Quinn/T_Quinn_02_MRA.uexp" 1138
"C:/Arcadia/Unreal/Projects/Ricochet2/Content/Characters/Mannequins/Textures/Quinn/T_Quinn_02_N.ubulk" 1139
"C:/Arcadia/Unreal/Projects/Ricochet2/Content/Characters/Mannequins/Textures/Quinn/T_Quinn_02_N.uasset" 1140
"C:/Arcadia/Unreal/Projects/Ricochet2/Content/Characters/Mannequins/Textures/Quinn/T_Quinn_02_N.uexp" 1141
"C:/Arcadia/Unreal/Projects/Ricochet2/Content/Characters/Mannequins/Materials/Quinn/MI_Quinn_02.uasset" 1142
"C:/Arcadia/Unreal/Projects/Ricochet2/Content/Characters/Mannequins/Materials/Quinn/MI_Quinn_02.uexp" 1143
"C:/Arcadia/Unreal/Projects/Ricochet2/Content/Characters/Mannequins/Meshes/SKM_Quinn_Simple.uasset" 1144
"C:/Arcadia/Unreal/Projects/Ricochet2/Content/Characters/Mannequins/Meshes/SKM_Quinn_Simple.uexp" 1145
"C:/Arcadia/Unreal/Projects/Ricochet2/Content/RicochetContent/Audio/Shoot.ubulk" 1146
"C:/Arcadia/Unreal/Projects/Ricochet2/Content/RicochetContent/Audio/Shoot.uasset" 1147
"C:/Arcadia/Unreal/Projects/Ricochet2/Content/RicochetContent/Audio/Shoot.uexp" 1148
"../../../Engine/Content/BasicShapes/Sphere.ubulk" 1149
"../../../Engine/Content/BasicShapes/Sphere.uasset" 1150
"../../../Engine/Content/BasicShapes/Sphere.uexp" 1151
"../../../Engine/Content/VREditor/Sounds/UI/Laser_Push.ubulk" 1152
"../../../Engine/Content/VREditor/Sounds/UI/Laser_Push.uasset" 1153
"../../../Engine/Content/VREditor/Sounds/UI/Laser_Push.uexp" 1154
"../../../Engine/Plugins/FX/Niagara/Content/DefaultAssets/DefaultRIbbonMaterial.uasset" 1155
"../../../Engine/Plugins/FX/Niagara/Content/DefaultAssets/DefaultRIbbonMaterial.uexp" 1156
"../../../Engine/Plugins/FX/Niagara/Content/DefaultAssets/Templates/Systems/DirectionalBurst.uasset" 1157
"../../../Engine/Plugins/FX/Niagara/Content/DefaultAssets/Templates/Systems/DirectionalBurst.uexp" 1158
"C:/Arcadia/Unreal/Projects/Ricochet2/Content/RicochetContent/Audio/MirrorReflect.ubulk" 1159
"C:/Arcadia/Unreal/Projects/Ricochet2/Content/RicochetContent/Audio/MirrorReflect.uasset" 1160
"C:/Arcadia/Unreal/Projects/Ricochet2/Content/RicochetContent/Audio/MirrorReflect.uexp" 1161
"C:/Arcadia/Unreal/Projects/Ricochet2/Content/RicochetContent/Blueprints/BPI_Reflective.uasset" 1162
"C:/Arcadia/Unreal/Projects/Ricochet2/Content/RicochetContent/Blueprints/BPI_Reflective.uexp" 1163
"C:/Arcadia/Unreal/Projects/Ricochet2/Content/RicochetContent/Effects/NS_LaserTrail.uasset" 1164
"C:/Arcadia/Unreal/Projects/Ricochet2/Content/RicochetContent/Effects/NS_LaserTrail.uexp" 1165
"C:/Arcadia/Unreal/Projects/Ricochet2/Content/RicochetContent/Materials/M_EmmissiveMaterial.uasset" 1166
"C:/Arcadia/Unreal/Projects/Ricochet2/Content/RicochetContent/Materials/M_EmmissiveMaterial.uexp" 1167
"C:/Arcadia/Unreal/Projects/Ricochet2/Content/RicochetContent/Materials/MI_Laser.uasset" 1168
"C:/Arcadia/Unreal/Projects/Ricochet2/Content/RicochetContent/Materials/MI_Laser.uexp" 1169
"C:/Arcadia/Unreal/Projects/Ricochet2/Content/RicochetContent/Blueprints/BP_Laser.uasset" 1170
"C:/Arcadia/Unreal/Projects/Ricochet2/Content/RicochetContent/Blueprints/BP_Laser.uexp" 1171
"C:/Arcadia/Unreal/Projects/Ricochet2/Content/RicochetContent/Animations/Pistol/MM_Pistol_Fire.uasset" 1172
"C:/Arcadia/Unreal/Projects/Ricochet2/Content/RicochetContent/Animations/Pistol/MM_Pistol_Fire.uexp" 1173
"C:/Arcadia/Unreal/Projects/Ricochet2/Content/RicochetContent/Animations/Pistol/MM_Pistol_Fire_Montage.uasset" 1174
"C:/Arcadia/Unreal/Projects/Ricochet2/Content/RicochetContent/Animations/Pistol/MM_Pistol_Fire_Montage.uexp" 1175
"C:/Arcadia/Unreal/Projects/Ricochet2/Content/RicochetContent/Blueprints/Weapons/BP_Weapon.uasset" 1176
"C:/Arcadia/Unreal/Projects/Ricochet2/Content/RicochetContent/Blueprints/Weapons/BP_Weapon.uexp" 1177
"C:/Arcadia/Unreal/Projects/Ricochet2/Content/Weapons/Pistol/Textures/T_Pistol_AORM.ubulk" 1178
"C:/Arcadia/Unreal/Projects/Ricochet2/Content/Weapons/Pistol/Textures/T_Pistol_AORM.uasset" 1179
"C:/Arcadia/Unreal/Projects/Ricochet2/Content/Weapons/Pistol/Textures/T_Pistol_AORM.uexp" 1180
"C:/Arcadia/Unreal/Projects/Ricochet2/Content/Weapons/Pistol/Textures/T_Pistol_D.ubulk" 1181
"C:/Arcadia/Unreal/Projects/Ricochet2/Content/Weapons/Pistol/Textures/T_Pistol_D.uasset" 1182
"C:/Arcadia/Unreal/Projects/Ricochet2/Content/Weapons/Pistol/Textures/T_Pistol_D.uexp" 1183
"C:/Arcadia/Unreal/Projects/Ricochet2/Content/Weapons/Pistol/Textures/T_Pistol_Masks.ubulk" 1184
"C:/Arcadia/Unreal/Projects/Ricochet2/Content/Weapons/Pistol/Textures/T_Pistol_Masks.uasset" 1185
"C:/Arcadia/Unreal/Projects/Ricochet2/Content/Weapons/Pistol/Textures/T_Pistol_Masks.uexp" 1186
"C:/Arcadia/Unreal/Projects/Ricochet2/Content/Weapons/Pistol/Textures/T_Pistol_N.ubulk" 1187
"C:/Arcadia/Unreal/Projects/Ricochet2/Content/Weapons/Pistol/Textures/T_Pistol_N.uasset" 1188
"C:/Arcadia/Unreal/Projects/Ricochet2/Content/Weapons/Pistol/Textures/T_Pistol_N.uexp" 1189
"../../../Engine/Content/Engine_MI_Shaders/T_Normal.uasset" 1190
"../../../Engine/Content/Engine_MI_Shaders/T_Normal.uexp" 1191
"../../../Engine/Content/MaterialTemplates/LayerBlends/T_DefaultMaskTexture.uasset" 1192
"../../../Engine/Content/MaterialTemplates/LayerBlends/T_DefaultMaskTexture.uexp" 1193
"C:/Arcadia/Unreal/Projects/Ricochet2/Content/Weapons/Rifle/Materials/M_Weapon.uasset" 1194
"C:/Arcadia/Unreal/Projects/Ricochet2/Content/Weapons/Rifle/Materials/M_Weapon.uexp" 1195
"C:/Arcadia/Unreal/Projects/Ricochet2/Content/Weapons/Pistol/Materials/MI_Weapon_Pistol.uasset" 1196
"C:/Arcadia/Unreal/Projects/Ricochet2/Content/Weapons/Pistol/Materials/MI_Weapon_Pistol.uexp" 1197
"C:/Arcadia/Unreal/Projects/Ricochet2/Content/Weapons/Pistol/Meshes/SM_Pistol.ubulk" 1198
"C:/Arcadia/Unreal/Projects/Ricochet2/Content/Weapons/Pistol/Meshes/SM_Pistol.uasset" 1199
"C:/Arcadia/Unreal/Projects/Ricochet2/Content/Weapons/Pistol/Meshes/SM_Pistol.uexp" 1200
"C:/Arcadia/Unreal/Projects/Ricochet2/Content/RicochetContent/Blueprints/Weapons/BP_Pistol.uasset" 1201
"C:/Arcadia/Unreal/Projects/Ricochet2/Content/RicochetContent/Blueprints/Weapons/BP_Pistol.uexp" 1202
"C:/Arcadia/Unreal/Projects/Ricochet2/Content/RicochetContent/Blueprints/BP_RicochetCharacter.uasset" 1203
"C:/Arcadia/Unreal/Projects/Ricochet2/Content/RicochetContent/Blueprints/BP_RicochetCharacter.uexp" 1204
"../../../Engine/Plugins/Animation/ControlRig/Content/Controls/ControlRig_Circle_solid.ubulk" 1205
"../../../Engine/Plugins/Animation/ControlRig/Content/Controls/ControlRig_Circle_solid.uasset" 1206
"../../../Engine/Plugins/Animation/ControlRig/Content/Controls/ControlRig_Circle_solid.uexp" 1207
"C:/Arcadia/Unreal/Projects/Ricochet2/Content/RicochetContent/Audio/CheckPoint.ubulk" 1208
"C:/Arcadia/Unreal/Projects/Ricochet2/Content/RicochetContent/Audio/CheckPoint.uasset" 1209
"C:/Arcadia/Unreal/Projects/Ricochet2/Content/RicochetContent/Audio/CheckPoint.uexp" 1210
"C:/Arcadia/Unreal/Projects/Ricochet2/Content/RicochetContent/Materials/LevelPortal.uasset" 1211
"C:/Arcadia/Unreal/Projects/Ricochet2/Content/RicochetContent/Materials/LevelPortal.uexp" 1212
"C:/Arcadia/Unreal/Projects/Ricochet2/Content/RicochetContent/Effects/NS_CheckpointEffects.uasset" 1213
"C:/Arcadia/Unreal/Projects/Ricochet2/Content/RicochetContent/Effects/NS_CheckpointEffects.uexp" 1214
"C:/Arcadia/Unreal/Projects/Ricochet2/Content/RicochetContent/Materials/MI_Portal.uasset" 1215
"C:/Arcadia/Unreal/Projects/Ricochet2/Content/RicochetContent/Materials/MI_Portal.uexp" 1216
"C:/Arcadia/Unreal/Projects/Ricochet2/Content/RicochetContent/Blueprints/GI_RicochetGameInstance.uasset" 1217
"C:/Arcadia/Unreal/Projects/Ricochet2/Content/RicochetContent/Blueprints/GI_RicochetGameInstance.uexp" 1218
"C:/Arcadia/Unreal/Projects/Ricochet2/Content/RicochetContent/Blueprints/BP_Checkpoint.uasset" 1219
"C:/Arcadia/Unreal/Projects/Ricochet2/Content/RicochetContent/Blueprints/BP_Checkpoint.uexp" 1220
"../../../Engine/Content/BasicShapes/Cube.ubulk" 1221
"../../../Engine/Content/BasicShapes/Cube.uasset" 1222
"../../../Engine/Content/BasicShapes/Cube.uexp" 1223
"../../../Engine/Plugins/FX/Niagara/Content/VectorFields/Assets/TilingCurl32.uasset" 1224
"../../../Engine/Plugins/FX/Niagara/Content/VectorFields/Assets/TilingCurl32.uexp" 1225
"C:/Arcadia/Unreal/Projects/Ricochet2/Content/RicochetContent/Effects/NS_PortalEffects.uasset" 1226
"C:/Arcadia/Unreal/Projects/Ricochet2/Content/RicochetContent/Effects/NS_PortalEffects.uexp" 1227
"C:/Arcadia/Unreal/Projects/Ricochet2/Content/RicochetContent/Blueprints/UI/WB_WinText.uasset" 1228
"C:/Arcadia/Unreal/Projects/Ricochet2/Content/RicochetContent/Blueprints/UI/WB_WinText.uexp" 1229
"C:/Arcadia/Unreal/Projects/Ricochet2/Content/RicochetContent/Blueprints/BP_LevelPortal.uasset" 1230
"C:/Arcadia/Unreal/Projects/Ricochet2/Content/RicochetContent/Blueprints/BP_LevelPortal.uexp" 1231
"C:/Arcadia/Unreal/Projects/Ricochet2/Content/LevelPrototyping/Materials/M_FlatCol.uasset" 1232
"C:/Arcadia/Unreal/Projects/Ricochet2/Content/LevelPrototyping/Materials/M_FlatCol.uexp" 1233
"C:/Arcadia/Unreal/Projects/Ricochet2/Content/LevelPrototyping/Materials/MI_DefaultColorway.uasset" 1234
"C:/Arcadia/Unreal/Projects/Ricochet2/Content/LevelPrototyping/Materials/MI_DefaultColorway.uexp" 1235
"C:/Arcadia/Unreal/Projects/Ricochet2/Content/RicochetContent/Materials/Mirror.uasset" 1236
"C:/Arcadia/Unreal/Projects/Ricochet2/Content/RicochetContent/Materials/Mirror.uexp" 1237
"C:/Arcadia/Unreal/Projects/Ricochet2/Content/RicochetContent/Blueprints/BP_Mirror.uasset" 1238
"C:/Arcadia/Unreal/Projects/Ricochet2/Content/RicochetContent/Blueprints/BP_Mirror.uexp" 1239
"C:/Arcadia/Unreal/Projects/Ricochet2/Content/RicochetContent/Input/Actions/IA_Jump.uasset" 1240
"C:/Arcadia/Unreal/Projects/Ricochet2/Content/RicochetContent/Input/Actions/IA_Jump.uexp" 1241
"C:/Arcadia/Unreal/Projects/Ricochet2/Content/RicochetContent/Input/Actions/IA_Move.uasset" 1242
"C:/Arcadia/Unreal/Projects/Ricochet2/Content/RicochetContent/Input/Actions/IA_Move.uexp" 1243
"C:/Arcadia/Unreal/Projects/Ricochet2/Content/RicochetContent/Input/Actions/IA_MouseLook.uasset" 1244
"C:/Arcadia/Unreal/Projects/Ricochet2/Content/RicochetContent/Input/Actions/IA_MouseLook.uexp" 1245
"C:/Arcadia/Unreal/Projects/Ricochet2/Content/Input/Actions/IA_Look.uasset" 1246
"C:/Arcadia/Unreal/Projects/Ricochet2/Content/Input/Actions/IA_Look.uexp" 1247
"../../../Engine/Plugins/Animation/ControlRig/Content/Controls/DefaultGizmoLibraryNormalized.uasset" 1248
"../../../Engine/Plugins/Animation/ControlRig/Content/Controls/DefaultGizmoLibraryNormalized.uexp" 1249
"C:/Arcadia/Unreal/Projects/Ricochet2/Content/FirstPerson/Anims/CtrlRig_FPWarp.uasset" 1250
"C:/Arcadia/Unreal/Projects/Ricochet2/Content/FirstPerson/Anims/CtrlRig_FPWarp.uexp" 1251
"C:/Arcadia/Unreal/Projects/Ricochet2/Content/FirstPerson/Anims/ABP_FP_Copy.uasset" 1252
"C:/Arcadia/Unreal/Projects/Ricochet2/Content/FirstPerson/Anims/ABP_FP_Copy.uexp" 1253
"C:/Arcadia/Unreal/Projects/Ricochet2/Content/RicochetContent/Materials/MI_Manny_01_New.uasset" 1254
"C:/Arcadia/Unreal/Projects/Ricochet2/Content/RicochetContent/Materials/MI_Manny_01_New.uexp" 1255
"C:/Arcadia/Unreal/Projects/Ricochet2/Content/Characters/Mannequins/Textures/Manny/T_Manny_02_BN.ubulk" 1256
"C:/Arcadia/Unreal/Projects/Ricochet2/Content/Characters/Mannequins/Textures/Manny/T_Manny_02_BN.uasset" 1257
"C:/Arcadia/Unreal/Projects/Ricochet2/Content/Characters/Mannequins/Textures/Manny/T_Manny_02_BN.uexp" 1258
"C:/Arcadia/Unreal/Projects/Ricochet2/Content/Characters/Mannequins/Textures/Manny/T_Manny_02_D.ubulk" 1259
"C:/Arcadia/Unreal/Projects/Ricochet2/Content/Characters/Mannequins/Textures/Manny/T_Manny_02_D.uasset" 1260
"C:/Arcadia/Unreal/Projects/Ricochet2/Content/Characters/Mannequins/Textures/Manny/T_Manny_02_D.uexp" 1261
"C:/Arcadia/Unreal/Projects/Ricochet2/Content/Characters/Mannequins/Textures/Manny/T_Manny_02_MRA.ubulk" 1262
"C:/Arcadia/Unreal/Projects/Ricochet2/Content/Characters/Mannequins/Textures/Manny/T_Manny_02_MRA.uasset" 1263
"C:/Arcadia/Unreal/Projects/Ricochet2/Content/Characters/Mannequins/Textures/Manny/T_Manny_02_MRA.uexp" 1264
"C:/Arcadia/Unreal/Projects/Ricochet2/Content/RicochetContent/Materials/MI_Manny_02_New.uasset" 1265
"C:/Arcadia/Unreal/Projects/Ricochet2/Content/RicochetContent/Materials/MI_Manny_02_New.uexp" 1266
"C:/Arcadia/Unreal/Projects/Ricochet2/Content/Characters/Mannequins/Meshes/SKM_Manny_Simple.uasset" 1267
"C:/Arcadia/Unreal/Projects/Ricochet2/Content/Characters/Mannequins/Meshes/SKM_Manny_Simple.uexp" 1268
"C:/Arcadia/Unreal/Projects/Ricochet2/Content/Input/Touch/BPI_TouchInterface.uasset" 1269
"C:/Arcadia/Unreal/Projects/Ricochet2/Content/Input/Touch/BPI_TouchInterface.uexp" 1270
"../../../Engine/Content/MobileResources/HUD/VirtualJoystick_Thumb.uasset" 1271
"../../../Engine/Content/MobileResources/HUD/VirtualJoystick_Thumb.uexp" 1272
"../../../Engine/Content/MobileResources/HUD/VirtualJoystick_Background.uasset" 1273
"../../../Engine/Content/MobileResources/HUD/VirtualJoystick_Background.uexp" 1274
"C:/Arcadia/Unreal/Projects/Ricochet2/Content/Input/Touch/UI_Thumbstick.uasset" 1275
"C:/Arcadia/Unreal/Projects/Ricochet2/Content/Input/Touch/UI_Thumbstick.uexp" 1276
"C:/Arcadia/Unreal/Projects/Ricochet2/Content/Input/Touch/UI_TouchSimple.uasset" 1277
"C:/Arcadia/Unreal/Projects/Ricochet2/Content/Input/Touch/UI_TouchSimple.uexp" 1278
"C:/Arcadia/Unreal/Projects/Ricochet2/Content/Characters/Mannequins/Rigs/CR_Mannequin_FootIK.uasset" 1279
"C:/Arcadia/Unreal/Projects/Ricochet2/Content/Characters/Mannequins/Rigs/CR_Mannequin_FootIK.uexp" 1280
"C:/Arcadia/Unreal/Projects/Ricochet2/Content/Characters/Mannequins/Anims/Unarmed/ABP_Unarmed.uasset" 1281
"C:/Arcadia/Unreal/Projects/Ricochet2/Content/Characters/Mannequins/Anims/Unarmed/ABP_Unarmed.uexp" 1282
"C:/Arcadia/Unreal/Projects/Ricochet2/Content/FirstPerson/Blueprints/BP_FirstPersonCharacter.uasset" 1283
"C:/Arcadia/Unreal/Projects/Ricochet2/Content/FirstPerson/Blueprints/BP_FirstPersonCharacter.uexp" 1284
"C:/Arcadia/Unreal/Projects/Ricochet2/Content/Variant_Shooter/Anims/Ctrl_HandAdjusment_Pistol.uasset" 1285
"C:/Arcadia/Unreal/Projects/Ricochet2/Content/Variant_Shooter/Anims/Ctrl_HandAdjusment_Pistol.uexp" 1286
"C:/Arcadia/Unreal/Projects/Ricochet2/Content/RicochetContent/Input/Actions/IA_Shoot.uasset" 1287
"C:/Arcadia/Unreal/Projects/Ricochet2/Content/RicochetContent/Input/Actions/IA_Shoot.uexp" 1288
"C:/Arcadia/Unreal/Projects/Ricochet2/Content/Variant_Shooter/Blueprints/BPI_Shooter.uasset" 1289
"C:/Arcadia/Unreal/Projects/Ricochet2/Content/Variant_Shooter/Blueprints/BPI_Shooter.uexp" 1290
"C:/Arcadia/Unreal/Projects/Ricochet2/Content/Variant_Shooter/Input/BPI_Touch_Shooter.uasset" 1291
"C:/Arcadia/Unreal/Projects/Ricochet2/Content/Variant_Shooter/Input/BPI_Touch_Shooter.uexp" 1292
"C:/Arcadia/Unreal/Projects/Ricochet2/Content/Variant_Shooter/Input/Actions/IA_SwapWeapon.uasset" 1293
"C:/Arcadia/Unreal/Projects/Ricochet2/Content/Variant_Shooter/Input/Actions/IA_SwapWeapon.uexp" 1294
"C:/Arcadia/Unreal/Projects/Ricochet2/Content/Variant_Shooter/Input/UI_TouchInterface_Shooter.uasset" 1295
"C:/Arcadia/Unreal/Projects/Ricochet2/Content/Variant_Shooter/Input/UI_TouchInterface_Shooter.uexp" 1296
"C:/Arcadia/Unreal/Projects/Ricochet2/Content/Characters/Mannequins/Anims/Rifle/MF_Rifle_Idle_ADS.uasset" 1297
"C:/Arcadia/Unreal/Projects/Ricochet2/Content/Characters/Mannequins/Anims/Rifle/MF_Rifle_Idle_ADS.uexp" 1298
"C:/Arcadia/Unreal/Projects/Ricochet2/Content/Characters/Mannequins/Anims/Rifle/AIM/MM_Rifle_Idle_ADS_AO_CC.uasset" 1299
"C:/Arcadia/Unreal/Projects/Ricochet2/Content/Characters/Mannequins/Anims/Rifle/AIM/MM_Rifle_Idle_ADS_AO_CC.uexp" 1300
"C:/Arcadia/Unreal/Projects/Ricochet2/Content/Characters/Mannequins/Anims/Rifle/AIM/MM_Rifle_Idle_ADS_AO_CD.uasset" 1301
"C:/Arcadia/Unreal/Projects/Ricochet2/Content/Characters/Mannequins/Anims/Rifle/AIM/MM_Rifle_Idle_ADS_AO_CD.uexp" 1302
"C:/Arcadia/Unreal/Projects/Ricochet2/Content/Characters/Mannequins/Anims/Rifle/AIM/MM_Rifle_Idle_ADS_AO_CU.uasset" 1303
"C:/Arcadia/Unreal/Projects/Ricochet2/Content/Characters/Mannequins/Anims/Rifle/AIM/MM_Rifle_Idle_ADS_AO_CU.uexp" 1304
"C:/Arcadia/Unreal/Projects/Ricochet2/Content/Characters/Mannequins/Anims/Rifle/AIM/AO_Rifle.uasset" 1305
"C:/Arcadia/Unreal/Projects/Ricochet2/Content/Characters/Mannequins/Anims/Rifle/AIM/AO_Rifle.uexp" 1306
"C:/Arcadia/Unreal/Projects/Ricochet2/Content/RicochetContent/Animations/ABP_TP_Rifle.uasset" 1307
"C:/Arcadia/Unreal/Projects/Ricochet2/Content/RicochetContent/Animations/ABP_TP_Rifle.uexp" 1308
"C:/Arcadia/Unreal/Projects/Ricochet2/Content/Variant_Shooter/Anims/Ctrl_HandAdjusment.uasset" 1309
"C:/Arcadia/Unreal/Projects/Ricochet2/Content/Variant_Shooter/Anims/Ctrl_HandAdjusment.uexp" 1310
"C:/Arcadia/Unreal/Projects/Ricochet2/Content/Variant_Shooter/Anims/ABP_FP_Weapon.uasset" 1311
"C:/Arcadia/Unreal/Projects/Ricochet2/Content/Variant_Shooter/Anims/ABP_FP_Weapon.uexp" 1312
"C:/Arcadia/Unreal/Projects/Ricochet2/Content/Variant_Shooter/Blueprints/Pickups/BPI_WeaponHolder.uasset" 1313
"C:/Arcadia/Unreal/Projects/Ricochet2/Content/Variant_Shooter/Blueprints/Pickups/BPI_WeaponHolder.uexp" 1314
"C:/Arcadia/Unreal/Projects/Ricochet2/Content/Weapons/Rifle/Textures/T_Rifle_BC.ubulk" 1315
"C:/Arcadia/Unreal/Projects/Ricochet2/Content/Weapons/Rifle/Textures/T_Rifle_BC.uasset" 1316
"C:/Arcadia/Unreal/Projects/Ricochet2/Content/Weapons/Rifle/Textures/T_Rifle_BC.uexp" 1317
"C:/Arcadia/Unreal/Projects/Ricochet2/Content/Weapons/Rifle/Textures/T_Rifle_N.ubulk" 1318
"C:/Arcadia/Unreal/Projects/Ricochet2/Content/Weapons/Rifle/Textures/T_Rifle_N.uasset" 1319
"C:/Arcadia/Unreal/Projects/Ricochet2/Content/Weapons/Rifle/Textures/T_Rifle_N.uexp" 1320
"C:/Arcadia/Unreal/Projects/Ricochet2/Content/Weapons/Rifle/Materials/M_Rifle.uasset" 1321
"C:/Arcadia/Unreal/Projects/Ricochet2/Content/Weapons/Rifle/Materials/M_Rifle.uexp" 1322
"C:/Arcadia/Unreal/Projects/Ricochet2/Content/Weapons/Rifle/Meshes/PA_Rifle.uasset" 1323
"C:/Arcadia/Unreal/Projects/Ricochet2/Content/Weapons/Rifle/Meshes/PA_Rifle.uexp" 1324
"C:/Arcadia/Unreal/Projects/Ricochet2/Content/Weapons/Rifle/Meshes/SK_Rifle.uasset" 1325
"C:/Arcadia/Unreal/Projects/Ricochet2/Content/Weapons/Rifle/Meshes/SK_Rifle.uexp" 1326
"C:/Arcadia/Unreal/Projects/Ricochet2/Content/Weapons/Rifle/Meshes/SKM_Rifle.uasset" 1327
"C:/Arcadia/Unreal/Projects/Ricochet2/Content/Weapons/Rifle/Meshes/SKM_Rifle.uexp" 1328
"C:/Arcadia/Unreal/Projects/Ricochet2/Content/FirstPerson/MI_FirstPersonColorway.uasset" 1329
"C:/Arcadia/Unreal/Projects/Ricochet2/Content/FirstPerson/MI_FirstPersonColorway.uexp" 1330
"C:/Arcadia/Unreal/Projects/Ricochet2/Content/Weapons/GrenadeLauncher/Materials/M_ProjectileBullet.uasset" 1331
"C:/Arcadia/Unreal/Projects/Ricochet2/Content/Weapons/GrenadeLauncher/Materials/M_ProjectileBullet.uexp" 1332
"C:/Arcadia/Unreal/Projects/Ricochet2/Content/Weapons/GrenadeLauncher/Meshes/FirstPersonProjectileMesh.ubulk" 1333
"C:/Arcadia/Unreal/Projects/Ricochet2/Content/Weapons/GrenadeLauncher/Meshes/FirstPersonProjectileMesh.uasset" 1334
"C:/Arcadia/Unreal/Projects/Ricochet2/Content/Weapons/GrenadeLauncher/Meshes/FirstPersonProjectileMesh.uexp" 1335
"C:/Arcadia/Unreal/Projects/Ricochet2/Content/Variant_Shooter/Blueprints/Pickups/Projectiles/BP_ShooterProjectileBase.uasset" 1336
"C:/Arcadia/Unreal/Projects/Ricochet2/Content/Variant_Shooter/Blueprints/Pickups/Projectiles/BP_ShooterProjectileBase.uexp" 1337
"C:/Arcadia/Unreal/Projects/Ricochet2/Content/Variant_Shooter/Blueprints/Pickups/Projectiles/Meshes/SM_FoamBullet.ubulk" 1338
"C:/Arcadia/Unreal/Projects/Ricochet2/Content/Variant_Shooter/Blueprints/Pickups/Projectiles/Meshes/SM_FoamBullet.uasset" 1339
"C:/Arcadia/Unreal/Projects/Ricochet2/Content/Variant_Shooter/Blueprints/Pickups/Projectiles/Meshes/SM_FoamBullet.uexp" 1340
"C:/Arcadia/Unreal/Projects/Ricochet2/Content/Variant_Shooter/Blueprints/Pickups/Projectiles/BP_ShooterProjectile_Bullet.uasset" 1341
"C:/Arcadia/Unreal/Projects/Ricochet2/Content/Variant_Shooter/Blueprints/Pickups/Projectiles/BP_ShooterProjectile_Bullet.uexp" 1342
"C:/Arcadia/Unreal/Projects/Ricochet2/Content/Variant_Shooter/Blueprints/Pickups/BP_ShooterWeaponBase.uasset" 1343
"C:/Arcadia/Unreal/Projects/Ricochet2/Content/Variant_Shooter/Blueprints/Pickups/BP_ShooterWeaponBase.uexp" 1344
"C:/Arcadia/Unreal/Projects/Ricochet2/Content/Variant_Shooter/Blueprints/Pickups/BPI_Pickups.uasset" 1345
"C:/Arcadia/Unreal/Projects/Ricochet2/Content/Variant_Shooter/Blueprints/Pickups/BPI_Pickups.uexp" 1346
"C:/Arcadia/Unreal/Projects/Ricochet2/Content/Variant_Shooter/Blueprints/BP_ShooterCharacter.uasset" 1347
"C:/Arcadia/Unreal/Projects/Ricochet2/Content/Variant_Shooter/Blueprints/BP_ShooterCharacter.uexp" 1348
"C:/Arcadia/Unreal/Projects/Ricochet2/Content/RicochetContent/Animations/ABP_FP_RicochetPistol.uasset" 1349
"C:/Arcadia/Unreal/Projects/Ricochet2/Content/RicochetContent/Animations/ABP_FP_RicochetPistol.uexp" 1350
"C:/Arcadia/Unreal/Projects/Ricochet2/Content/RicochetContent/Blueprints/BP_Player.uasset" 1351
"C:/Arcadia/Unreal/Projects/Ricochet2/Content/RicochetContent/Blueprints/BP_Player.uexp" 1352
"C:/Arcadia/Unreal/Projects/Ricochet2/Content/RicochetContent/Input/Actions/IA_Pause.uasset" 1353
"C:/Arcadia/Unreal/Projects/Ricochet2/Content/RicochetContent/Input/Actions/IA_Pause.uexp" 1354
"C:/Arcadia/Unreal/Projects/Ricochet2/Content/RicochetContent/Input/IMC_Player.uasset" 1355
"C:/Arcadia/Unreal/Projects/Ricochet2/Content/RicochetContent/Input/IMC_Player.uexp" 1356
"C:/Arcadia/Unreal/Projects/Ricochet2/Content/RicochetContent/Blueprints/UI/WB_PauseMenu.uasset" 1357
"C:/Arcadia/Unreal/Projects/Ricochet2/Content/RicochetContent/Blueprints/UI/WB_PauseMenu.uexp" 1358
"C:/Arcadia/Unreal/Projects/Ricochet2/Content/RicochetContent/Blueprints/BP_RicochetPlayerController.uasset" 1359
"C:/Arcadia/Unreal/Projects/Ricochet2/Content/RicochetContent/Blueprints/BP_RicochetPlayerController.uexp" 1360
"C:/Arcadia/Unreal/Projects/Ricochet2/Content/RicochetContent/Textures/Crosshair.uasset" 1361
"C:/Arcadia/Unreal/Projects/Ricochet2/Content/RicochetContent/Textures/Crosshair.uexp" 1362
"C:/Arcadia/Unreal/Projects/Ricochet2/Content/RicochetContent/Blueprints/UI/WB_GameHUD.uasset" 1363
"C:/Arcadia/Unreal/Projects/Ricochet2/Content/RicochetContent/Blueprints/UI/WB_GameHUD.uexp" 1364
"C:/Arcadia/Unreal/Projects/Ricochet2/Content/RicochetContent/Blueprints/UI/HUD_RicochetHUD.uasset" 1365
"C:/Arcadia/Unreal/Projects/Ricochet2/Content/RicochetContent/Blueprints/UI/HUD_RicochetHUD.uexp" 1366
"C:/Arcadia/Unreal/Projects/Ricochet2/Content/RicochetContent/Blueprints/BP_RicochetGameMode.uasset" 1367
"C:/Arcadia/Unreal/Projects/Ricochet2/Content/RicochetContent/Blueprints/BP_RicochetGameMode.uexp" 1368
"C:/Arcadia/Unreal/Projects/Ricochet2/Content/RicochetContent/Materials/Light.uasset" 1369
"C:/Arcadia/Unreal/Projects/Ricochet2/Content/RicochetContent/Materials/Light.uexp" 1370
"C:/Arcadia/Unreal/Projects/Ricochet2/Content/RicochetContent/Blueprints/CeilingLight.uasset" 1371
"C:/Arcadia/Unreal/Projects/Ricochet2/Content/RicochetContent/Blueprints/CeilingLight.uexp" 1372
"C:/Arcadia/Unreal/Projects/Ricochet2/Content/RicochetContent/Materials/Glass.uasset" 1373
"C:/Arcadia/Unreal/Projects/Ricochet2/Content/RicochetContent/Materials/Glass.uexp" 1374
"C:/Arcadia/Unreal/Projects/Ricochet2/Content/RicochetContent/Textures/WarningPoster.uasset" 1375
"C:/Arcadia/Unreal/Projects/Ricochet2/Content/RicochetContent/Textures/WarningPoster.uexp" 1376
"C:/Arcadia/Unreal/Projects/Ricochet2/Content/RicochetContent/Materials/M_TextureMaterial.uasset" 1377
"C:/Arcadia/Unreal/Projects/Ricochet2/Content/RicochetContent/Materials/M_TextureMaterial.uexp" 1378
"C:/Arcadia/Unreal/Projects/Ricochet2/Content/RicochetContent/Blueprints/Enemies/BP_PatrolRoute.uasset" 1379
"C:/Arcadia/Unreal/Projects/Ricochet2/Content/RicochetContent/Blueprints/Enemies/BP_PatrolRoute.uexp" 1380
"C:/Arcadia/Unreal/Projects/Ricochet2/Content/Characters/Mannequins/Anims/Rifle/MM_Rifle_Fire.uasset" 1381
"C:/Arcadia/Unreal/Projects/Ricochet2/Content/Characters/Mannequins/Anims/Rifle/MM_Rifle_Fire.uexp" 1382
"C:/Arcadia/Unreal/Projects/Ricochet2/Content/RicochetContent/Animations/FP_Rifle_Shoot_Montage.uasset" 1383
"C:/Arcadia/Unreal/Projects/Ricochet2/Content/RicochetContent/Animations/FP_Rifle_Shoot_Montage.uexp" 1384
"C:/Arcadia/Unreal/Projects/Ricochet2/Content/RicochetContent/Effects/NS_LaserSight.uasset" 1385
"C:/Arcadia/Unreal/Projects/Ricochet2/Content/RicochetContent/Effects/NS_LaserSight.uexp" 1386
"C:/Arcadia/Unreal/Projects/Ricochet2/Content/RicochetContent/Blueprints/BPC_LaserSight.uasset" 1387
"C:/Arcadia/Unreal/Projects/Ricochet2/Content/RicochetContent/Blueprints/BPC_LaserSight.uexp" 1388
"C:/Arcadia/Unreal/Projects/Ricochet2/Content/Weapons/Rifle/Meshes/SM_Rifle.ubulk" 1389
"C:/Arcadia/Unreal/Projects/Ricochet2/Content/Weapons/Rifle/Meshes/SM_Rifle.uasset" 1390
"C:/Arcadia/Unreal/Projects/Ricochet2/Content/Weapons/Rifle/Meshes/SM_Rifle.uexp" 1391
"C:/Arcadia/Unreal/Projects/Ricochet2/Content/RicochetContent/Blueprints/Weapons/BP_Rifle.uasset" 1392
"C:/Arcadia/Unreal/Projects/Ricochet2/Content/RicochetContent/Blueprints/Weapons/BP_Rifle.uexp" 1393
"C:/Arcadia/Unreal/Projects/Ricochet2/Content/RicochetContent/Blueprints/Enemies/AI/Enums/E_MovementSpeed.uasset" 1394
"C:/Arcadia/Unreal/Projects/Ricochet2/Content/RicochetContent/Blueprints/Enemies/AI/Enums/E_MovementSpeed.uexp" 1395
"C:/Arcadia/Unreal/Projects/Ricochet2/Content/RicochetContent/Blueprints/Enemies/AI/BPI_EnemyAI.uasset" 1396
"C:/Arcadia/Unreal/Projects/Ricochet2/Content/RicochetContent/Blueprints/Enemies/AI/BPI_EnemyAI.uexp" 1397
"C:/Arcadia/Unreal/Projects/Ricochet2/Content/RicochetContent/Blueprints/Enemies/AI/Enums/E_EnemyState.uasset" 1398
"C:/Arcadia/Unreal/Projects/Ricochet2/Content/RicochetContent/Blueprints/Enemies/AI/Enums/E_EnemyState.uexp" 1399
"C:/Arcadia/Unreal/Projects/Ricochet2/Content/RicochetContent/Blueprints/Enemies/AI/Enums/E_AISense.uasset" 1400
"C:/Arcadia/Unreal/Projects/Ricochet2/Content/RicochetContent/Blueprints/Enemies/AI/Enums/E_AISense.uexp" 1401
"C:/Arcadia/Unreal/Projects/Ricochet2/Content/RicochetContent/Blueprints/Enemies/AI/BP_Enemy.uasset" 1402
"C:/Arcadia/Unreal/Projects/Ricochet2/Content/RicochetContent/Blueprints/Enemies/AI/BP_Enemy.uexp" 1403
"C:/Arcadia/Unreal/Projects/Ricochet2/Content/RicochetContent/Blueprints/Enemies/AI/BTT_FocusTarget.uasset" 1404
"C:/Arcadia/Unreal/Projects/Ricochet2/Content/RicochetContent/Blueprints/Enemies/AI/BTT_FocusTarget.uexp" 1405
"C:/Arcadia/Unreal/Projects/Ricochet2/Content/RicochetContent/Blueprints/Enemies/AI/Decorators/BTD_HasPatrolRoute.uasset" 1406
"C:/Arcadia/Unreal/Projects/Ricochet2/Content/RicochetContent/Blueprints/Enemies/AI/Decorators/BTD_HasPatrolRoute.uexp" 1407
"C:/Arcadia/Unreal/Projects/Ricochet2/Content/RicochetContent/Blueprints/Enemies/AI/Tasks/BTT_Attack.uasset" 1408
"C:/Arcadia/Unreal/Projects/Ricochet2/Content/RicochetContent/Blueprints/Enemies/AI/Tasks/BTT_Attack.uexp" 1409
"C:/Arcadia/Unreal/Projects/Ricochet2/Content/RicochetContent/Blueprints/Enemies/AI/Tasks/BTT_SetMovementSpeed.uasset" 1410
"C:/Arcadia/Unreal/Projects/Ricochet2/Content/RicochetContent/Blueprints/Enemies/AI/Tasks/BTT_SetMovementSpeed.uexp" 1411
"C:/Arcadia/Unreal/Projects/Ricochet2/Content/RicochetContent/Blueprints/Enemies/AI/Tasks/BTT_SetPassiveState.uasset" 1412
"C:/Arcadia/Unreal/Projects/Ricochet2/Content/RicochetContent/Blueprints/Enemies/AI/Tasks/BTT_SetPassiveState.uexp" 1413
"C:/Arcadia/Unreal/Projects/Ricochet2/Content/RicochetContent/Blueprints/Enemies/AI/Tasks/BTT_Unfocus.uasset" 1414
"C:/Arcadia/Unreal/Projects/Ricochet2/Content/RicochetContent/Blueprints/Enemies/AI/Tasks/BTT_Unfocus.uexp" 1415
"C:/Arcadia/Unreal/Projects/Ricochet2/Content/RicochetContent/Blueprints/Enemies/AI/Tasks/BTT_MoveAlongPatrolRoute.uasset" 1416
"C:/Arcadia/Unreal/Projects/Ricochet2/Content/RicochetContent/Blueprints/Enemies/AI/Tasks/BTT_MoveAlongPatrolRoute.uexp" 1417
"C:/Arcadia/Unreal/Projects/Ricochet2/Content/RicochetContent/Blueprints/Enemies/AI/Tasks/BTT_MoveToLOS.uasset" 1418
"C:/Arcadia/Unreal/Projects/Ricochet2/Content/RicochetContent/Blueprints/Enemies/AI/Tasks/BTT_MoveToLOS.uexp" 1419
"C:/Arcadia/Unreal/Projects/Ricochet2/Content/RicochetContent/Blueprints/Enemies/AI/BT_Enemy.uasset" 1420
"C:/Arcadia/Unreal/Projects/Ricochet2/Content/RicochetContent/Blueprints/Enemies/AI/BT_Enemy.uexp" 1421
"C:/Arcadia/Unreal/Projects/Ricochet2/Content/RicochetContent/Blueprints/Enemies/AI/AIC_Enemy.uasset" 1422
"C:/Arcadia/Unreal/Projects/Ricochet2/Content/RicochetContent/Blueprints/Enemies/AI/AIC_Enemy.uexp" 1423
"C:/Arcadia/Unreal/Projects/Ricochet2/Content/RicochetContent/Blueprints/Enemies/BP_Enemy.uasset" 1424
"C:/Arcadia/Unreal/Projects/Ricochet2/Content/RicochetContent/Blueprints/Enemies/BP_Enemy.uexp" 1425
"C:/Arcadia/Unreal/Projects/Ricochet2/Content/RicochetContent/Levels/LevelOne.uexp" 1426
"C:/Arcadia/Unreal/Projects/Ricochet2/Content/RicochetContent/Levels/LevelOne.umap" 1427
"C:/Arcadia/Unreal/Projects/Ricochet2/Content/RicochetContent/Materials/MI_InvincibleManny_01.uasset" 1428
"C:/Arcadia/Unreal/Projects/Ricochet2/Content/RicochetContent/Materials/MI_InvincibleManny_01.uexp" 1429
"C:/Arcadia/Unreal/Projects/Ricochet2/Content/RicochetContent/Materials/MI_InvincibleManny_02.uasset" 1430
"C:/Arcadia/Unreal/Projects/Ricochet2/Content/RicochetContent/Materials/MI_InvincibleManny_02.uexp" 1431
"C:/Arcadia/Unreal/Projects/Ricochet2/Content/RicochetContent/Blueprints/Enemies/BP_InvincibleEnemy.uasset" 1432
"C:/Arcadia/Unreal/Projects/Ricochet2/Content/RicochetContent/Blueprints/Enemies/BP_InvincibleEnemy.uexp" 1433
"C:/Arcadia/Unreal/Projects/Ricochet2/Content/RicochetContent/Blueprints/Interactables/BPI_Triggerable.uasset" 1434
"C:/Arcadia/Unreal/Projects/Ricochet2/Content/RicochetContent/Blueprints/Interactables/BPI_Triggerable.uexp" 1435
"C:/Arcadia/Unreal/Projects/Ricochet2/Content/RicochetContent/Blueprints/Interactables/BPC_Trigger.uasset" 1436
"C:/Arcadia/Unreal/Projects/Ricochet2/Content/RicochetContent/Blueprints/Interactables/BPC_Trigger.uexp" 1437
"C:/Arcadia/Unreal/Projects/Ricochet2/Content/RicochetContent/Audio/Button.ubulk" 1438
"C:/Arcadia/Unreal/Projects/Ricochet2/Content/RicochetContent/Audio/Button.uasset" 1439
"C:/Arcadia/Unreal/Projects/Ricochet2/Content/RicochetContent/Audio/Button.uexp" 1440
"C:/Arcadia/Unreal/Projects/Ricochet2/Content/RicochetContent/Materials/MI_LaserButtonActivated.uasset" 1441
"C:/Arcadia/Unreal/Projects/Ricochet2/Content/RicochetContent/Materials/MI_LaserButtonActivated.uexp" 1442
"C:/Arcadia/Unreal/Projects/Ricochet2/Content/RicochetContent/Materials/MI_LaserButtonDeactivated.uasset" 1443
"C:/Arcadia/Unreal/Projects/Ricochet2/Content/RicochetContent/Materials/MI_LaserButtonDeactivated.uexp" 1444
"C:/Arcadia/Unreal/Projects/Ricochet2/Content/RicochetContent/Blueprints/Interactables/BP_LaserButton.uasset" 1445
"C:/Arcadia/Unreal/Projects/Ricochet2/Content/RicochetContent/Blueprints/Interactables/BP_LaserButton.uexp" 1446
"C:/Arcadia/Unreal/Projects/Ricochet2/Content/RicochetContent/Blueprints/Interactables/BP_SplineMover.uasset" 1447
"C:/Arcadia/Unreal/Projects/Ricochet2/Content/RicochetContent/Blueprints/Interactables/BP_SplineMover.uexp" 1448
"C:/Arcadia/Unreal/Projects/Ricochet2/Content/RicochetContent/Levels/LevelThree_BuiltData.ubulk" 1449
"C:/Arcadia/Unreal/Projects/Ricochet2/Content/RicochetContent/Levels/LevelThree_BuiltData.uasset" 1450
"C:/Arcadia/Unreal/Projects/Ricochet2/Content/RicochetContent/Levels/LevelThree_BuiltData.uexp" 1451
"C:/Arcadia/Unreal/Projects/Ricochet2/Content/RicochetContent/Levels/LevelThree.uexp" 1452
"C:/Arcadia/Unreal/Projects/Ricochet2/Content/RicochetContent/Levels/LevelThree.umap" 1453
"C:/Arcadia/Unreal/Projects/Ricochet2/Content/RicochetContent/Levels/LevelTwo_BuiltData.uasset" 1454
"C:/Arcadia/Unreal/Projects/Ricochet2/Content/RicochetContent/Levels/LevelTwo_BuiltData.uexp" 1455
"C:/Arcadia/Unreal/Projects/Ricochet2/Content/RicochetContent/Levels/LevelTwo.uexp" 1456
"C:/Arcadia/Unreal/Projects/Ricochet2/Content/RicochetContent/Levels/LevelTwo.umap" 1457
