"C:/Arcadia/Unreal/Projects/Ricochet2/Ricochet_2.uproject" 1
"../../../Engine/Plugins/AudioGameplay/AudioGameplay.uplugin" 2
"../../../Engine/Plugins/AudioInsights/AudioInsights.uplugin" 3
"../../../Engine/Plugins/BlueprintFileUtils/BlueprintFileUtils.uplugin" 4
"../../../Engine/Plugins/BaseMaterial/BaseMaterial.uplugin" 5
"../../../Engine/Plugins/Bridge/Bridge.uplugin" 6
"../../../Engine/Plugins/ChaosCloth/ChaosCloth.uplugin" 7
"../../../Engine/Plugins/ChaosClothAsset/ChaosClothAsset.uplugin" 8
"../../../Engine/Plugins/ChaosInsights/ChaosInsights.uplugin" 9
"../../../Engine/Plugins/ChaosClothAssetEditor/ChaosClothAssetEditor.uplugin" 10
"../../../Engine/Plugins/ChaosVD/ChaosVD.uplugin" 11
"../../../Engine/Plugins/AudioGameplayVolume/AudioGameplayVolume.uplugin" 12
"../../../Engine/Plugins/CmdLinkServer/CmdLinkServer.uplugin" 13
"../../../Engine/Plugins/DiscoveryBeaconReceiver/DiscoveryBeaconReceiver.uplugin" 14
"../../../Engine/Plugins/Chooser/Chooser.uplugin" 15
"../../../Engine/Plugins/EnhancedInput/EnhancedInput.uplugin" 16
"../../../Engine/Plugins/Fab/Fab.uplugin" 17
"../../../Engine/Plugins/FastBuildController/FastBuildController.uplugin" 18
"../../../Engine/Plugins/IoStoreInsights/IoStoreInsights.uplugin" 19
"../../../Engine/Plugins/LightWeightInstancesEditor/LightWeightInstancesEditor.uplugin" 20
"../../../Engine/Plugins/MassInsights/MassInsights.uplugin" 21
"../../../Engine/Plugins/MemoryUsageQueries/MemoryUsageQueries.uplugin" 22
"../../../Engine/Plugins/MeshPainting/MeshPainting.uplugin" 23
"../../../Engine/Plugins/JsonBlueprintUtilities/JsonBlueprintUtilities.uplugin" 24
"../../../Engine/Plugins/PCG/PCG.uplugin" 25
"../../../Engine/Plugins/RenderGraphInsights/RenderGraphInsights.uplugin" 26
"../../../Engine/Plugins/TextureGraph/TextureGraph.uplugin" 27
"../../../Engine/Plugins/TraceUtilities/TraceUtilities.uplugin" 28
"../../../Engine/Plugins/ScriptPlugin/ScriptPlugin.uplugin" 29
"../../../Engine/Plugins/UbaController/UbaController.uplugin" 30
"../../../Engine/Plugins/WorldMetrics/WorldMetrics.uplugin" 31
"../../../Engine/Plugins/XGEController/XGEController.uplugin" 32
"../../../Engine/Plugins/Mutable/Mutable.uplugin" 33
"../../../Engine/Plugins/Experimental/AIAssistant/AIAssistant.uplugin" 34
"../../../Engine/Plugins/Experimental/AbilitySystemGameFeatureActions/AbilitySystemGameFeatureActions.uplugin" 35
"../../../Engine/Plugins/Experimental/AdvancedRenamer/AdvancedRenamer.uplugin" 36
"../../../Engine/Plugins/Experimental/AsyncMessageSystem/AsyncMessageSystem.uplugin" 37
"../../../Engine/Plugins/Experimental/AvalancheDisplayCluster/AvalancheDisplayCluster.uplugin" 38
"../../../Engine/Plugins/Experimental/AsyncMessageSystemTests/AsyncMessageSystemTests.uplugin" 39
"../../../Engine/Plugins/Experimental/AnimToTexture/AnimToTexture.uplugin" 40
"../../../Engine/Plugins/Compression/OodleNetwork/OodleNetwork.uplugin" 41
"../../../Engine/Plugins/Experimental/AutomationUtils/AutomationUtils.uplugin" 42
"../../../Engine/Plugins/Experimental/BackChannel/BackChannel.uplugin" 43
"../../../Engine/Plugins/Experimental/BlueprintSnapNodes/BlueprintSnapNodes.uplugin" 44
"../../../Engine/Plugins/Experimental/ChaosCaching/ChaosCaching.uplugin" 45
"../../../Engine/Plugins/Experimental/AvalancheSequenceNavigator/AvalancheSequenceNavigator.uplugin" 46
"../../../Engine/Plugins/Experimental/Buoyancy/Buoyancy.uplugin" 47
"../../../Engine/Plugins/Experimental/BlueprintStats/BlueprintStats.uplugin" 48
"../../../Engine/Plugins/Experimental/ChaosClothEditor/ChaosClothEditor.uplugin" 49
"../../../Engine/Plugins/Experimental/ChaosFlesh/ChaosFlesh.uplugin" 50
"../../../Engine/Plugins/Experimental/ChaosModularVehicleExamples/ChaosModularVehicleExamples.uplugin" 51
"../../../Engine/Plugins/Experimental/ChaosMover/ChaosMover.uplugin" 52
"../../../Engine/Plugins/Experimental/ChaosNiagara/ChaosNiagara.uplugin" 53
"../../../Engine/Plugins/Experimental/ChaosOutfitAsset/ChaosOutfitAsset.uplugin" 54
"../../../Engine/Plugins/Experimental/ChaosModularVehicle/ChaosModularVehicle.uplugin" 55
"../../../Engine/Plugins/Experimental/ChaosEditor/ChaosEditor.uplugin" 56
"../../../Engine/Plugins/Experimental/ChaosCachingUSD/ChaosCachingUSD.uplugin" 57
"../../../Engine/Plugins/Experimental/ChaosUserDataPT/ChaosUserDataPT.uplugin" 58
"../../../Engine/Plugins/Experimental/ActorPalette/ActorPalette.uplugin" 59
"../../../Engine/Plugins/Experimental/CharacterAI/CharacterAI.uplugin" 60
"../../../Engine/Plugins/Experimental/EditorDataStorage/EditorDataStorage.uplugin" 61
"../../../Engine/Plugins/Experimental/EditorDataStorageFeatures/EditorDataStorageFeatures.uplugin" 62
"../../../Engine/Plugins/Experimental/Dataflow/Dataflow.uplugin" 63
"../../../Engine/Plugins/Experimental/ChaosRigidAsset/ChaosRigidAsset.uplugin" 64
"../../../Engine/Plugins/Experimental/ChaosVehiclesPlugin/ChaosVehiclesPlugin.uplugin" 65
"../../../Engine/Plugins/Experimental/EditorPerformance/EditorPerformance.uplugin" 66
"../../../Engine/Plugins/Experimental/CineCameraSceneCapture/CineCameraSceneCapture.uplugin" 67
"../../../Engine/Plugins/Experimental/EvaluationNotifies/EvaluationNotifies.uplugin" 68
"../../../Engine/Plugins/Experimental/CinematicSequenceNavigator/CinematicSequenceNavigator.uplugin" 69
"../../../Engine/Plugins/Experimental/DynamicMaterialMediaStreamBridge/DynamicMaterialMediaStreamBridge.uplugin" 70
"../../../Engine/Plugins/Experimental/FieldSystemPlugin/FieldSystemPlugin.uplugin" 71
"../../../Engine/Plugins/Experimental/Fracture/Fracture.uplugin" 72
"../../../Engine/Plugins/Experimental/GameInputWindows/GameInputWindows.uplugin" 73
"../../../Engine/Plugins/Experimental/GameplayBehaviors/GameplayBehaviors.uplugin" 74
"../../../Engine/Plugins/Experimental/GameplayTargetingSystem/TargetingSystem.uplugin" 75
"../../../Engine/Plugins/Experimental/FloatingProperties/FloatingProperties.uplugin" 76
"../../../Engine/Plugins/Experimental/FullBodyIK/FullBodyIK.uplugin" 77
"../../../Engine/Plugins/Experimental/Gauntlet/Gauntlet.uplugin" 78
"../../../Engine/Plugins/Experimental/GameplayGraph/GameplayGraph.uplugin" 79
"../../../Engine/Plugins/Experimental/GeometryCacheLevelSequenceBaker/GeometryCacheLevelSequenceBaker.uplugin" 80
"../../../Engine/Plugins/Experimental/CodeEditor/CodeEditor.uplugin" 81
"../../../Engine/Plugins/Experimental/GeometryCollectionPlugin/GeometryCollectionPlugin.uplugin" 82
"../../../Engine/Plugins/Experimental/DaySequence/DaySequence.uplugin" 83
"../../../Engine/Plugins/Experimental/GeometryFlow/GeometryFlow.uplugin" 84
"../../../Engine/Plugins/Experimental/FastGeoStreaming/FastGeoStreaming.uplugin" 85
"../../../Engine/Plugins/Experimental/GizmoFramework/GizmoFramework.uplugin" 86
"../../../Engine/Plugins/Experimental/GlobalConfigurationData/GlobalConfigurationData.uplugin" 87
"../../../Engine/Plugins/Experimental/GPULightmass/GPULightmass.uplugin" 88
"../../../Engine/Plugins/Experimental/HairCardGenerator/HairCardGenerator.uplugin" 89
"../../../Engine/Plugins/Experimental/GeometryDataflow/GeometryDataflow.uplugin" 90
"../../../Engine/Plugins/Experimental/ImagePlate/ImagePlate.uplugin" 91
"../../../Engine/Plugins/Experimental/InlineMaterialInstance/InlineMaterialInstance.uplugin" 92
"../../../Engine/Plugins/Experimental/InstanceDataObjectFixupTool/InstanceDataObjectFixupTool.uplugin" 93
"../../../Engine/Plugins/Experimental/CineCameraRigs/CineCameraRigs.uplugin" 94
"../../../Engine/Plugins/Experimental/InteractionInterface/InteractionInterface.uplugin" 95
"../../../Engine/Plugins/Experimental/InEditorDocumentation/InEditorDocumentation.uplugin" 96
"../../../Engine/Plugins/Experimental/HairModelingToolset/HairModelingToolset.uplugin" 97
"../../../Engine/Plugins/Experimental/Iris/Iris.uplugin" 98
"../../../Engine/Plugins/Experimental/Landmass/Landmass.uplugin" 99
"../../../Engine/Plugins/Experimental/LearningAgents/LearningAgents.uplugin" 100
"../../../Engine/Plugins/Experimental/LiveLinkControlRig/LiveLinkControlRig.uplugin" 101
"../../../Engine/Plugins/Experimental/HairStrandsMutable/HairStrandsMutable.uplugin" 102
"../../../Engine/Plugins/Experimental/JWT/JWT.uplugin" 103
"../../../Engine/Plugins/Experimental/LiveLinkFaceImporter/LiveLinkFaceImporter.uplugin" 104
"../../../Engine/Plugins/Experimental/LocalizableMessage/LocalizableMessage.uplugin" 105
"../../../Engine/Plugins/Experimental/LowLevelNetTrace/LowLevelNetTrace.uplugin" 106
"../../../Engine/Plugins/Experimental/DefaultInstallBundleManager/DefaultInstallBundleManager.uplugin" 107
"../../../Engine/Plugins/Experimental/LiveLinkOpenVR/LiveLinkOpenVR.uplugin" 108
"../../../Engine/Plugins/Experimental/CinematicPrestreaming/CinematicPrestreaming.uplugin" 109
"../../../Engine/Plugins/Experimental/LevelSequenceNavigatorBridge/LevelSequenceNavigatorBridge.uplugin" 110
"../../../Engine/Plugins/Experimental/MLflow/MLflow.uplugin" 111
"../../../Engine/Plugins/Experimental/MotorSimOutputMotoSynth/MotorSimOutputMotoSynth.uplugin" 112
"../../../Engine/Plugins/Experimental/ImageWidgets/ImageWidgets.uplugin" 113
"../../../Engine/Plugins/Experimental/MeshResizing/MeshResizing.uplugin" 114
"../../../Engine/Plugins/Experimental/MoverExamples/MoverExamples.uplugin" 115
"../../../Engine/Plugins/Experimental/MotoSynth/MotoSynth.uplugin" 116
"../../../Engine/Plugins/Experimental/MoverAnimNext/MoverAnimNext.uplugin" 117
"../../../Engine/Plugins/Experimental/CommonConversation/CommonConversation.uplugin" 118
"../../../Engine/Plugins/Experimental/MeshModelingToolsetExp/MeshModelingToolsetExp.uplugin" 119
"../../../Engine/Plugins/Experimental/DrawDebugLibrary/DrawDebugLibrary.uplugin" 120
"../../../Engine/Plugins/Experimental/MediaStream/MediaStream.uplugin" 121
"../../../Engine/Plugins/Experimental/MoverTests/MoverTests.uplugin" 122
"../../../Engine/Plugins/Experimental/DynamicWind/DynamicWind.uplugin" 123
"../../../Engine/Plugins/Experimental/MutableClothing/MutableClothing.uplugin" 124
"../../../Engine/Plugins/Experimental/MutablePopulation/MutablePopulation.uplugin" 125
"../../../Engine/Plugins/Experimental/ControlRigPhysics/ControlRigPhysics.uplugin" 126
"../../../Engine/Plugins/Experimental/MutableDataflow/MutableDataflow.uplugin" 127
"../../../Engine/Plugins/Experimental/MovieSceneAnimMixer/MovieSceneAnimMixer.uplugin" 128
"../../../Engine/Plugins/Experimental/NaniteAssemblyEditorUtils/NaniteAssemblyEditorUtils.uplugin" 129
"../../../Engine/Plugins/Experimental/NNERuntimeCoreML/NNERuntimeCoreML.uplugin" 130
"../../../Engine/Plugins/Experimental/CodeView/CodeView.uplugin" 131
"../../../Engine/Plugins/Experimental/MoverIntegrations/MoverIntegrations.uplugin" 132
"../../../Engine/Plugins/Experimental/NFORDenoise/NFORDenoise.uplugin" 133
"../../../Engine/Plugins/Experimental/NeuralRendering/NeuralRendering.uplugin" 134
"../../../Engine/Plugins/Experimental/ColorCorrectRegions/ColorCorrectRegions.uplugin" 135
"../../../Engine/Plugins/Experimental/OptiXDenoise/OptiXDenoise.uplugin" 136
"../../../Engine/Plugins/Experimental/PCGBiomeSample/PCGBiomeSample.uplugin" 137
"../../../Engine/Plugins/Experimental/PCGBiomeCore/PCGBiomeCore.uplugin" 138
"../../../Engine/Plugins/Experimental/PanoramicCapture/PanoramicCapture.uplugin" 139
"../../../Engine/Plugins/Experimental/ChaosSolverPlugin/ChaosSolverPlugin.uplugin" 140
"../../../Engine/Plugins/Experimental/GeometryCacheAbcFile/GeometryCacheAbcFile.uplugin" 141
"../../../Engine/Plugins/Experimental/NNERuntimeBasicCpu/NNERuntimeBasicCpu.uplugin" 142
"../../../Engine/Plugins/Experimental/PixelStreamingPlayer/PixelStreamingPlayer.uplugin" 143
"../../../Engine/Plugins/Experimental/GizmoEdMode/GizmoEdMode.uplugin" 144
"../../../Engine/Plugins/Experimental/NNERuntimeRDG/NNERuntimeRDG.uplugin" 145
"../../../Engine/Plugins/Experimental/EditorTelemetry/EditorTelemetry.uplugin" 146
"../../../Engine/Plugins/Experimental/PluginAudit/PluginAudit.uplugin" 147
"../../../Engine/Plugins/Experimental/PlatformCrypto/PlatformCrypto.uplugin" 148
"../../../Engine/Plugins/Experimental/PluginReferenceViewer/PluginReferenceViewer.uplugin" 149
"../../../Engine/Plugins/Experimental/PlainProps/PlainProps.uplugin" 150
"../../../Engine/Plugins/Experimental/PlainPropsEngine/PlainPropsEngine.uplugin" 151
"../../../Engine/Plugins/Experimental/PhysicsControl/PhysicsControl.uplugin" 152
"../../../Engine/Plugins/Experimental/PostProcessMaterialChainGraph/PostProcessMaterialChainGraph.uplugin" 153
"../../../Engine/Plugins/Experimental/PSDImporter/PSDImporter.uplugin" 154
"../../../Engine/Plugins/Experimental/PSDImporterMaterialDesignerBridge/PSDImporterMaterialDesignerBridge.uplugin" 155
"../../../Engine/Plugins/Experimental/PythonFoundationPackages/PythonFoundationPackages.uplugin" 156
"../../../Engine/Plugins/Experimental/RazerChromaDevices/RazerChromaDevices.uplugin" 157
"../../../Engine/Plugins/Experimental/ImpostorBaker/ImpostorBaker.uplugin" 158
"../../../Engine/Plugins/Experimental/QuicMessaging/QuicMessaging.uplugin" 159
"../../../Engine/Plugins/Experimental/OpenImageDenoise/OpenImageDenoise.uplugin" 160
"../../../Engine/Plugins/Experimental/PluginTemplateTool/PluginTemplateTool.uplugin" 161
"../../../Engine/Plugins/Experimental/CelestialVault/CelestialVault.uplugin" 162
"../../../Engine/Plugins/Experimental/RigLogicUAF/RigLogicUAF.uplugin" 163
"../../../Engine/Plugins/Experimental/RuntimeTelemetry/RuntimeTelemetry.uplugin" 164
"../../../Engine/Plugins/Experimental/ProceduralVegetationEditor/ProceduralVegetationEditor.uplugin" 165
"../../../Engine/Plugins/Experimental/SerializationUtils/SerializationUtils.uplugin" 166
"../../../Engine/Plugins/Experimental/NNERuntimeIREE/NNERuntimeIREE.uplugin" 167
"../../../Engine/Plugins/Experimental/SkeletalReduction/SkeletalReduction.uplugin" 168
"../../../Engine/Plugins/Experimental/PythonMLPackages/PythonMLPackages.uplugin" 169
"../../../Engine/Plugins/Experimental/RemoteSession/RemoteSession.uplugin" 170
"../../../Engine/Plugins/Experimental/Shotgrid/Shotgrid.uplugin" 171
"../../../Engine/Plugins/Experimental/RemoteControlActorModifierBridge/RemoteControlActorModifierBridge.uplugin" 172
"../../../Engine/Plugins/Experimental/PlainPropsUObject/PlainPropsUObject.uplugin" 173
"../../../Engine/Plugins/Experimental/RemoteControlComponents/RemoteControlComponents.uplugin" 174
"../../../Engine/Plugins/Experimental/MetasoundExperimental/MetasoundExperimental.uplugin" 175
"../../../Engine/Plugins/Experimental/SlateScreenReader/SlateScreenReader.uplugin" 176
"../../../Engine/Plugins/Experimental/SpatialReadiness/SpatialReadiness.uplugin" 177
"../../../Engine/Plugins/Experimental/ControlFlows/ControlFlows.uplugin" 178
"../../../Engine/Plugins/Experimental/SlateModelViewViewModel/SlateModelViewViewModel.uplugin" 179
"../../../Engine/Plugins/Experimental/RenderGrid/RenderGrid.uplugin" 180
"../../../Engine/Plugins/Experimental/SurfaceEffects/SurfaceEffects.uplugin" 181
"../../../Engine/Plugins/Experimental/RigLogicMutable/RigLogicMutable.uplugin" 182
"../../../Engine/Plugins/Experimental/SubmitToolEditor/SubmitToolEditor.uplugin" 183
"../../../Engine/Plugins/Experimental/PlanarCutPlugin/PlanarCut.uplugin" 184
"../../../Engine/Plugins/Experimental/Tensorboard/Tensorboard.uplugin" 185
"../../../Engine/Plugins/Experimental/TechAudioTools/TechAudioTools.uplugin" 186
"../../../Engine/Plugins/Experimental/RawInput/RawInput.uplugin" 187
"../../../Engine/Plugins/Experimental/ToolPresets/ToolPresets.uplugin" 188
"../../../Engine/Plugins/Experimental/SecuritySandbox/SecuritySandbox.uplugin" 189
"../../../Engine/Plugins/Experimental/UserToolBoxCore/UserToolBoxCore.uplugin" 190
"../../../Engine/Plugins/Experimental/UIFramework/UIFramework.uplugin" 191
"../../../Engine/Plugins/Experimental/NaniteDisplacedMesh/NaniteDisplacedMesh.uplugin" 192
"../../../Engine/Plugins/Experimental/SubtitlesAndClosedCaptions/SubtitlesAndClosedCaptions.uplugin" 193
"../../../Engine/Plugins/Experimental/Mover/Mover.uplugin" 194
"../../../Engine/Plugins/Experimental/Volumetrics/Volumetrics.uplugin" 195
"../../../Engine/Plugins/Experimental/VirtualHeightfieldMesh/VirtualHeightfieldMesh.uplugin" 196
"../../../Engine/Plugins/Experimental/WaveFunctionCollapse/WaveFunctionCollapse.uplugin" 197
"../../../Engine/Plugins/Experimental/Water/Water.uplugin" 198
"../../../Engine/Plugins/Experimental/WaterExtras/WaterExtras.uplugin" 199
"../../../Engine/Plugins/Experimental/WebSocketMessaging/WebSocketMessaging.uplugin" 200
"../../../Engine/Plugins/Experimental/SimpleHMD/SimpleHMD.uplugin" 201
"../../../Engine/Plugins/Experimental/Workspace/Workspace.uplugin" 202
"../../../Engine/Plugins/Experimental/StateGraph/StateGraph.uplugin" 203
"../../../Engine/Plugins/MetaHuman/MetaHumanAnimator/MetaHuman.uplugin" 204
"../../../Engine/Plugins/Experimental/WaterAdvanced/WaterAdvanced.uplugin" 205
"../../../Engine/Plugins/Experimental/TextToSpeech/TextToSpeech.uplugin" 206
"../../../Engine/Plugins/Experimental/TargetDeviceServicesScripting/TargetDeviceServicesScripting.uplugin" 207
"../../../Engine/Plugins/MetaHuman/MetaHumanLiveLink/MetaHumanLiveLink.uplugin" 208
"../../../Engine/Plugins/Experimental/TetMeshing/TetMeshing.uplugin" 209
"../../../Engine/Plugins/Experimental/WebSocketNetworking/WebSocketNetworking.uplugin" 210
"../../../Engine/Plugins/Slate/SlateInsights/SlateInsights.uplugin" 211
"../../../Engine/Plugins/Slate/SlateScripting/SlateScripting.uplugin" 212
"../../../Engine/Plugins/Portal/LauncherChunkInstaller/LauncherChunkInstaller.uplugin" 213
"../../../Engine/Plugins/NetcodeUnitTest/NetcodeUnitTest/NetcodeUnitTest.uplugin" 214
"../../../Engine/Plugins/Experimental/VirtualProductionUtilities/VirtualProductionUtilities.uplugin" 215
"../../../Engine/Plugins/NetcodeUnitTest/NUTUnrealEngine/NUTUnrealEngine.uplugin" 216
"../../../Engine/Plugins/VirtualProduction/ActorModifierCore/ActorModifierCore.uplugin" 217
"../../../Engine/Plugins/Experimental/SlateIM/SlateIM.uplugin" 218
"../../../Engine/Plugins/VirtualProduction/CameraCalibration/CameraCalibration.uplugin" 219
"../../../Engine/Plugins/VirtualProduction/AvalancheSceneState/AvalancheSceneState.uplugin" 220
"../../../Engine/Plugins/Experimental/SequenceNavigator/SequenceNavigator.uplugin" 221
"../../../Engine/Plugins/MetaHuman/MetaHumanCoreTechLib/MetaHumanCoreTech.uplugin" 222
"../../../Engine/Plugins/VirtualProduction/CinematicAssemblyTools/CinematicAssemblyTools.uplugin" 223
"../../../Engine/Plugins/Experimental/StructUtils/StructUtils.uplugin" 224
"../../../Engine/Plugins/VirtualProduction/DataCharts/DataCharts.uplugin" 225
"../../../Engine/Plugins/VirtualProduction/ClonerEffector/ClonerEffector.uplugin" 226
"../../../Engine/Plugins/VirtualProduction/DataLink/DataLink.uplugin" 227
"../../../Engine/Plugins/Experimental/ScreenReader/ScreenReader.uplugin" 228
"../../../Engine/Plugins/VirtualProduction/LensComponent/LensComponent.uplugin" 229
"../../../Engine/Plugins/VirtualProduction/DynamicMaterial/DynamicMaterial.uplugin" 230
"../../../Engine/Plugins/VirtualProduction/CustomDetailsView/CustomDetailsView.uplugin" 231
"../../../Engine/Plugins/VirtualProduction/GeometryMask/GeometryMask.uplugin" 232
"../../../Engine/Plugins/VirtualProduction/CameraCalibrationCore/CameraCalibrationCore.uplugin" 233
"../../../Engine/Plugins/VirtualProduction/LiveLinkCamera/LiveLinkCamera.uplugin" 234
"../../../Engine/Plugins/VirtualProduction/ICVFXTesting/ICVFXTesting.uplugin" 235
"../../../Engine/Plugins/Experimental/XRCreativeFramework/XRCreativeFramework.uplugin" 236
"../../../Engine/Plugins/VirtualProduction/LiveLinkInputDevice/LiveLinkInputDevice.uplugin" 237
"../../../Engine/Plugins/VirtualProduction/LiveLinkLens/LiveLinkLens.uplugin" 238
"../../../Engine/Plugins/VirtualProduction/CompositePlane/CompositePlane.uplugin" 239
"../../../Engine/Plugins/VirtualProduction/LiveLinkXR/LiveLinkXR.uplugin" 240
"../../../Engine/Plugins/VirtualProduction/LiveLinkVRPN/LiveLinkVRPN.uplugin" 241
"../../../Engine/Plugins/VirtualProduction/PropertyAnimatorCore/PropertyAnimatorCore.uplugin" 242
"../../../Engine/Plugins/VirtualProduction/SceneState/SceneState.uplugin" 243
"../../../Engine/Plugins/VirtualProduction/SceneStateDataLink/SceneStateDataLink.uplugin" 244
"../../../Engine/Plugins/VirtualProduction/AvalancheDataLink/AvalancheDataLink.uplugin" 245
"../../../Engine/Plugins/VirtualProduction/CaptureData/CaptureData.uplugin" 246
"../../../Engine/Plugins/VirtualProduction/OperatorStack/OperatorStack.uplugin" 247
"../../../Engine/Plugins/VirtualProduction/SequencerPlaylists/SequencerPlaylists.uplugin" 248
"../../../Engine/Plugins/VirtualProduction/StageMonitoring/StageMonitoring.uplugin" 249
"../../../Engine/Plugins/VirtualProduction/RemoteControlWebInterface/RemoteControlWebInterface.uplugin" 250
"../../../Engine/Plugins/VirtualProduction/StormSyncAvalancheBridge/StormSyncAvalancheBridge.uplugin" 251
"../../../Engine/Plugins/VirtualProduction/Avalanche/Avalanche.uplugin" 252
"../../../Engine/Plugins/VirtualProduction/SVGImporter/SVGImporter.uplugin" 253
"../../../Engine/Plugins/MetaHuman/MetaHumanSDK/MetaHumanSDK.uplugin" 254
"../../../Engine/Plugins/VirtualProduction/Takes/Takes.uplugin" 255
"../../../Engine/Plugins/VirtualProduction/DataLinkOAuth/DataLinkOAuth.uplugin" 256
"../../../Engine/Plugins/VirtualProduction/VirtualCamera/VirtualCamera.uplugin" 257
"../../../Engine/Plugins/VirtualProduction/Switchboard/Switchboard.uplugin" 258
"../../../Engine/Plugins/VirtualProduction/VirtualCameraCore/VirtualCameraCore.uplugin" 259
"../../../Engine/Plugins/VirtualProduction/VirtualScouting/VirtualScouting.uplugin" 260
"../../../Engine/Plugins/Importers/AlembicHairImporter/AlembicHairImporter.uplugin" 261
"../../../Engine/Plugins/Importers/AlembicImporter/AlembicImporter.uplugin" 262
"../../../Engine/Plugins/VirtualProduction/Text3D/Text3D.uplugin" 263
"../../../Engine/Plugins/VirtualProduction/TextureShare/TextureShare.uplugin" 264
"../../../Engine/Plugins/Importers/USDImporter/USDImporter.uplugin" 265
"../../../Engine/Plugins/Importers/USDImporterMDL/USDImporterMDL.uplugin" 266
"../../../Engine/Plugins/Importers/USDMultiUser/USDMultiUser.uplugin" 267
"../../../Engine/Plugins/Media/AjaMedia/AjaMedia.uplugin" 268
"../../../Engine/Plugins/VirtualProduction/LevelSnapshots/LevelSnapshots.uplugin" 269
"../../../Engine/Plugins/VirtualProduction/LiveLinkPrestonMDR/LiveLinkPrestonMDR.uplugin" 270
"../../../Engine/Plugins/Media/AndroidMedia/AndroidMedia.uplugin" 271
"../../../Engine/Plugins/Marketplace/PaperZD2e8a5df400f9V20/PaperZD.uplugin" 272
"../../../Engine/Plugins/Media/AppleProResMedia/AppleProResMedia.uplugin" 273
"../../../Engine/Plugins/Media/AvfMedia/AvfMedia.uplugin" 274
"../../../Engine/Plugins/VirtualProduction/EpicStageApp/EpicStageApp.uplugin" 275
"../../../Engine/Plugins/Media/AndroidCamera/AndroidCamera.uplugin" 276
"../../../Engine/Plugins/Media/AvidDNxMedia/AvidDNxMedia.uplugin" 277
"../../../Engine/Plugins/Media/BinkMedia/BinkMedia.uplugin" 278
"../../../Engine/Plugins/Media/D3D12VideoDecodersElectra/D3D12VideoDecodersElectra.uplugin" 279
"../../../Engine/Plugins/Media/ElectraCDM/ElectraCDM.uplugin" 280
"../../../Engine/Plugins/Media/ElectraSubtitles/ElectraSubtitles.uplugin" 281
"../../../Engine/Plugins/Media/ElectraCodecs/ElectraCodecs.uplugin" 282
"../../../Engine/Plugins/Media/AvidDNxHDDecoderElectra/AvidDNxHDDecoderElectra.uplugin" 283
"../../../Engine/Plugins/Media/FlacDecoderElectra/FlacDecoderElectra.uplugin" 284
"../../../Engine/Plugins/Media/HAPDecoderElectra/HAPDecoderElectra.uplugin" 285
"../../../Engine/Plugins/MetaHuman/MetaHumanCharacter/MetaHumanCharacter.uplugin" 286
"../../../Engine/Plugins/Media/HAPMedia/HAPMedia.uplugin" 287
"../../../Engine/Plugins/VirtualProduction/StormSync/StormSync.uplugin" 288
"../../../Engine/Plugins/VirtualProduction/TimedDataMonitor/TimedDataMonitor.uplugin" 289
"../../../Engine/Plugins/Media/HardwareEncoders/HardwareEncoders.uplugin" 290
"../../../Engine/Plugins/Media/ImgMedia/ImgMedia.uplugin" 291
"../../../Engine/Plugins/Media/BlackmagicMedia/BlackmagicMedia.uplugin" 292
"../../../Engine/Plugins/Media/MediaPlate/MediaPlate.uplugin" 293
"../../../Engine/Plugins/VirtualProduction/LiveLinkFreeD/LiveLinkFreeD.uplugin" 294
"../../../Engine/Plugins/Media/MediaViewer/MediaViewer.uplugin" 295
"../../../Engine/Plugins/Media/LinearTimecode/LinearTimecode.uplugin" 296
"../../../Engine/Plugins/VirtualProduction/PerformanceCaptureWorkflow/PerformanceCaptureWorkflow.uplugin" 297
"../../../Engine/Plugins/Media/MfMedia/MfMedia.uplugin" 298
"../../../Engine/Plugins/Media/MediaIOFramework/MediaIOFramework.uplugin" 299
"../../../Engine/Plugins/Experimental/PythonScriptPlugin/PythonScriptPlugin.uplugin" 300
"../../../Engine/Plugins/Media/ElectraUtil/ElectraUtil.uplugin" 301
"../../../Engine/Plugins/VirtualProduction/PropertyAnimator/PropertyAnimator.uplugin" 302
"../../../Engine/Plugins/Media/NDIMedia/NDIMedia.uplugin" 303
"../../../Engine/Plugins/Media/PixelCapture/PixelCapture.uplugin" 304
"../../../Engine/Plugins/VirtualProduction/MultiUserTakes/MultiUserTakes.uplugin" 305
"../../../Engine/Plugins/Media/PixelStreaming/PixelStreaming.uplugin" 306
"../../../Engine/Plugins/Experimental/MovieScenePoseSearchTracks/MovieScenePoseSearchTracks.uplugin" 307
"../../../Engine/Plugins/Media/MediaFrameworkUtilities/MediaFrameworkUtilities.uplugin" 308
"../../../Engine/Plugins/VirtualProduction/LiveLinkOpenTrackIO/LiveLinkOpenTrackIO.uplugin" 309
"../../../Engine/Plugins/VirtualProduction/LiveLinkMasterLockit/LiveLinkMasterLockit.uplugin" 310
"../../../Engine/Plugins/Experimental/WidgetEditorToolPalette/WidgetEditorToolPalette.uplugin" 311
"../../../Engine/Plugins/Messaging/TcpMessaging/TcpMessaging.uplugin" 312
"../../../Engine/Plugins/Media/TimecodeSynchronizer/TimecodeSynchronizer.uplugin" 313
"../../../Engine/Plugins/NNE/NNEDenoiser/NNEDenoiser.uplugin" 314
"../../../Engine/Plugins/PCGInterops/PCGGeometryScriptInterop/PCGGeometryScriptInterop.uplugin" 315
"../../../Engine/Plugins/Media/VPxDecoderElectra/VPxDecoderElectra.uplugin" 316
"../../../Engine/Plugins/PCGInterops/PCGPythonInterop/PCGPythonInterop.uplugin" 317
"../../../Engine/Plugins/VirtualProduction/RemoteControlInterception/RemoteControlInterception.uplugin" 318
"../../../Engine/Plugins/MetaHuman/MetaHumanCalibrationProcessing/MetaHumanCalibrationProcessing.uplugin" 319
"../../../Engine/Plugins/Media/MediaPlayerEditor/MediaPlayerEditor.uplugin" 320
"../../../Engine/Plugins/PCGInterops/PCGExternalDataInterop/PCGExternalDataInterop.uplugin" 321
"../../../Engine/Plugins/Protocols/MQTT/MQTT.uplugin" 322
"../../../Engine/Plugins/VirtualProduction/ICVFX/ICVFX.uplugin" 323
"../../../Engine/Plugins/Tests/CQTest/CQTest.uplugin" 324
"../../../Engine/Plugins/Tests/InterchangeTests/InterchangeTests.uplugin" 325
"../../../Engine/Plugins/VirtualProduction/RemoteControl/RemoteControl.uplugin" 326
"../../../Engine/Plugins/VirtualProduction/CameraCalibrationML/CameraCalibrationML.uplugin" 327
"../../../Engine/Plugins/Messaging/UdpMessaging/UdpMessaging.uplugin" 328
"../../../Engine/Plugins/Tests/EditorTests/EditorTests.uplugin" 329
"../../../Engine/Plugins/Media/AppleProResDecoderElectra/AppleProResDecoderElectra.uplugin" 330
"../../../Engine/Plugins/Tests/PythonAutomationTest/PythonAutomationTest.uplugin" 331
"../../../Engine/Plugins/Tests/TestSamples/TestSamples.uplugin" 332
"../../../Engine/Plugins/Performance/AutomatedPerfTesting/AutomatedPerfTesting.uplugin" 333
"../../../Engine/Plugins/VirtualProduction/RemoteControlProtocolMIDI/RemoteControlProtocolMIDI.uplugin" 334
"../../../Engine/Plugins/Web/HttpBlueprint/HttpBlueprint.uplugin" 335
"../../../Engine/Plugins/Media/OpusDecoderElectra/OpusDecoderElectra.uplugin" 336
"../../../Engine/Plugins/Media/ElectraPlayer/ElectraPlayer.uplugin" 337
"../../../Engine/Plugins/AI/AISupport/AISupport.uplugin" 338
"../../../Engine/Plugins/VirtualProduction/RemoteControlProtocolDMX/RemoteControlProtocolDMX.uplugin" 339
"../../../Engine/Plugins/NNE/NNERuntimeORT/NNERuntimeORT.uplugin" 340
"../../../Engine/Plugins/VirtualProduction/RemoteControlProtocolOSC/RemoteControlProtocolOSC.uplugin" 341
"../../../Engine/Plugins/Tests/RHITests/RHITests.uplugin" 342
"../../../Engine/Plugins/Tests/AudioCQTests/AudioCQTests.uplugin" 343
"../../../Engine/Plugins/Performance/PerformanceMonitor/PerformanceMonitor.uplugin" 344
"../../../Engine/Plugins/Tests/TestFramework/TestFramework.uplugin" 345
"../../../Engine/Plugins/Tests/FunctionalTestingEditor/FunctionalTestingEditor.uplugin" 346
"../../../Engine/Plugins/AI/MassAI/MassAI.uplugin" 347
"../../../Engine/Plugins/Media/AudioCaptureTimecodeProvider/AudioCaptureTimecodeProvider.uplugin" 348
"../../../Engine/Plugins/AI/MassCrowd/MassCrowd.uplugin" 349
"../../../Engine/Plugins/Media/MediaMovieStreamer/MediaMovieStreamer.uplugin" 350
"../../../Engine/Plugins/AI/MLAdapter/MLAdapter.uplugin" 351
"../../../Engine/Plugins/Animation/BlendSpaceMotionAnalysis/BlendSpaceMotionAnalysis.uplugin" 352
"../../../Engine/Plugins/Animation/BlendStack/BlendStack.uplugin" 353
"../../../Engine/Plugins/2D/Paper2D/Paper2D.uplugin" 354
"../../../Engine/Plugins/Animation/AnimationWarping/AnimationWarping.uplugin" 355
"../../../Engine/Plugins/Animation/AnimationModifierLibrary/AnimationModifierLibrary.uplugin" 356
"../../../Engine/Plugins/Tests/CQTestExperimental/CQTestExperimental.uplugin" 357
"../../../Engine/Plugins/Animation/AnimatorKit/AnimatorKit.uplugin" 358
"../../../Engine/Plugins/Media/PixelStreaming2/PixelStreaming2.uplugin" 359
"../../../Engine/Plugins/Media/WmfMedia/WmfMedia.uplugin" 360
"../../../Engine/Plugins/Animation/AnimationData/AnimationData.uplugin" 361
"../../../Engine/Plugins/Animation/DeformerGraph/DeformerGraph.uplugin" 362
"../../../Engine/Plugins/Animation/ACLPlugin/ACLPlugin.uplugin" 363
"../../../Engine/Plugins/Animation/ControlRigModules/ControlRigModules.uplugin" 364
"../../../Engine/Plugins/Tests/FbxAutomationTestBuilder/FbxAutomationTestBuilder.uplugin" 365
"../../../Engine/Plugins/Animation/LiveLink/LiveLink.uplugin" 366
"../../../Engine/Plugins/Media/MJPEGDecoderElectra/MJPEGDecoderElectra.uplugin" 367
"../../../Engine/Plugins/Animation/ControlRig/ControlRig.uplugin" 368
"../../../Engine/Plugins/Animation/LiveLinkExampleDevice/LiveLinkExampleDevice.uplugin" 369
"../../../Engine/Plugins/Animation/PerformanceCaptureCore/PerformanceCaptureCore.uplugin" 370
"../../../Engine/Plugins/Media/WebMMedia/WebMMedia.uplugin" 371
"../../../Engine/Plugins/Animation/ControlRigSpline/ControlRigSpline.uplugin" 372
"../../../Engine/Plugins/Animation/TweeningUtils/TweeningUtils.uplugin" 373
"../../../Engine/Plugins/Animation/RigLogic/RigLogic.uplugin" 374
"../../../Engine/Plugins/Animation/GeneSplicer/GeneSplicer.uplugin" 375
"../../../Engine/Plugins/Tests/RuntimeTests/RuntimeTests.uplugin" 376
"../../../Engine/Plugins/Animation/PoseSearch/PoseSearch.uplugin" 377
"../../../Engine/Plugins/AI/EnvironmentQueryEditor/EnvironmentQueryEditor.uplugin" 378
"../../../Engine/Plugins/Cameras/EngineCameras/EngineCameras.uplugin" 379
"../../../Engine/Plugins/Cameras/GameplayCameras/GameplayCameras.uplugin" 380
"../../../Engine/Plugins/Compositing/CompositeCore/CompositeCore.uplugin" 381
"../../../Engine/Plugins/Compositing/Composure/Composure.uplugin" 382
"../../../Engine/Plugins/Animation/SkeletalMeshModelingTools/SkeletalMeshModelingTools.uplugin" 383
"../../../Engine/Plugins/Developer/BlankPlugin/BlankPlugin.uplugin" 384
"../../../Engine/Plugins/Compositing/OpenCVLensDistortion/OpenCVLensDistortion.uplugin" 385
"../../../Engine/Plugins/Cameras/CameraShakePreviewer/CameraShakePreviewer.uplugin" 386
"../../../Engine/Plugins/Animation/LiveLinkCurveDebugUI/LiveLinkCurveDebugUI.uplugin" 387
"../../../Engine/Plugins/Developer/CodeLiteSourceCodeAccess/CodeLiteSourceCodeAccess.uplugin" 388
"../../../Engine/Plugins/Animation/LiveLinkDevice/LiveLinkDevice.uplugin" 389
"../../../Engine/Plugins/Developer/DirectoryPlaceholder/DirectoryPlaceholder.uplugin" 390
"../../../Engine/Plugins/Tests/CQTestEnhancedInput/CQTestEnhancedInput.uplugin" 391
"../../../Engine/Plugins/Developer/AnimationSharing/AnimationSharing.uplugin" 392
"../../../Engine/Plugins/Media/MediaCompositing/MediaCompositing.uplugin" 393
"../../../Engine/Plugins/Developer/DumpGPUServices/DumpGPUServices.uplugin" 394
"../../../Engine/Plugins/Developer/GPUReshape/GPUReshape.uplugin" 395
"../../../Engine/Plugins/Tests/WidgetAutomationTests/WidgetAutomationTests.uplugin" 396
"../../../Engine/Plugins/Compositing/HoldoutComposite/HoldoutComposite.uplugin" 397
"../../../Engine/Plugins/Animation/AnimationLocomotionLibrary/AnimationLocomotionLibrary.uplugin" 398
"../../../Engine/Plugins/Developer/GitSourceControl/GitSourceControl.uplugin" 399
"../../../Engine/Plugins/Developer/PropertyAccessNode/PropertyAccessNode.uplugin" 400
"../../../Engine/Plugins/Developer/ProjectLauncher/ProjectLauncher.uplugin" 401
"../../../Engine/Plugins/Tests/AutomationDriverTests/AutomationDriverTests.uplugin" 402
"../../../Engine/Plugins/Compositing/LensDistortion/LensDistortion.uplugin" 403
"../../../Engine/Plugins/Animation/LiveLinkHub/LiveLinkHub.uplugin" 404
"../../../Engine/Plugins/Animation/MotionWarping/MotionWarping.uplugin" 405
"../../../Engine/Plugins/AI/HTNPlanner/HTNPlanner.uplugin" 406
"../../../Engine/Plugins/Animation/LiveLinkUnrealDevice/LiveLinkUnrealDevice.uplugin" 407
"../../../Engine/Plugins/Developer/NullSourceCodeAccess/NullSourceCodeAccess.uplugin" 408
"../../../Engine/Plugins/Developer/PlasticSourceControl/PlasticSourceControl.uplugin" 409
"../../../Engine/Plugins/Developer/KDevelopSourceCodeAccess/KDevelopSourceCodeAccess.uplugin" 410
"../../../Engine/Plugins/Compositing/OpenColorIO/OpenColorIO.uplugin" 411
"../../../Engine/Plugins/Developer/VisualStudioCodeSourceCodeAccess/VisualStudioCodeSourceCodeAccess.uplugin" 412
"../../../Engine/Plugins/Developer/CLionSourceCodeAccess/CLionSourceCodeAccess.uplugin" 413
"../../../Engine/Plugins/Developer/PerforceSourceControl/PerforceSourceControl.uplugin" 414
"../../../Engine/Plugins/Developer/N10XSourceCodeAccess/N10XSourceCodeAccess.uplugin" 415
"../../../Engine/Plugins/Animation/GameplayInsights/GameplayInsights.uplugin" 416
"../../../Engine/Plugins/Editor/AssetSearch/AssetSearch.uplugin" 417
"../../../Engine/Plugins/Editor/BlueprintMaterialTextureNodes/BlueprintMaterialTextureNodes.uplugin" 418
"../../../Engine/Plugins/Editor/AssetReferenceRestrictions/AssetReferenceRestrictions.uplugin" 419
"../../../Engine/Plugins/Developer/UObjectPlugin/UObjectPlugin.uplugin" 420
"../../../Engine/Plugins/Developer/FieldNotificationTrace/FieldNotificationTrace.uplugin" 421
"../../../Engine/Plugins/Editor/ConsoleVariablesEditor/ConsoleVariables.uplugin" 422
"../../../Engine/Plugins/Developer/RiderSourceCodeAccess/RiderSourceCodeAccess.uplugin" 423
"../../../Engine/Plugins/VirtualProduction/ActorModifier/ActorModifier.uplugin" 424
"../../../Engine/Plugins/Editor/EditorDebugTools/EditorDebugTools.uplugin" 425
"../../../Engine/Plugins/Editor/ChangelistReview/ChangelistReview.uplugin" 426
"../../../Engine/Plugins/Editor/ColorGrading/ColorGrading.uplugin" 427
"../../../Engine/Plugins/Editor/BlueprintHeaderView/BlueprintHeaderView.uplugin" 428
"../../../Engine/Plugins/Editor/CryptoKeys/CryptoKeys.uplugin" 429
"../../../Engine/Plugins/Compositing/Composite/Composite.uplugin" 430
"../../../Engine/Plugins/Editor/AssetRegistryExport/AssetRegistryExport.uplugin" 431
"../../../Engine/Plugins/Developer/NamingTokens/NamingTokens.uplugin" 432
"../../../Engine/Plugins/Developer/XcodeGPUDebuggerPlugin/XcodeGPUDebuggerPlugin.uplugin" 433
"../../../Engine/Plugins/Developer/XCodeSourceCodeAccess/XCodeSourceCodeAccess.uplugin" 434
"../../../Engine/Plugins/Editor/GuidedTutorials/GuidedTutorials.uplugin" 435
"../../../Engine/Plugins/Editor/DataValidation/DataValidation.uplugin" 436
"../../../Engine/Plugins/Developer/VisualStudioSourceCodeAccess/VisualStudioSourceCodeAccess.uplugin" 437
"../../../Engine/Plugins/Editor/LandscapePatch/LandscapePatch.uplugin" 438
"../../../Engine/Plugins/Developer/OneSkyLocalizationService/OneSkyLocalizationService.uplugin" 439
"../../../Engine/Plugins/Developer/PluginUtils/PluginUtils.uplugin" 440
"../../../Engine/Plugins/Developer/RenderDocPlugin/RenderDocPlugin.uplugin" 441
"../../../Engine/Plugins/Editor/MobileLauncherProfileWizard/MobileLauncherProfileWizard.uplugin" 442
"../../../Engine/Plugins/Editor/ModelViewViewModelPreview/ModelViewViewModelPreview.uplugin" 443
"../../../Engine/Plugins/Editor/EditorScriptingUtilities/EditorScriptingUtilities.uplugin" 444
"../../../Engine/Plugins/Editor/AssetManagerEditor/AssetManagerEditor.uplugin" 445
"../../../Engine/Plugins/Editor/PluginBrowser/PluginBrowser.uplugin" 446
"../../../Engine/Plugins/Editor/GameplayTagsEditor/GameplayTagsEditor.uplugin" 447
"../../../Engine/Plugins/Editor/ProxyLODPlugin/ProxyLODPlugin.uplugin" 448
"../../../Engine/Plugins/Editor/SampleToolsEditorMode/SampleToolsEditorMode.uplugin" 449
"../../../Engine/Plugins/Messaging/MessagingDebugger/MessagingDebugger.uplugin" 450
"../../../Engine/Plugins/Editor/UMGWidgetPreview/UMGWidgetPreview.uplugin" 451
"../../../Engine/Plugins/Enterprise/DatasmithCADImporter/DatasmithCADImporter.uplugin" 452
"../../../Engine/Plugins/Animation/EaseCurveTool/EaseCurveTool.uplugin" 453
"../../../Engine/Plugins/Animation/DNACalib/DNACalib.uplugin" 454
"../../../Engine/Plugins/Developer/PixWinPlugin/PixWinPlugin.uplugin" 455
"../../../Engine/Plugins/Editor/SpeedTreeImporter/SpeedTreeImporter.uplugin" 456
"../../../Engine/Plugins/Enterprise/LidarPointCloud/LidarPointCloud.uplugin" 457
"../../../Engine/Plugins/Editor/WorldPartitionHLODUtilities/WorldPartitionHLODUtilities.uplugin" 458
"../../../Engine/Plugins/Enterprise/DataprepEditor/DataprepEditor.uplugin" 459
"../../../Engine/Plugins/Editor/SequencerAnimTools/SequencerAnimTools.uplugin" 460
"../../../Engine/Plugins/FX/ExampleCustomDataInterface/ExampleCustomDataInterface.uplugin" 461
"../../../Engine/Plugins/Enterprise/GLTFExporter/GLTFExporter.uplugin" 462
"../../../Engine/Plugins/Enterprise/VariantManager/VariantManager.uplugin" 463
"../../../Engine/Plugins/Editor/MakeCookedEditorAsDLC/MakeCookedEditorAsDLC.uplugin" 464
"../../../Engine/Plugins/Editor/MeshLODToolset/MeshLODToolset.uplugin" 465
"../../../Engine/Plugins/FX/Niagara/Niagara.uplugin" 466
"../../../Engine/Plugins/Enterprise/AxFImporter/AxFImporter.uplugin" 467
"../../../Engine/Plugins/Editor/EngineAssetDefinitions/EngineAssetDefinitions.uplugin" 468
"../../../Engine/Plugins/FX/NiagaraMRQ/NiagaraMRQ.uplugin" 469
"../../../Engine/Plugins/Enterprise/DatasmithC4DImporter/DatasmithC4DImporter.uplugin" 470
"../../../Engine/Plugins/Enterprise/DatasmithContent/DatasmithContent.uplugin" 471
"../../../Engine/Plugins/Enterprise/MDLImporter/MDLImporter.uplugin" 472
"../../../Engine/Plugins/Developer/TraceSourceFiltering/TraceSourceFilters.uplugin" 473
"../../../Engine/Plugins/Editor/ModelingToolsEditorMode/ModelingToolsEditorMode.uplugin" 474
"../../../Engine/Plugins/FX/NiagaraPreviewContent/NiagaraPreviewContent.uplugin" 475
"../../../Engine/Plugins/Editor/ScriptableToolsEditorMode/ScriptableToolsEditorMode.uplugin" 476
"../../../Engine/Plugins/Editor/FacialAnimation/FacialAnimation.uplugin" 477
"../../../Engine/Plugins/FX/CascadeToNiagaraConverter/CascadeToNiagaraConverter.uplugin" 478
"../../../Engine/Plugins/Interchange/Assets/InterchangeAssets.uplugin" 479
"../../../Engine/Plugins/Editor/LiveUpdateForSlate/LiveUpdateForSlate.uplugin" 480
"../../../Engine/Plugins/Animation/IKRig/IKRig.uplugin" 481
"../../../Engine/Plugins/Editor/StylusInput/StylusInput.uplugin" 482
"../../../Engine/Plugins/Editor/DisplayClusterLaunch/DisplayClusterLaunch.uplugin" 483
"../../../Engine/Plugins/Editor/MaterialAnalyzer/MaterialAnalyzer.uplugin" 484
"../../../Engine/Plugins/Online/EOSOverlayInputProvider/EOSOverlayInputProvider.uplugin" 485
"../../../Engine/Plugins/MovieScene/TemplateSequence/TemplateSequence.uplugin" 486
"../../../Engine/Plugins/MovieScene/SequencerScripting/SequencerScripting.uplugin" 487
"../../../Engine/Plugins/Editor/UVEditor/UVEditor.uplugin" 488
"../../../Engine/Plugins/Online/OnlineBase/OnlineBase.uplugin" 489
"../../../Engine/Plugins/Online/OnlineFramework/OnlineFramework.uplugin" 490
"../../../Engine/Plugins/MovieScene/ReplayTracks/ReplayTracks.uplugin" 491
"../../../Engine/Plugins/MovieScene/CustomizableSequencerTracks/CustomizableSequencerTracks.uplugin" 492
"../../../Engine/Plugins/FX/Cascade/Cascade.uplugin" 493
"../../../Engine/Plugins/FX/NiagaraFluids/NiagaraFluids.uplugin" 494
"../../../Engine/Plugins/Online/EOSShared/EOSShared.uplugin" 495
"../../../Engine/Plugins/Online/OnlineSubsystemAmazon/OnlineSubsystemAmazon.uplugin" 496
"../../../Engine/Plugins/Online/OnlineFrameworkCommon/OnlineFrameworkCommon.uplugin" 497
"../../../Engine/Plugins/Enterprise/DatasmithImporter/DatasmithImporter.uplugin" 498
"../../../Engine/Plugins/Experimental/UserToolBoxBasicCommand/UserToolBoxBasicCommand.uplugin" 499
"../../../Engine/Plugins/Enterprise/VariantManagerContent/VariantManagerContent.uplugin" 500
"../../../Engine/Plugins/Editor/CurveEditorTools/CurveEditorTools.uplugin" 501
"../../../Engine/Plugins/Enterprise/DatasmithFBXImporter/DatasmithFBXImporter.uplugin" 502
"../../../Engine/Plugins/FX/NiagaraSimCaching/NiagaraSimCaching.uplugin" 503
"../../../Engine/Plugins/Interchange/Runtime/Interchange.uplugin" 504
"../../../Engine/Plugins/MovieScene/SequenceValidator/SequenceValidator.uplugin" 505
"../../../Engine/Plugins/Online/OnlineServices/OnlineServices.uplugin" 506
"../../../Engine/Plugins/Online/OnlineServicesOSSAdapter/OnlineServicesOSSAdapter.uplugin" 507
"../../../Engine/Plugins/Online/OnlineSubsystemGoogle/OnlineSubsystemGoogle.uplugin" 508
"../../../Engine/Plugins/Online/SocketSubsystemEOS/SocketSubsystemEOS.uplugin" 509
"../../../Engine/Plugins/Online/SocketSubsystemSteamIP/SocketSubsystemSteamIP.uplugin" 510
"../../../Engine/Plugins/Runtime/ADM/ADM.uplugin" 511
"../../../Engine/Plugins/Runtime/AndroidFileServer/AndroidFileServer.uplugin" 512
"../../../Engine/Plugins/Runtime/ActorLayerUtilities/ActorLayerUtilities.uplugin" 513
"../../../Engine/Plugins/MovieScene/MovieSceneTextTrack/MovieSceneTextTrack.uplugin" 514
"../../../Engine/Plugins/Runtime/ApexDestruction/ApexDestruction.uplugin" 515
"../../../Engine/Plugins/Online/WebAuth/WebAuth.uplugin" 516
"../../../Engine/Plugins/Online/OnlineSubsystemUtils/OnlineSubsystemUtils.uplugin" 517
"../../../Engine/Plugins/Runtime/AndroidMoviePlayer/AndroidMoviePlayer.uplugin" 518
"../../../Engine/Plugins/Runtime/AndroidBackgroundService/AndroidBackgroundService.uplugin" 519
"../../../Engine/Plugins/Runtime/AndroidDeviceProfileSelector/AndroidDeviceProfileSelector.uplugin" 520
"../../../Engine/Plugins/Online/OnlineSubsystemTencent/OnlineSubsystemTencent.uplugin" 521
"../../../Engine/Plugins/Runtime/AnimationBudgetAllocator/AnimationBudgetAllocator.uplugin" 522
"../../../Engine/Plugins/Runtime/AppleImageUtils/AppleImageUtils.uplugin" 523
"../../../Engine/Plugins/Runtime/AudioCapture/AudioCapture.uplugin" 524
"../../../Engine/Plugins/Runtime/AssetTags/AssetTags.uplugin" 525
"../../../Engine/Plugins/Interchange/Editor/InterchangeEditor.uplugin" 526
"../../../Engine/Plugins/Runtime/CommonUI/CommonUI.uplugin" 527
"../../../Engine/Plugins/Runtime/AudioModulation/AudioModulation.uplugin" 528
"../../../Engine/Plugins/Runtime/AndroidPermission/AndroidPermission.uplugin" 529
"../../../Engine/Plugins/Runtime/AudioWidgets/AudioWidgets.uplugin" 530
"../../../Engine/Plugins/Runtime/AudioSynesthesia/AudioSynesthesia.uplugin" 531
"../../../Engine/Plugins/Runtime/AudioMotorSim/AudioMotorSim.uplugin" 532
"../../../Engine/Plugins/Runtime/ArchVisCharacter/ArchVisCharacter.uplugin" 533
"../../../Engine/Plugins/Runtime/AppleMoviePlayer/AppleMoviePlayer.uplugin" 534
"../../../Engine/Plugins/Runtime/CustomMeshComponent/CustomMeshComponent.uplugin" 535
"../../../Engine/Plugins/Runtime/Firebase/Firebase.uplugin" 536
"../../../Engine/Plugins/Runtime/ChunkDownloader/ChunkDownloader.uplugin" 537
"../../../Engine/Plugins/Runtime/GameFeatures/GameFeatures.uplugin" 538
"../../../Engine/Plugins/Runtime/ComputeFramework/ComputeFramework.uplugin" 539
"../../../Engine/Plugins/Runtime/ExternalGPUStatistics/ExternalGPUStatistics.uplugin" 540
"../../../Engine/Plugins/Runtime/CableComponent/CableComponent.uplugin" 541
"../../../Engine/Plugins/Runtime/GameplayInteractions/GameplayInteractions.uplugin" 542
"../../../Engine/Plugins/Runtime/GameplayAbilities/GameplayAbilities.uplugin" 543
"../../../Engine/Plugins/Runtime/GameInput/GameInput.uplugin" 544
"../../../Engine/Plugins/Runtime/HairStrands/HairStrands.uplugin" 545
"../../../Engine/Plugins/Runtime/DataRegistry/DataRegistry.uplugin" 546
"../../../Engine/Plugins/Editor/EditorSysConfigAssistant/EditorSysConfigAssistant.uplugin" 547
"../../../Engine/Plugins/Runtime/GeometryScripting/GeometryScripting.uplugin" 548
"../../../Engine/Plugins/Runtime/GeoReferencing/GeoReferencing.uplugin" 549
"../../../Engine/Plugins/Editor/GeometryMode/GeometryMode.uplugin" 550
"../../../Engine/Plugins/Runtime/GameplayStateTree/GameplayStateTree.uplugin" 551
"../../../Engine/Plugins/Runtime/HTTPChunkInstaller/HTTPChunkInstaller.uplugin" 552
"../../../Engine/Plugins/Runtime/GeometryCache/GeometryCache.uplugin" 553
"../../../Engine/Plugins/Runtime/InputDebugging/InputDebugging.uplugin" 554
"../../../Engine/Plugins/Runtime/GameplayBehaviorSmartObjects/GameplayBehaviorSmartObjects.uplugin" 555
"../../../Engine/Plugins/Runtime/IOSReplayKit/IOSReplayKit.uplugin" 556
"../../../Engine/Plugins/Runtime/GooglePAD/GooglePAD.uplugin" 557
"../../../Engine/Plugins/Runtime/GeometryProcessing/GeometryProcessing.uplugin" 558
"../../../Engine/Plugins/Runtime/LiveLinkOvernDisplay/LiveLinkOverNDisplay.uplugin" 559
"../../../Engine/Plugins/Runtime/Harmonix/Harmonix.uplugin" 560
"../../../Engine/Plugins/Runtime/IOSDeviceProfileSelector/IOSDeviceProfileSelector.uplugin" 561
"../../../Engine/Plugins/MovieScene/LevelSequenceEditor/LevelSequenceEditor.uplugin" 562
"../../../Engine/Plugins/Runtime/HPMotionController/HPMotionController.uplugin" 563
"../../../Engine/Plugins/Runtime/LocationServicesBPLibrary/LocationServicesBPLibrary.uplugin" 564
"../../../Engine/Plugins/Runtime/MicrosoftSpatialAudio/MicroSoftSpatialSound.uplugin" 565
"../../../Engine/Plugins/FX/NiagaraNanite/NiagaraNanite.uplugin" 566
"../../../Engine/Plugins/Runtime/LevelStreamingPersistence/LevelStreamingPersistence.uplugin" 567
"../../../Engine/Plugins/Runtime/MassGameplay/MassGameplay.uplugin" 568
"../../../Engine/Plugins/Editor/WaveformEditor/WaveformEditor.uplugin" 569
"../../../Engine/Plugins/Runtime/LocationServicesAndroidImpl/LocationServicesAndroidImpl.uplugin" 570
"../../../Engine/Plugins/Developer/SubversionSourceControl/SubversionSourceControl.uplugin" 571
"../../../Engine/Plugins/Runtime/MsQuic/MsQuic.uplugin" 572
"../../../Engine/Plugins/Online/OnlineSubsystemFacebook/OnlineSubsystemFacebook.uplugin" 573
"../../../Engine/Plugins/Runtime/ModularGameplay/ModularGameplay.uplugin" 574
"../../../Engine/Plugins/Online/OnlineServicesEOSGS/OnlineServicesEOSGS.uplugin" 575
"../../../Engine/Plugins/Runtime/MIDIDevice/MIDIDevice.uplugin" 576
"../../../Engine/Plugins/Online/OnlineSubsystemNull/OnlineSubsystemNull.uplugin" 577
"../../../Engine/Plugins/Runtime/Metasound/Metasound.uplugin" 578
"../../../Engine/Plugins/Runtime/LinuxDeviceProfileSelector/LinuxDeviceProfileSelector.uplugin" 579
"../../../Engine/Plugins/Runtime/nDisplayModularFeatures/nDisplayModularFeatures.uplugin" 580
"../../../Engine/Plugins/Runtime/MixedRealityCaptureFramework/MixedRealityCaptureFramework.uplugin" 581
"../../../Engine/Plugins/Runtime/OpenCV/OpenCV.uplugin" 582
"../../../Engine/Plugins/Runtime/NetworkPredictionInsights/NetworkPredictionInsights.uplugin" 583
"../../../Engine/Plugins/Editor/StaticMeshEditorModeling/StaticMeshEditorModeling.uplugin" 584
"../../../Engine/Plugins/Runtime/ModelViewViewModel/ModelViewViewModel.uplugin" 585
"../../../Engine/Plugins/Runtime/MobilePatchingUtils/MobilePatchingUtils.uplugin" 586
"../../../Engine/Plugins/Runtime/MusicEnvironment/MusicEnvironment.uplugin" 587
"../../../Engine/Plugins/Runtime/GoogleCloudMessaging/GoogleCloudMessaging.uplugin" 588
"../../../Engine/Plugins/Online/OnlineServicesEOS/OnlineServicesEOS.uplugin" 589
"../../../Engine/Plugins/Runtime/NetworkPrediction/NetworkPrediction.uplugin" 590
"../../../Engine/Plugins/Online/OnlineServicesEpicCommon/OnlineServicesEpicCommon.uplugin" 591
"../../../Engine/Plugins/Runtime/PropertyAccess/PropertyAccessEditor.uplugin" 592
"../../../Engine/Plugins/Runtime/OpenXR/OpenXR.uplugin" 593
"../../../Engine/Plugins/Runtime/PropertyBindingUtils/PropertyBindingUtils.uplugin" 594
"../../../Engine/Plugins/Online/OnlineSubsystemSteam/OnlineSubsystemSteam.uplugin" 595
"../../../Engine/Plugins/Runtime/OpenXRMsftHandInteraction/OpenXRMsftHandInteraction.uplugin" 596
"../../../Engine/Plugins/Runtime/OSC/OSC.uplugin" 597
"../../../Engine/Plugins/Runtime/ResonanceAudio/ResonanceAudio.uplugin" 598
"../../../Engine/Plugins/Runtime/SkeletalMerging/SkeletalMerging.uplugin" 599
"../../../Engine/Plugins/Runtime/HDRIBackdrop/HDRIBackdrop.uplugin" 600
"../../../Engine/Plugins/Runtime/SmartObjects/SmartObjects.uplugin" 601
"../../../Engine/Plugins/Runtime/ExampleDeviceProfileSelector/ExampleDeviceProfileSelector.uplugin" 602
"../../../Engine/Plugins/Runtime/SignificanceManager/SignificanceManager.uplugin" 603
"../../../Engine/Plugins/Runtime/OpenXREyeTracker/OpenXREyeTracker.uplugin" 604
"../../../Engine/Plugins/Runtime/SoundCueTemplates/SoundCueTemplates.uplugin" 605
"../../../Engine/Plugins/Runtime/ProceduralMeshComponent/ProceduralMeshComponent.uplugin" 606
"../../../Engine/Plugins/Runtime/ReplicationSystemTestPlugin/ReplicationSystemTestPlugin.uplugin" 607
"../../../Engine/Plugins/Editor/MacGraphicsSwitching/MacGraphicsSwitching.uplugin" 608
"../../../Engine/Plugins/Runtime/SoundMod/SoundMod.uplugin" 609
"../../../Engine/Plugins/Runtime/SunPosition/SunPosition.uplugin" 610
"../../../Engine/Plugins/Online/OnlineSubsystemApple/OnlineSubsystemApple.uplugin" 611
"../../../Engine/Plugins/Runtime/LocationServicesIOSImpl/LocationServicesIOSImpl.uplugin" 612
"../../../Engine/Plugins/Runtime/SoundUtilities/SoundUtilities.uplugin" 613
"../../../Engine/Plugins/Runtime/SoundFields/SoundFields.uplugin" 614
"../../../Engine/Plugins/Runtime/WarpUtils/WarpUtils.uplugin" 615
"../../../Engine/Plugins/Runtime/Synthesis/Synthesis.uplugin" 616
"../../../Engine/Plugins/Runtime/Spatialization/Spatialization.uplugin" 617
"../../../Engine/Plugins/Runtime/WebMMoviePlayer/WebMMoviePlayer.uplugin" 618
"../../../Engine/Plugins/Runtime/WindowsDeviceProfileSelector/WindowsDeviceProfileSelector.uplugin" 619
"../../../Engine/Plugins/Runtime/XRBase/XRBase.uplugin" 620
"../../../Engine/Plugins/Runtime/WindowsMoviePlayer/WindowsMoviePlayer.uplugin" 621
"../../../Engine/Plugins/Runtime/OpenXRViveTracker/OpenXRViveTracker.uplugin" 622
"../../../Engine/Plugins/Runtime/nDisplay/nDisplay.uplugin" 623
"../../../Engine/Plugins/Runtime/RenderTrace/RenderTrace.uplugin" 624
"../../../Engine/Plugins/Runtime/WorldConditions/WorldConditions.uplugin" 625
"../../../Engine/Plugins/Online/OnlineServicesNull/OnlineServicesNull.uplugin" 626
"../../../Engine/Plugins/Runtime/WebBrowserWidget/WebBrowserWidget.uplugin" 627
"../../../Engine/Plugins/Runtime/ZoneGraph/ZoneGraph.uplugin" 628
"../../../Engine/Plugins/Runtime/MassEntity/MassEntity.uplugin" 629
"../../../Engine/Plugins/Runtime/StateTree/StateTree.uplugin" 630
"../../../Engine/Plugins/Runtime/PreLoadScreenMoviePlayer/PreLoadScreenMoviePlayer.uplugin" 631
"../../../Engine/Plugins/Runtime/WebBrowserNativeProxy/WebBrowserNativeProxy.uplugin" 632
"../../../Engine/Plugins/Experimental/AVCodecs/LibVpxCodecs/LibVpxCodecs.uplugin" 633
"../../../Engine/Plugins/Experimental/AVCodecs/NVCodecs/NVCodecs.uplugin" 634
"../../../Engine/Plugins/Online/OnlineSubsystem/OnlineSubsystem.uplugin" 635
"../../../Engine/Plugins/Runtime/ZoneGraphAnnotations/ZoneGraphAnnotations.uplugin" 636
"../../../Engine/Plugins/Runtime/OpenXRHandTracking/OpenXRHandTracking.uplugin" 637
"../../../Engine/Plugins/Runtime/InstancedActors/InstancedActors.uplugin" 638
"../../../Engine/Plugins/Experimental/Enterprise/DataprepGeometryOperations/DataprepGeometryOperations.uplugin" 639
"../../../Engine/Plugins/Experimental/AVCodecs/WMFCodecs/WMFCodecs.uplugin" 640
"../../../Engine/Plugins/Runtime/ScriptableToolsFramework/ScriptableToolsFramework.uplugin" 641
"../../../Engine/Plugins/Online/OnlineSubsystemEOS/OnlineSubsystemEOS.uplugin" 642
"../../../Engine/Plugins/VirtualProduction/CaptureManager/CaptureManagerDevices/CaptureManagerDevices.uplugin" 643
"../../../Engine/Plugins/Runtime/NetworkPredictionExtras/NetworkPredictionExtras.uplugin" 644
"../../../Engine/Plugins/Experimental/Enterprise/DatasmithRuntime/DatasmithRuntime.uplugin" 645
"../../../Engine/Plugins/Experimental/Enterprise/DatasmithInterchange/DatasmithInterchange.uplugin" 646
"../../../Engine/Plugins/Interchange/Extensions/OpenVDB/InterchangeOpenVDB.uplugin" 647
"../../../Engine/Plugins/Experimental/CharacterFXEditor/BaseCharacterFXEditor/BaseCharacterFXEditor.uplugin" 648
"../../../Engine/Plugins/MovieScene/ActorSequence/ActorSequence.uplugin" 649
"../../../Engine/Plugins/VirtualProduction/CaptureManager/CaptureManagerEditor/CaptureManagerEditor.uplugin" 650
"../../../Engine/Plugins/Experimental/CharacterFXEditor/ExampleCharacterFXEditor/ExampleCharacterFXEditor.uplugin" 651
"../../../Engine/Plugins/Runtime/OptionalMobileFeaturesBPLibrary/OptionalMobileFeaturesBPLibrary.uplugin" 652
"../../../Engine/Plugins/Runtime/Database/DatabaseSupport/DatabaseSupport.uplugin" 653
"../../../Engine/Plugins/Interchange/Extensions/OpenUSD/InterchangeOpenUSD.uplugin" 654
"../../../Engine/Plugins/Experimental/MetaHuman/MetaHumanCalibrationDiagnostics/MetaHumanCalibrationDiagnostics.uplugin" 655
"../../../Engine/Plugins/Runtime/Database/ADOSupport/ADOSupport.uplugin" 656
"../../../Engine/Plugins/Runtime/XR/XRScribe/XRScribe.uplugin" 657
"../../../Engine/Plugins/Experimental/PCGInterops/PCGFastGeoInterop/PCGFastGeoInterop.uplugin" 658
"../../../Engine/Plugins/Experimental/AVCodecs/AVCodecsCore/AVCodecsCore.uplugin" 659
"../../../Engine/Plugins/Runtime/MeshModelingToolset/MeshModelingToolset.uplugin" 660
"../../../Engine/Plugins/Runtime/XR/XRVisualization/XRVisualization.uplugin" 661
"../../../Engine/Plugins/Experimental/PCGInterops/PCGWaterInterop/PCGWaterInterop.uplugin" 662
"../../../Engine/Plugins/Runtime/MultiServerReplication/MultiServerReplication.uplugin" 663
"../../../Engine/Plugins/Runtime/AR/ARUtilities/ARUtilities.uplugin" 664
"../../../Engine/Plugins/Experimental/PCGInterops/PCGNiagaraInterop/PCGNiagaraInterop.uplugin" 665
"../../../Engine/Plugins/MovieScene/MovieRenderPipeline/MovieRenderPipeline.uplugin" 666
"../../../Engine/Plugins/Experimental/UAF/UAFChooser/UAFChooser.uplugin" 667
"../../../Engine/Plugins/Experimental/PCGInterops/PCGNaniteAssembliesInterop/PCGNaniteAssembliesInterop.uplugin" 668
"../../../Engine/Plugins/Experimental/UAF/UAFControlRig/UAFControlRig.uplugin" 669
"../../../Engine/Plugins/Runtime/Soundscape/Soundscape.uplugin" 670
"../../../Engine/Plugins/Experimental/UAF/UAFMirroring/UAFMirroring.uplugin" 671
"../../../Engine/Plugins/Runtime/ReplicationGraph/ReplicationGraph.uplugin" 672
"../../../Engine/Plugins/VirtualProduction/CaptureManager/CaptureManagerApp/CaptureManagerApp.uplugin" 673
"../../../Engine/Plugins/Experimental/UAF/UAFWarping/UAFWarping.uplugin" 674
"../../../Engine/Plugins/Runtime/PacketHandlers/AESGCMHandlerComponent/AESGCMHandlerComponent.uplugin" 675
"../../../Engine/Plugins/Experimental/UAF/UAFStateTree/UAFStateTree.uplugin" 676
"../../../Engine/Plugins/Runtime/PacketHandlers/DTLSHandlerComponent/DTLSHandlerComponent.uplugin" 677
"../../../Engine/Plugins/VirtualProduction/DMX/DMXProtocol/DMXProtocol.uplugin" 678
"../../../Engine/Plugins/Runtime/WaveTable/WaveTable.uplugin" 679
"../../../Engine/Plugins/Runtime/Database/SQLiteSupport/SQLiteSupport.uplugin" 680
"../../../Engine/Plugins/Experimental/UAF/UAFTests/UAFTests.uplugin" 681
"../../../Engine/Plugins/Experimental/PCGInterops/PCGInstancedActorsInterop/PCGInstancedActorsInterop.uplugin" 682
"../../../Engine/Plugins/Experimental/MetaHuman/MetaHumanCharacterUAF/MetaHumanCharacterUAF.uplugin" 683
"../../../Engine/Plugins/Runtime/Nvidia/GeForceNOWWrapper/GeForceNOWWrapper.uplugin" 684
"../../../Engine/Plugins/Developer/TextureFormatOodle/TextureFormatOodle.uplugin" 685
"../../../Engine/Plugins/Experimental/VirtualProduction/VPRoles/VPRoles.uplugin" 686
"../../../Engine/Plugins/Experimental/UAF/UAF/UAF.uplugin" 687
"../../../Engine/Plugins/VirtualProduction/DMX/DatasmithMVR/DatasmithMVR.uplugin" 688
"../../../Engine/Plugins/Runtime/Advertising/IOSTapJoy/IOSTapJoy.uplugin" 689
"../../../Engine/Plugins/Editor/ContentBrowser/ContentBrowserAliasDataSource/ContentBrowserAliasDataSource.uplugin" 690
"../../../Engine/Plugins/MovieScene/MoviePipelineMaskRenderPass/MoviePipelineMaskRenderPass.uplugin" 691
"../../../Engine/Plugins/VirtualProduction/DMX/DMXGDTF/DMXGDTF.uplugin" 692
"../../../Engine/Plugins/Runtime/Steam/SteamShared/SteamShared.uplugin" 693
"../../../Engine/Plugins/Runtime/Database/RemoteDatabaseSupport/RemoteDatabaseSupport.uplugin" 694
"../../../Engine/Plugins/Runtime/PacketHandlers/AESHandlerComponent/AESHandlerComponent.uplugin" 695
"../../../Engine/Plugins/Online/IOS/OnlineSubsystemIOS/OnlineSubsystemIOS.uplugin" 696
"../../../Engine/Plugins/Runtime/Steam/SteamSockets/SteamSockets.uplugin" 697
"../../../Engine/Plugins/VirtualProduction/DMX/DMXControlConsole/DMXControlConsole.uplugin" 698
"../../../Engine/Plugins/Experimental/VirtualProduction/VPSettings/VPSettings.uplugin" 699
"../../../Engine/Plugins/Experimental/AVCodecs/AMFCodecs/AMFCodecs.uplugin" 700
"../../../Engine/Plugins/VirtualProduction/Rivermax/RivermaxMedia/RivermaxMedia.uplugin" 701
"../../../Engine/Plugins/Editor/Localization/PortableObjectFileDataSource/PortableObjectFileDataSource.uplugin" 702
"../../../Engine/Plugins/Runtime/Analytics/FileLogging/FileLogging.uplugin" 703
"../../../Engine/Plugins/VirtualProduction/Rivermax/RivermaxCore/RivermaxCore.uplugin" 704
"../../../Engine/Plugins/Runtime/Nvidia/Reflex/Reflex.uplugin" 705
"../../../Engine/Plugins/Editor/ContentBrowser/ContentBrowserFileDataSource/ContentBrowserFileDataSource.uplugin" 706
"../../../Engine/Plugins/VirtualProduction/DMX/DMXPixelMapping/DMXPixelMapping.uplugin" 707
"../../../Engine/Plugins/Runtime/Steam/SteamController/SteamController.uplugin" 708
"../../../Engine/Plugins/Developer/Concert/ConcertMain/ConcertMain.uplugin" 709
"../../../Engine/Plugins/VirtualProduction/DMX/DMXDisplayCluster/DMXDisplayCluster.uplugin" 710
"../../../Engine/Plugins/Editor/ContentBrowser/ContentBrowserClassDataSource/ContentBrowserClassDataSource.uplugin" 711
"../../../Engine/Plugins/VirtualProduction/Rivermax/RivermaxSync/RivermaxSync.uplugin" 712
"../../../Engine/Plugins/Experimental/Animation/CurveExpression/CurveExpression.uplugin" 713
"../../../Engine/Plugins/Runtime/Steam/SteamAudio/SteamAudio.uplugin" 714
"../../../Engine/Plugins/Online/VoiceChat/EOSVoiceChat/EOSVoiceChat.uplugin" 715
"../../../Engine/Plugins/Experimental/Web/WebAPI/WebAPI.uplugin" 716
"../../../Engine/Plugins/Experimental/Animation/HierarchyTableAnimation/HierarchyTableAnimation.uplugin" 717
"../../../Engine/Plugins/Runtime/Analytics/AnalyticsMulticast/AnalyticsMulticast.uplugin" 718
"../../../Engine/Plugins/VirtualProduction/DMX/DMXEngine/DMXEngine.uplugin" 719
"../../../Engine/Plugins/Editor/ContentBrowser/ContentBrowserAssetDataSource/ContentBrowserAssetDataSource.uplugin" 720
"../../../Engine/Plugins/Experimental/Animation/MotionTrajectory/MotionTrajectory.uplugin" 721
"../../../Engine/Plugins/Experimental/MetaHuman/MetaHumanRuntime/MetaHumanRuntime.uplugin" 722
"../../../Engine/Plugins/Experimental/Animation/SkeletalMeshMorphTargetEditingTools/SkeletalMeshMorphTargetEditingTools.uplugin" 723
"../../../Engine/Plugins/Experimental/Animation/Optimus/Optimus.uplugin" 724
"../../../Engine/Plugins/Runtime/RigVM/RigVM.uplugin" 725
"../../../Engine/Plugins/Online/Android/AndroidFetchBackgroundDownload/AndroidFetchBackgroundDownload.uplugin" 726
"../../../Engine/Plugins/Experimental/Animation/RigMapperOp/RigMapperOp.uplugin" 727
"../../../Engine/Plugins/Experimental/UAF/UAFAnimGraph/UAFAnimGraph.uplugin" 728
"../../../Engine/Plugins/Animation/MLDeformer/ChaosClothGenerator/ChaosClothGenerator.uplugin" 729
"../../../Engine/Plugins/Runtime/Analytics/Adjust/Adjust.uplugin" 730
"../../../Engine/Plugins/Animation/MLDeformer/VertexDeltaModel/VertexDeltaModel.uplugin" 731
"../../../Engine/Plugins/Runtime/Windows/WinDualShock/WinDualShock.uplugin" 732
"../../../Engine/Plugins/Animation/MLDeformer/ChaosFleshGenerator/ChaosFleshGenerator.uplugin" 733
"../../../Engine/Plugins/Experimental/Animation/RelativeIKOp/RelativeIKOp.uplugin" 734
"../../../Engine/Plugins/Editor/ObjectMixer/ObjectMixer/ObjectMixer.uplugin" 735
"../../../Engine/Plugins/Runtime/Windows/XInputDevice/XInputDevice.uplugin" 736
"../../../Engine/Plugins/Editor/ObjectMixer/LightMixer/LightMixer.uplugin" 737
"../../../Engine/Plugins/Animation/MLDeformer/MLDeformerFramework/MLDeformerFramework.uplugin" 738
"../../../Engine/Plugins/Developer/Concert/ConcertInsights/ConcertInsightsClient/ConcertInsightsClient.uplugin" 739
"../../../Engine/Plugins/Experimental/VirtualProduction/LedWallCalibration/LedWallCalibration.uplugin" 740
"../../../Engine/Plugins/Online/VoiceChat/VoiceChat/VoiceChat.uplugin" 741
"../../../Engine/Plugins/Developer/Concert/ConcertInsights/ConcertInsightsCore/ConcertInsightsCore.uplugin" 742
"../../../Engine/Plugins/Runtime/Analytics/AnalyticsBlueprintLibrary/AnalyticsBlueprintLibrary.uplugin" 743
"../../../Engine/Plugins/Online/Android/OnlineSubsystemGooglePlay/OnlineSubsystemGooglePlay.uplugin" 744
"../../../Engine/Plugins/Runtime/NavCorridor/NavCorridor.uplugin" 745
"../../../Engine/Plugins/Runtime/MeshReconstruction/DummyMeshReconstructor/DummyMeshReconstructor.uplugin" 746
"../../../Engine/Plugins/Developer/Concert/ConcertSync/ConcertSyncClient/ConcertSyncClient.uplugin" 747
"../../../Engine/Plugins/VirtualProduction/DMX/DMXModularFeatures/DMXModularFeatures.uplugin" 748
"../../../Engine/Plugins/Developer/Concert/ConcertInsights/ConcertInsightsVisualizer/ConcertInsightsVisualizer.uplugin" 749
"../../../Engine/Plugins/Experimental/UAF/UAFPoseSearch/UAFPoseSearch.uplugin" 750
"../../../Engine/Plugins/Developer/Concert/ConcertSync/ConcertSyncCore/ConcertSyncCore.uplugin" 751
"../../../Engine/Plugins/Runtime/AR/Google/GoogleARCore/GoogleARCore.uplugin" 752
"../../../Engine/Plugins/Developer/Concert/ConcertUI/ConcertClientSharedSlate/ConcertClientSharedSlate.uplugin" 753
"../../../Engine/Plugins/Developer/Concert/ConcertScripting/ConcertReplicationScripting/ConcertReplicationScripting.uplugin" 754
"../../../Engine/Plugins/Developer/Concert/ConcertApp/MultiUserClient/MultiUserClient.uplugin" 755
"../../../Engine/Plugins/Experimental/Animation/HierarchyTable/HierarchyTable.uplugin" 756
"../../../Engine/Plugins/Experimental/Animation/MLDeformer/DetailPoseModel/DetailPoseModel.uplugin" 757
"../../../Engine/Plugins/Runtime/AR/AppleAR/AppleARKit/AppleARKit.uplugin" 758
"../../../Engine/Plugins/Experimental/Animation/Locomotor/Locomotor.uplugin" 759
"../../../Engine/Plugins/Developer/Concert/ConcertSync/ConcertSyncServer/ConcertSyncServer.uplugin" 760
"../../../Engine/Plugins/VirtualProduction/DMX/DMXFixtures/DMXFixtures.uplugin" 761
"../../../Engine/Plugins/Developer/Concert/ConcertSync/ConcertSyncTest/ConcertSyncTest.uplugin" 762
"../../../Engine/Plugins/Runtime/Windows/WinVirtualKeyboard/WinVirtualKeyboard.uplugin" 763
"../../../Engine/Plugins/Experimental/AVCodecs/VTCodecs/VTCodecs.uplugin" 764
"../../../Engine/Plugins/Runtime/AR/AppleAR/AppleARKitFaceSupport/AppleARKitFaceSupport.uplugin" 765
"../../../Engine/Plugins/Experimental/Animation/RigMapper/RigMapper.uplugin" 766
"../../../Engine/Plugins/Experimental/Animation/TrajectoryTools/TrajectoryTools.uplugin" 767
"../../../Engine/Plugins/Developer/Concert/ConcertApp/DisasterRecoveryClient/DisasterRecoveryClient.uplugin" 768
"../../../Engine/Plugins/Runtime/USDCore/USDCore.uplugin" 769
"../../../Engine/Plugins/Runtime/Database/SQLiteCore/SQLiteCore.uplugin" 770
"../../../Engine/Plugins/Experimental/Animation/PackedAttributes/PackedAttributes.uplugin" 771
"../../../Engine/Plugins/Experimental/Animation/ContextualAnimation/ContextualAnimation.uplugin" 772
"../../../Engine/Plugins/Animation/MLDeformer/NeuralMorphModel/NeuralMorphModel.uplugin" 773
"../../../Engine/Plugins/Developer/Concert/ConcertInsights/ConcertInsightsServer/ConcertInsightsServer.uplugin" 774
"../../../Engine/Plugins/VirtualProduction/CaptureManager/CaptureManagerCore/CaptureManagerCore.uplugin" 775
"../../../Engine/Plugins/Developer/Concert/ConcertApp/MultiUserServer/MultiUserServer.uplugin" 776
"../../../Engine/Plugins/Developer/Concert/ConcertUI/ConcertSharedSlate/ConcertSharedSlate.uplugin" 777
"../../../Engine/Plugins/Runtime/AR/Google/GoogleARCoreServices/GoogleARCoreServices.uplugin" 778
"../../../Engine/Plugins/Animation/MLDeformer/NearestNeighborModel/NearestNeighborModel.uplugin" 779
"../../../Engine/Platforms/Android/Plugins/Animation/ACLPlugin/ACLPlugin_Android.uplugin" 780
"../../../Engine/Platforms/Android/Plugins/Animation/RigLogic/RigLogic_Android.uplugin" 781
"../../../Engine/Platforms/IOS/Plugins/Animation/RigLogic/RigLogic_IOS.uplugin" 782
"../../../Engine/Content/Internationalization/icudt64l/cnvalias.icu" 783
"../../../Engine/Content/Internationalization/icudt64l/res_index.res" 784
"../../../Engine/Content/Internationalization/icudt64l/plurals.res" 785
"../../../Engine/Content/Internationalization/icudt64l/lang/en.res" 786
"../../../Engine/Content/Internationalization/icudt64l/lang/pool.res" 787
"../../../Engine/Content/Internationalization/icudt64l/lang/root.res" 788
"../../../Engine/Content/Internationalization/icudt64l/region/en.res" 789
"../../../Engine/Content/Internationalization/icudt64l/region/pool.res" 790
"../../../Engine/Content/Internationalization/icudt64l/region/root.res" 791
"../../../Engine/Content/Internationalization/icudt64l/windowsZones.res" 792
"../../../Engine/Content/Internationalization/icudt64l/zoneinfo64.res" 793
"../../../Engine/Content/Internationalization/icudt64l/keyTypeData.res" 794
"../../../Engine/Content/Internationalization/icudt64l/timezoneTypes.res" 795
"../../../Engine/Content/Internationalization/icudt64l/likelySubtags.res" 796
"../../../Engine/Content/Internationalization/icudt64l/en_US.res" 797
"../../../Engine/Content/Internationalization/icudt64l/pool.res" 798
"../../../Engine/Content/Internationalization/icudt64l/en.res" 799
"../../../Engine/Content/Internationalization/icudt64l/root.res" 800
"../../../Engine/Content/Internationalization/icudt64l/supplementalData.res" 801
"../../../Engine/Config/ConfigRedirects.ini" 802
"C:/Users/whama/AppData/Local/UnrealEngine/5.7/Saved/Config/WindowsEditor/Manifest.ini" 803
"../../../Engine/Config/BaseEngine.ini" 804
"../../../Engine/Config/Windows/BaseWindowsEngine.ini" 805
"../../../../../../Arcadia/Unreal/Projects/Ricochet2/Config/DefaultEngine.ini" 806
"../../../Engine/Config/BaseGame.ini" 807
"../../../../../../Arcadia/Unreal/Projects/Ricochet2/Config/DefaultGame.ini" 808
"../../../Engine/Config/Windows/WindowsGame.ini" 809
"C:/Arcadia/Unreal/Projects/Ricochet2/Saved/Config/WindowsEditor/Game.ini" 810
"../../../Engine/Config/BaseInput.ini" 811
"../../../Engine/Config/Windows/BaseWindowsInput.ini" 812
"../../../../../../Arcadia/Unreal/Projects/Ricochet2/Config/DefaultInput.ini" 813
"../../../Engine/Config/Windows/WindowsInput.ini" 814
"../../../Engine/Config/BaseDeviceProfiles.ini" 815
"../../../Engine/Config/BaseGameUserSettings.ini" 816
"C:/Arcadia/Unreal/Projects/Ricochet2/Saved/Config/WindowsEditor/GameUserSettings.ini" 817
"../../../Engine/Config/BaseScalability.ini" 818
"../../../Engine/Config/BaseRuntimeOptions.ini" 819
"../../../Engine/Config/BaseInstallBundle.ini" 820
"../../../Engine/Config/BaseHardware.ini" 821
"../../../Engine/Config/BaseCompat.ini" 822
"../../../Engine/Config/BaseLightmass.ini" 823
"../../../Engine/Config/BaseEditor.ini" 824
"../../../../../../Arcadia/Unreal/Projects/Ricochet2/Config/DefaultEditor.ini" 825
"C:/Arcadia/Unreal/Projects/Ricochet2/Saved/Config/WindowsEditor/Editor.ini" 826
"../../../Engine/Config/BaseMaterialExpressions.ini" 827
"../../../Engine/Config/BaseEditorPerProjectUserSettings.ini" 828
"../../../../../../Arcadia/Unreal/Projects/Ricochet2/Config/DefaultEditorPerProjectUserSettings.ini" 829
"../../../Engine/Config/Windows/WindowsEditorPerProjectUserSettings.ini" 830
"C:/Arcadia/Unreal/Projects/Ricochet2/Saved/Config/WindowsEditor/EditorPerProjectUserSettings.ini" 831
"../../../Engine/Config/BaseEditorSettings.ini" 832
"../../../Engine/Config/Windows/WindowsEditorSettings.ini" 833
"C:/Users/whama/AppData/Local/UnrealEngine/5.7/Saved/Config/WindowsEditor/EditorSettings.ini" 834
"../../../Engine/Config/BaseEditorKeyBindings.ini" 835
"C:/Users/whama/AppData/Local/UnrealEngine/5.7/Saved/Config/WindowsEditor/EditorLayout.ini" 836
"../../../../../../Arcadia/Unreal/Projects/Ricochet2/Intermediate/CachedAssetRegistryDiscovery.bin" 837
"../../../../../../Arcadia/Unreal/Projects/Ricochet2/Binaries/Win64/Ricochet_2.target" 838
"../../../Engine/Config/Android/BaseAndroidEngine.ini" 839
"../../../Engine/Config/IOS/BaseIOSEngine.ini" 840
"../../../Engine/Binaries/Win64/BootstrapPackagedGame-Win64-Shipping.target" 841
"../../../Engine/Binaries/Win64/BuildPatchTool-Win64-Shipping.target" 842
"../../../Engine/Binaries/Win64/CrashReportClient-Win64-Shipping.target" 843
"../../../Engine/Config/Mac/BaseMacEngine.ini" 844
"../../../Engine/Platforms/VisionOS/Config/BaseVisionOSEngine.ini" 845
"../../../Engine/Config/Android/AndroidEngine.ini" 846
"../../../Engine/Binaries/Win64/CrashReportClientEditor-Win64-Shipping.target" 847
"../../../Engine/Config/Linux/BaseLinuxEngine.ini" 848
"../../../Engine/Platforms/VisionOS/Config/VisionOSEngine.ini" 849
"../../../Engine/Binaries/Win64/DatasmithCADWorker.target" 850
"../../../Engine/Binaries/Win64/EpicWebHelper-Win64-Shipping.target" 851
"../../../Engine/Binaries/Win64/InterchangeWorker.target" 852
"../../../Engine/Binaries/Win64/LiveCodingConsole.target" 853
"../../../Engine/Config/Unix/UnixEngine.ini" 854
"../../../Engine/Binaries/Win64/LiveLinkHub.target" 855
"../../../Engine/Config/Linux/LinuxEngine.ini" 856
"../../../Engine/Config/IOS/BaseIOSGame.ini" 857
"../../../Engine/Config/Android/BaseAndroidGame.ini" 858
"../../../Engine/Config/Mac/MacGame.ini" 859
"../../../Engine/Config/TVOS/TVOSEngine.ini" 860
"../../../Engine/Config/IOS/IOSGame.ini" 861
"../../../Engine/Config/Mac/BaseMacInput.ini" 862
"../../../Engine/Config/Android/BaseAndroidInput.ini" 863
"../../../Engine/Config/Linux/LinuxGame.ini" 864
"../../../Engine/Config/IOS/BaseIOSInput.ini" 865
"../../../Engine/Config/Android/AndroidScalability.ini" 866
"../../../Engine/Config/IOS/IOSScalability.ini" 867
"../../../Engine/Config/Android/BaseAndroidInstallBundle.ini" 868
"../../../Engine/Config/IOS/BaseIOSInstallBundle.ini" 869
"../../../Engine/Binaries/Win64/ShaderCompileWorker.target" 870
"../../../Engine/Binaries/Win64/SwitchboardListener.target" 871
"../../../Engine/Binaries/Win64/SwitchboardListenerHelper.target" 872
"../../../Engine/Binaries/Win64/UnrealEditor-Win64-DebugGame.target" 873
"../../../Engine/Binaries/Win64/UnrealEditor.target" 874
"../../../Engine/Config/PluginBase.ini" 875
"../../../Engine/Plugins/ChaosVD/Config/DefaultChaosVD.ini" 876
"../../../Engine/Plugins/EnhancedInput/Config/BaseEnhancedInput.ini" 877
"../../../Engine/Plugins/Fab/Config/BaseFab.ini" 878
"../../../Engine/Plugins/TraceUtilities/Config/BaseTraceUtilities.ini" 879
"../../../Engine/Plugins/Experimental/FullBodyIK/Config/BaseFullBodyIK.ini" 880
"../../../Engine/Plugins/Experimental/ToolPresets/Config/BaseToolPresets.ini" 881
"../../../Engine/Plugins/MetaHuman/MetaHumanSDK/Config/BaseMetaHumanSDK.ini" 882
"../../../Engine/Plugins/VirtualProduction/Takes/Config/BaseTakes.ini" 883
"../../../Engine/Plugins/2D/Paper2D/Config/BasePaper2D.ini" 884
"../../../Engine/Plugins/Animation/DeformerGraph/Config/BaseDeformerGraph.ini" 885
"../../../Engine/Plugins/Animation/IKRig/Config/BaseIKRig.ini" 886
"../../../Engine/Plugins/Animation/ControlRig/Config/BaseControlRig.ini" 887
"../../../Engine/Plugins/Cameras/GameplayCameras/Config/BaseGameplayCameras.ini" 888
"../../../Engine/Plugins/Compositing/CompositeCore/Config/BaseCompositeCore.ini" 889
"../../../Engine/Plugins/Editor/EditorScriptingUtilities/Config/BaseEditorScriptingUtilities.ini" 890
"../../../Engine/Plugins/Enterprise/GLTFExporter/Config/BaseGLTFExporter.ini" 891
"../../../Engine/Plugins/Enterprise/GLTFExporter/Config/DefaultGLTFExporter.ini" 892
"../../../Engine/Plugins/FX/Niagara/Config/BaseNiagara.ini" 893
"C:/Arcadia/Unreal/Projects/Ricochet2/Saved/Config/WindowsEditor/Niagara.ini" 894
"../../../Engine/Plugins/Enterprise/VariantManagerContent/Config/BaseVariantManagerContent.ini" 895
"../../../Engine/Plugins/Enterprise/DatasmithContent/Config/BaseDatasmithContent.ini" 896
"../../../Engine/Plugins/Interchange/Assets/Config/BaseInterchangeAssets.ini" 897
"../../../Engine/Plugins/Interchange/Runtime/Config/BaseInterchange.ini" 898
"../../../Engine/Plugins/Runtime/HairStrands/Config/BaseHairStrands.ini" 899
"../../../Engine/Plugins/Runtime/GameplayStateTree/Config/BaseGameplayStateTree.ini" 900
"../../../Engine/Plugins/Runtime/Metasound/Config/BaseMetasound.ini" 901
"../../../Engine/Plugins/Runtime/Metasound/Config/DefaultMetasound.ini" 902
"../../../Engine/Plugins/Runtime/PropertyBindingUtils/Config/BasePropertyBindingUtils.ini" 903
"../../../Engine/Plugins/Runtime/Synthesis/Config/BaseSynthesis.ini" 904
"../../../Engine/Plugins/Runtime/RigVM/Config/BaseRigVM.ini" 905
"../../../Engine/Plugins/Runtime/StateTree/Config/BaseStateTree.ini" 906
"../../../Engine/Plugins/ChaosVD/Config/Engine.ini" 907
"../../../Engine/Plugins/EnhancedInput/Config/Input.ini" 908
"../../../Engine/Plugins/Runtime/InputDebugging/Config/Input.ini" 909
"../../../Engine/Plugins/Runtime/Windows/XInputDevice/Config/Input.ini" 910
"../../../Engine/Plugins/NNE/NNEDenoiser/Config/Game.ini" 911
"../../../Engine/Plugins/Online/OnlineSubsystemUtils/Config/Editor.ini" 912
"../../../Engine/Plugins/Runtime/RigVM/Config/Editor.ini" 913
"../../../Engine/Plugins/Editor/ModelingToolsEditorMode/Binaries/Win64/UnrealEditor.modules" 914
"../../../Engine/Plugins/Runtime/MeshModelingToolset/Binaries/Win64/UnrealEditor.modules" 915
"../../../Engine/Plugins/Experimental/MeshModelingToolsetExp/Binaries/Win64/UnrealEditor.modules" 916
"../../../Engine/Plugins/Editor/MeshLODToolset/Binaries/Win64/UnrealEditor.modules" 917
"../../../Engine/Plugins/Experimental/ToolPresets/Binaries/Win64/UnrealEditor.modules" 918
"../../../Engine/Plugins/Editor/StylusInput/Binaries/Win64/UnrealEditor.modules" 919
"../../../Engine/Plugins/Runtime/GeometryProcessing/Binaries/Win64/UnrealEditor.modules" 920
"../../../Engine/Plugins/Editor/ProxyLODPlugin/Binaries/Win64/UnrealEditor.modules" 921
"../../../Engine/Plugins/Experimental/PlanarCutPlugin/Binaries/Win64/UnrealEditor.modules" 922
"../../../Engine/Plugins/Runtime/GeometryCache/Binaries/Win64/UnrealEditor.modules" 923
"../../../Engine/Plugins/Experimental/GeometryFlow/Binaries/Win64/UnrealEditor.modules" 924
"../../../Engine/Plugins/Editor/EditorScriptingUtilities/Binaries/Win64/UnrealEditor.modules" 925
"../../../Engine/Plugins/FX/Niagara/Binaries/Win64/UnrealEditor.modules" 926
"../../../Engine/Plugins/Experimental/PythonScriptPlugin/Binaries/Win64/UnrealEditor.modules" 927
"../../../Engine/Plugins/Editor/ContentBrowser/ContentBrowserFileDataSource/Binaries/Win64/UnrealEditor.modules" 928
"../../../Engine/Plugins/Runtime/GameplayStateTree/Binaries/Win64/UnrealEditor.modules" 929
"../../../Engine/Plugins/Runtime/StateTree/Binaries/Win64/UnrealEditor.modules" 930
"../../../Engine/Plugins/Animation/GameplayInsights/Binaries/Win64/UnrealEditor.modules" 931
"../../../Engine/Plugins/Runtime/PropertyAccess/Binaries/Win64/UnrealEditor.modules" 932
"../../../Engine/Plugins/Runtime/PropertyBindingUtils/Binaries/Win64/UnrealEditor.modules" 933
"../../../Engine/Plugins/AudioInsights/Binaries/Win64/UnrealEditor.modules" 934
"../../../Engine/Plugins/Runtime/AudioWidgets/Binaries/Win64/UnrealEditor.modules" 935
"../../../Engine/Plugins/Runtime/AudioSynesthesia/Binaries/Win64/UnrealEditor.modules" 936
"../../../Engine/Plugins/Bridge/Binaries/Win64/UnrealEditor.modules" 937
"../../../Engine/Plugins/MetaHuman/MetaHumanSDK/Binaries/Win64/UnrealEditor.modules" 938
"../../../Engine/Plugins/Animation/ControlRig/Binaries/Win64/UnrealEditor.modules" 939
"../../../Engine/Plugins/Runtime/HairStrands/Binaries/Win64/UnrealEditor.modules" 940
"../../../Engine/Plugins/Animation/RigLogic/Binaries/Win64/UnrealEditor.modules" 941
"../../../Engine/Plugins/Interchange/Runtime/Binaries/Win64/UnrealEditor.modules" 942
"../../../Engine/Plugins/Online/EOSShared/Binaries/Win64/UnrealEditor.modules" 943
"../../../Engine/Plugins/Runtime/RigVM/Binaries/Win64/UnrealEditor.modules" 944
"../../../Engine/Plugins/MovieScene/LevelSequenceEditor/Binaries/Win64/UnrealEditor.modules" 945
"../../../Engine/Plugins/MovieScene/SequencerScripting/Binaries/Win64/UnrealEditor.modules" 946
"../../../Engine/Plugins/Animation/TweeningUtils/Binaries/Win64/UnrealEditor.modules" 947
"../../../Engine/Plugins/Animation/DeformerGraph/Binaries/Win64/UnrealEditor.modules" 948
"../../../Engine/Plugins/Experimental/Dataflow/Binaries/Win64/UnrealEditor.modules" 949
"../../../Engine/Plugins/Runtime/ComputeFramework/Binaries/Win64/UnrealEditor.modules" 950
"../../../Engine/Plugins/Enterprise/VariantManagerContent/Binaries/Win64/UnrealEditor.modules" 951
"../../../Engine/Plugins/Enterprise/VariantManager/Binaries/Win64/UnrealEditor.modules" 952
"../../../Engine/Plugins/Interchange/Assets/Binaries/Win64/UnrealEditor.modules" 953
"../../../Engine/Plugins/Experimental/CharacterFXEditor/BaseCharacterFXEditor/Binaries/Win64/UnrealEditor.modules" 954
"../../../Engine/Plugins/Runtime/ProceduralMeshComponent/Binaries/Win64/UnrealEditor.modules" 955
"../../../Engine/Plugins/Experimental/ChaosCaching/Binaries/Win64/UnrealEditor.modules" 956
"../../../Engine/Plugins/Experimental/EditorDataStorage/Binaries/Win64/UnrealEditor.modules" 957
"../../../Engine/Plugins/Experimental/EditorDataStorageFeatures/Binaries/Win64/UnrealEditor.modules" 958
"../../../Engine/Plugins/Animation/SkeletalMeshModelingTools/Binaries/Win64/UnrealEditor.modules" 959
"../../../Engine/Plugins/VirtualProduction/Takes/Binaries/Win64/UnrealEditor.modules" 960
"../../../Engine/Plugins/Runtime/AudioCapture/Binaries/Win64/UnrealEditor.modules" 961
"../../../Engine/Plugins/Developer/NamingTokens/Binaries/Win64/UnrealEditor.modules" 962
"../../../Engine/Plugins/Editor/EngineAssetDefinitions/Binaries/Win64/UnrealEditor.modules" 963
"../../../Engine/Plugins/ChaosCloth/Binaries/Win64/UnrealEditor.modules" 964
"../../../Engine/Plugins/ChaosInsights/Binaries/Win64/UnrealEditor.modules" 965
"../../../Engine/Plugins/ChaosVD/Binaries/Win64/UnrealEditor.modules" 966
"../../../Engine/Plugins/CmdLinkServer/Binaries/Win64/UnrealEditor.modules" 967
"../../../Engine/Plugins/EnhancedInput/Binaries/Win64/UnrealEditor.modules" 968
"../../../Engine/Plugins/Editor/DataValidation/Binaries/Win64/UnrealEditor.modules" 969
"../../../Engine/Plugins/Fab/Binaries/Win64/UnrealEditor.modules" 970
"../../../Engine/Plugins/IoStoreInsights/Binaries/Win64/UnrealEditor.modules" 971
"../../../Engine/Plugins/MassInsights/Binaries/Win64/UnrealEditor.modules" 972
"../../../Engine/Plugins/MeshPainting/Binaries/Win64/UnrealEditor.modules" 973
"../../../Engine/Plugins/Interchange/Editor/Binaries/Win64/UnrealEditor.modules" 974
"../../../Engine/Plugins/RenderGraphInsights/Binaries/Win64/UnrealEditor.modules" 975
"../../../Engine/Plugins/TraceUtilities/Binaries/Win64/UnrealEditor.modules" 976
"../../../Engine/Plugins/UbaController/Binaries/Win64/UnrealEditor.modules" 977
"../../../Engine/Plugins/WorldMetrics/Binaries/Win64/UnrealEditor.modules" 978
"../../../Engine/Plugins/XGEController/Binaries/Win64/UnrealEditor.modules" 979
"../../../Engine/Plugins/Compression/OodleNetwork/Binaries/Win64/UnrealEditor.modules" 980
"../../../Engine/Plugins/Experimental/AdvancedRenamer/Binaries/Win64/UnrealEditor.modules" 981
"../../../Engine/Plugins/Experimental/AutomationUtils/Binaries/Win64/UnrealEditor.modules" 982
"../../../Engine/Plugins/Experimental/BackChannel/Binaries/Win64/UnrealEditor.modules" 983
"../../../Engine/Plugins/Experimental/ChaosEditor/Binaries/Win64/UnrealEditor.modules" 984
"../../../Engine/Plugins/Experimental/GeometryCollectionPlugin/Binaries/Win64/UnrealEditor.modules" 985
"../../../Engine/Plugins/Experimental/Fracture/Binaries/Win64/UnrealEditor.modules" 986
"../../../Engine/Plugins/Experimental/ChaosSolverPlugin/Binaries/Win64/UnrealEditor.modules" 987
"../../../Engine/Plugins/Experimental/GeometryDataflow/Binaries/Win64/UnrealEditor.modules" 988
"../../../Engine/Plugins/Experimental/ChaosNiagara/Binaries/Win64/UnrealEditor.modules" 989
"../../../Engine/Plugins/Experimental/ChaosUserDataPT/Binaries/Win64/UnrealEditor.modules" 990
"../../../Engine/Plugins/Experimental/CharacterAI/Binaries/Win64/UnrealEditor.modules" 991
"../../../Engine/Plugins/Experimental/EditorPerformance/Binaries/Win64/UnrealEditor.modules" 992
"../../../Engine/Plugins/Experimental/EditorTelemetry/Binaries/Win64/UnrealEditor.modules" 993
"../../../Engine/Plugins/Experimental/GlobalConfigurationData/Binaries/Win64/UnrealEditor.modules" 994
"../../../Engine/Plugins/Experimental/LocalizableMessage/Binaries/Win64/UnrealEditor.modules" 995
"../../../Engine/Plugins/Experimental/LevelSequenceNavigatorBridge/Binaries/Win64/UnrealEditor.modules" 996
"../../../Engine/Plugins/Experimental/SequenceNavigator/Binaries/Win64/UnrealEditor.modules" 997
"../../../Engine/Plugins/Experimental/NFORDenoise/Binaries/Win64/UnrealEditor.modules" 998
"../../../Engine/Plugins/Experimental/PlatformCrypto/Binaries/Win64/UnrealEditor.modules" 999
"../../../Engine/Plugins/Experimental/RuntimeTelemetry/Binaries/Win64/UnrealEditor.modules" 1000
"../../../Engine/Plugins/Experimental/SkeletalReduction/Binaries/Win64/UnrealEditor.modules" 1001
"../../../Engine/Plugins/Portal/LauncherChunkInstaller/Binaries/Win64/UnrealEditor.modules" 1002
"../../../Engine/Plugins/Importers/AlembicImporter/Binaries/Win64/UnrealEditor.modules" 1003
"../../../Engine/Plugins/Media/AndroidMedia/Binaries/Win64/UnrealEditor.modules" 1004
"../../../Engine/Plugins/Media/AvfMedia/Binaries/Win64/UnrealEditor.modules" 1005
"../../../Engine/Plugins/Media/ImgMedia/Binaries/Win64/UnrealEditor.modules" 1006
"../../../Engine/Plugins/Media/MediaPlayerEditor/Binaries/Win64/UnrealEditor.modules" 1007
"../../../Engine/Plugins/Media/MediaCompositing/Binaries/Win64/UnrealEditor.modules" 1008
"../../../Engine/Plugins/Media/MediaPlate/Binaries/Win64/UnrealEditor.modules" 1009
"../../../Engine/Plugins/Compositing/CompositeCore/Binaries/Win64/UnrealEditor.modules" 1010
"../../../Engine/Plugins/Media/WmfMedia/Binaries/Win64/UnrealEditor.modules" 1011
"../../../Engine/Plugins/Messaging/TcpMessaging/Binaries/Win64/UnrealEditor.modules" 1012
"../../../Engine/Plugins/NNE/NNEDenoiser/Binaries/Win64/UnrealEditor.modules" 1013
"../../../Engine/Plugins/NNE/NNERuntimeORT/Binaries/Win64/UnrealEditor.modules" 1014
"../../../Engine/Plugins/Tests/InterchangeTests/Binaries/Win64/UnrealEditor.modules" 1015
"../../../Engine/Plugins/Messaging/UdpMessaging/Binaries/Win64/UnrealEditor.modules" 1016
"../../../Engine/Plugins/AI/AISupport/Binaries/Win64/UnrealEditor.modules" 1017
"../../../Engine/Plugins/AI/EnvironmentQueryEditor/Binaries/Win64/UnrealEditor.modules" 1018
"../../../Engine/Plugins/Animation/AnimationModifierLibrary/Binaries/Win64/UnrealEditor.modules" 1019
"../../../Engine/Plugins/Animation/BlendSpaceMotionAnalysis/Binaries/Win64/UnrealEditor.modules" 1020
"../../../Engine/Plugins/2D/Paper2D/Binaries/Win64/UnrealEditor.modules" 1021
"../../../Engine/Plugins/Animation/EaseCurveTool/Binaries/Win64/UnrealEditor.modules" 1022
"../../../Engine/Plugins/Animation/IKRig/Binaries/Win64/UnrealEditor.modules" 1023
"../../../Engine/Plugins/Experimental/FullBodyIK/Binaries/Win64/UnrealEditor.modules" 1024
"../../../Engine/Plugins/Animation/AnimationData/Binaries/Win64/UnrealEditor.modules" 1025
"../../../Engine/Plugins/Animation/ACLPlugin/Binaries/Win64/UnrealEditor.modules" 1026
"../../../Engine/Plugins/Animation/ControlRigSpline/Binaries/Win64/UnrealEditor.modules" 1027
"../../../Engine/Plugins/Cameras/EngineCameras/Binaries/Win64/UnrealEditor.modules" 1028
"../../../Engine/Plugins/MovieScene/TemplateSequence/Binaries/Win64/UnrealEditor.modules" 1029
"../../../Engine/Plugins/Cameras/GameplayCameras/Binaries/Win64/UnrealEditor.modules" 1030
"../../../Engine/Plugins/Cameras/CameraShakePreviewer/Binaries/Win64/UnrealEditor.modules" 1031
"../../../Engine/Plugins/Developer/DumpGPUServices/Binaries/Win64/UnrealEditor.modules" 1032
"../../../Engine/Plugins/Developer/GPUReshape/Binaries/Win64/UnrealEditor.modules" 1033
"../../../Engine/Plugins/Developer/AnimationSharing/Binaries/Win64/UnrealEditor.modules" 1034
"../../../Engine/Plugins/Runtime/SignificanceManager/Binaries/Win64/UnrealEditor.modules" 1035
"../../../Engine/Plugins/Developer/N10XSourceCodeAccess/Binaries/Win64/UnrealEditor.modules" 1036
"../../../Engine/Plugins/Developer/CLionSourceCodeAccess/Binaries/Win64/UnrealEditor.modules" 1037
"../../../Engine/Plugins/Developer/GitSourceControl/Binaries/Win64/UnrealEditor.modules" 1038
"../../../Engine/Plugins/Developer/PixWinPlugin/Binaries/Win64/UnrealEditor.modules" 1039
"../../../Engine/Plugins/Developer/PropertyAccessNode/Binaries/Win64/UnrealEditor.modules" 1040
"../../../Engine/Plugins/Developer/ProjectLauncher/Binaries/Win64/UnrealEditor.modules" 1041
"../../../Engine/Plugins/Developer/RenderDocPlugin/Binaries/Win64/UnrealEditor.modules" 1042
"../../../Engine/Plugins/Developer/SubversionSourceControl/Binaries/Win64/UnrealEditor.modules" 1043
"../../../Engine/Plugins/Developer/VisualStudioCodeSourceCodeAccess/Binaries/Win64/UnrealEditor.modules" 1044
"../../../Engine/Plugins/Developer/PlasticSourceControl/Binaries/Win64/UnrealEditor.modules" 1045
"../../../Engine/Plugins/Developer/VisualStudioSourceCodeAccess/Binaries/Win64/UnrealEditor.modules" 1046
"../../../Engine/Plugins/Editor/AssetManagerEditor/Binaries/Win64/UnrealEditor.modules" 1047
"../../../Engine/Plugins/Editor/ContentBrowser/ContentBrowserAssetDataSource/Binaries/Win64/UnrealEditor.modules" 1048
"../../../Engine/Plugins/Developer/PerforceSourceControl/Binaries/Win64/UnrealEditor.modules" 1049
"../../../Engine/Plugins/Developer/RiderSourceCodeAccess/Binaries/Win64/UnrealEditor.modules" 1050
"../../../Engine/Plugins/Developer/UObjectPlugin/Binaries/Win64/UnrealEditor.modules" 1051
"../../../Engine/Plugins/Editor/ColorGrading/Binaries/Win64/UnrealEditor.modules" 1052
"../../../Engine/Plugins/Editor/ObjectMixer/ObjectMixer/Binaries/Win64/UnrealEditor.modules" 1053
"../../../Engine/Plugins/Editor/BlueprintHeaderView/Binaries/Win64/UnrealEditor.modules" 1054
"../../../Engine/Plugins/Developer/TextureFormatOodle/Binaries/Win64/UnrealEditor.modules" 1055
"../../../Engine/Plugins/Editor/EditorDebugTools/Binaries/Win64/UnrealEditor.modules" 1056
"../../../Engine/Plugins/Editor/ChangelistReview/Binaries/Win64/UnrealEditor.modules" 1057
"../../../Engine/Plugins/Editor/CurveEditorTools/Binaries/Win64/UnrealEditor.modules" 1058
"../../../Engine/Plugins/Editor/CryptoKeys/Binaries/Win64/UnrealEditor.modules" 1059
"../../../Engine/Plugins/Developer/PluginUtils/Binaries/Win64/UnrealEditor.modules" 1060
"../../../Engine/Plugins/Editor/MobileLauncherProfileWizard/Binaries/Win64/UnrealEditor.modules" 1061
"../../../Engine/Plugins/Editor/GameplayTagsEditor/Binaries/Win64/UnrealEditor.modules" 1062
"../../../Engine/Plugins/Editor/GeometryMode/Binaries/Win64/UnrealEditor.modules" 1063
"../../../Engine/Plugins/Editor/MaterialAnalyzer/Binaries/Win64/UnrealEditor.modules" 1064
"../../../Engine/Plugins/Editor/PluginBrowser/Binaries/Win64/UnrealEditor.modules" 1065
"../../../Engine/Plugins/Editor/SequencerAnimTools/Binaries/Win64/UnrealEditor.modules" 1066
"../../../Engine/Plugins/Editor/UMGWidgetPreview/Binaries/Win64/UnrealEditor.modules" 1067
"../../../Engine/Plugins/Editor/FacialAnimation/Binaries/Win64/UnrealEditor.modules" 1068
"../../../Engine/Plugins/Editor/WorldPartitionHLODUtilities/Binaries/Win64/UnrealEditor.modules" 1069
"../../../Engine/Plugins/Editor/SpeedTreeImporter/Binaries/Win64/UnrealEditor.modules" 1070
"../../../Engine/Plugins/Enterprise/GLTFExporter/Binaries/Win64/UnrealEditor.modules" 1071
"../../../Engine/Plugins/Enterprise/DatasmithContent/Binaries/Win64/UnrealEditor.modules" 1072
"../../../Engine/Plugins/FX/NiagaraPreviewContent/Binaries/Win64/UnrealEditor.modules" 1073
"../../../Engine/Plugins/MovieScene/ActorSequence/Binaries/Win64/UnrealEditor.modules" 1074
"../../../Engine/Plugins/FX/NiagaraSimCaching/Binaries/Win64/UnrealEditor.modules" 1075
"../../../Engine/Plugins/Editor/UVEditor/Binaries/Win64/UnrealEditor.modules" 1076
"../../../Engine/Plugins/Online/OnlineBase/Binaries/Win64/UnrealEditor.modules" 1077
"../../../Engine/Plugins/FX/Cascade/Binaries/Win64/UnrealEditor.modules" 1078
"../../../Engine/Plugins/Online/OnlineSubsystemNull/Binaries/Win64/UnrealEditor.modules" 1079
"../../../Engine/Plugins/Online/OnlineSubsystem/Binaries/Win64/UnrealEditor.modules" 1080
"../../../Engine/Plugins/Online/OnlineSubsystemUtils/Binaries/Win64/UnrealEditor.modules" 1081
"../../../Engine/Plugins/Online/OnlineServices/Binaries/Win64/UnrealEditor.modules" 1082
"../../../Engine/Plugins/MovieScene/SequenceValidator/Binaries/Win64/UnrealEditor.modules" 1083
"../../../Engine/Plugins/Runtime/AndroidFileServer/Binaries/Win64/UnrealEditor.modules" 1084
"../../../Engine/Plugins/Runtime/ActorLayerUtilities/Binaries/Win64/UnrealEditor.modules" 1085
"../../../Engine/Plugins/Runtime/AndroidDeviceProfileSelector/Binaries/Win64/UnrealEditor.modules" 1086
"../../../Engine/Plugins/Runtime/AppleImageUtils/Binaries/Win64/UnrealEditor.modules" 1087
"../../../Engine/Plugins/Runtime/AssetTags/Binaries/Win64/UnrealEditor.modules" 1088
"../../../Engine/Plugins/Runtime/ArchVisCharacter/Binaries/Win64/UnrealEditor.modules" 1089
"../../../Engine/Plugins/Runtime/AndroidPermission/Binaries/Win64/UnrealEditor.modules" 1090
"../../../Engine/Plugins/Runtime/CustomMeshComponent/Binaries/Win64/UnrealEditor.modules" 1091
"../../../Engine/Plugins/Runtime/ChunkDownloader/Binaries/Win64/UnrealEditor.modules" 1092
"../../../Engine/Plugins/Runtime/CableComponent/Binaries/Win64/UnrealEditor.modules" 1093
"../../../Engine/Plugins/Runtime/ExampleDeviceProfileSelector/Binaries/Win64/UnrealEditor.modules" 1094
"../../../Engine/Plugins/Runtime/InputDebugging/Binaries/Win64/UnrealEditor.modules" 1095
"../../../Engine/Plugins/Runtime/GooglePAD/Binaries/Win64/UnrealEditor.modules" 1096
"../../../Engine/Plugins/Runtime/LocationServicesBPLibrary/Binaries/Win64/UnrealEditor.modules" 1097
"../../../Engine/Plugins/Runtime/MobilePatchingUtils/Binaries/Win64/UnrealEditor.modules" 1098
"../../../Engine/Plugins/Runtime/MsQuic/Binaries/Win64/UnrealEditor.modules" 1099
"../../../Engine/Plugins/Runtime/Metasound/Binaries/Win64/UnrealEditor.modules" 1100
"../../../Engine/Plugins/Runtime/WaveTable/Binaries/Win64/UnrealEditor.modules" 1101
"../../../Engine/Plugins/Runtime/ResonanceAudio/Binaries/Win64/UnrealEditor.modules" 1102
"../../../Engine/Plugins/Runtime/Synthesis/Binaries/Win64/UnrealEditor.modules" 1103
"../../../Engine/Plugins/Runtime/SoundFields/Binaries/Win64/UnrealEditor.modules" 1104
"../../../Engine/Plugins/Runtime/WebMMoviePlayer/Binaries/Win64/UnrealEditor.modules" 1105
"../../../Engine/Plugins/Media/WebMMedia/Binaries/Win64/UnrealEditor.modules" 1106
"../../../Engine/Plugins/Runtime/WindowsDeviceProfileSelector/Binaries/Win64/UnrealEditor.modules" 1107
"../../../Engine/Plugins/Runtime/WindowsMoviePlayer/Binaries/Win64/UnrealEditor.modules" 1108
"../../../Engine/Plugins/Editor/ContentBrowser/ContentBrowserClassDataSource/Binaries/Win64/UnrealEditor.modules" 1109
"../../../Engine/Plugins/Editor/Localization/PortableObjectFileDataSource/Binaries/Win64/UnrealEditor.modules" 1110
"../../../Engine/Plugins/Runtime/Windows/XInputDevice/Binaries/Win64/UnrealEditor.modules" 1111
"../../../Engine/Plugins/Editor/ObjectMixer/LightMixer/Binaries/Win64/UnrealEditor.modules" 1112
"../../../Engine/Config/BaseSourceControlSettings.ini" 1113
"C:/Users/whama/AppData/Local/UnrealEngine/5.7/Saved/Config/WindowsEditor/SourceControlSettings.ini" 1114
"../../../Engine/Content/Internationalization/icudt64l/coll/ucadata.icu" 1115
"../../../Engine/Content/Internationalization/icudt64l/coll/en_US.res" 1116
"../../../Engine/Content/Internationalization/icudt64l/coll/en.res" 1117
"../../../Engine/Content/Internationalization/icudt64l/coll/root.res" 1118
"../../../Engine/Content/Certificates/ThirdParty/cacert.pem" 1119
"../../../Engine/Config/ConsoleVariables.ini" 1120
"../../../Engine/Binaries/Win64/Android/UnrealEditor.modules" 1121
"../../../Engine/Binaries/Win64/IOS/UnrealEditor.modules" 1122
"../../../Engine/Binaries/Win64/Linux/UnrealEditor.modules" 1123
"../../../Engine/Content/Localization/Editor/en/Editor.locres" 1124
"../../../Engine/Content/Localization/Keywords/en/Keywords.locres" 1125
"../../../Engine/Content/Localization/Category/en/Category.locres" 1126
"../../../Engine/Content/Localization/ToolTips/en/ToolTips.locres" 1127
"../../../Engine/Content/Localization/PropertyNames/en/PropertyNames.locres" 1128
"../../../Engine/Content/Localization/Engine/en/Engine.locres" 1129
"../../../Engine/Plugins/MetaHuman/MetaHumanSDK/Content/Localization/MetaHumanSDK/en/MetaHumanSDK.locres" 1130
"../../../Engine/Plugins/MetaHuman/MetaHumanSDK/Content/Localization/MetaHumanSDK_Properties/en/MetaHumanSDK_Properties.locres" 1131
"../../../Engine/Plugins/MetaHuman/MetaHumanSDK/Content/Localization/MetaHumanSDK_Tooltips/en/MetaHumanSDK_Tooltips.locres" 1132
"../../../Engine/Plugins/Online/OnlineSubsystem/Content/Localization/OnlineSubsystem/en/OnlineSubsystem.locres" 1133
"../../../Engine/Plugins/Online/OnlineSubsystemUtils/Content/Localization/OnlineSubsystemUtils/en/OnlineSubsystemUtils.locres" 1134
"../../../Engine/Plugins/Online/IOS/OnlineSubsystemIOS/Content/Localization/OnlineSubsystemIOS/en/OnlineSubsystemIOS.locres" 1135
"../../../Engine/Plugins/Online/Android/OnlineSubsystemGooglePlay/Content/Localization/OnlineSubsystemGooglePlay/en/OnlineSubsystemGooglePlay.locres" 1136
"../../../Engine/Content/Internationalization/icudt64l/numberingSystems.res" 1137
"../../../Engine/Content/Internationalization/icudt64l/curr/supplementalData.res" 1138
"../../../Engine/Content/Internationalization/icudt64l/curr/en.res" 1139
"../../../Engine/Content/Internationalization/icudt64l/curr/pool.res" 1140
"../../../Engine/Content/Internationalization/icudt64l/curr/root.res" 1141
"../../../Engine/Content/Internationalization/icudt64l/lang/af.res" 1142
"../../../Engine/Content/Internationalization/icudt64l/region/af.res" 1143
"../../../Engine/Content/Internationalization/icudt64l/lang/agq.res" 1144
"../../../Engine/Content/Internationalization/icudt64l/region/agq.res" 1145
"../../../Engine/Content/Internationalization/icudt64l/lang/ak.res" 1146
"../../../Engine/Content/Internationalization/icudt64l/region/ak.res" 1147
"../../../Engine/Content/Internationalization/icudt64l/lang/am.res" 1148
"../../../Engine/Content/Internationalization/icudt64l/region/am.res" 1149
"../../../Engine/Content/Internationalization/icudt64l/lang/ar.res" 1150
"../../../Engine/Content/Internationalization/icudt64l/region/ar.res" 1151
"../../../Engine/Content/Internationalization/icudt64l/region/ar_AE.res" 1152
"../../../Engine/Content/Internationalization/icudt64l/lang/ar_EG.res" 1153
"../../../Engine/Content/Internationalization/icudt64l/lang/ar_LY.res" 1154
"../../../Engine/Content/Internationalization/icudt64l/region/ar_LY.res" 1155
"../../../Engine/Content/Internationalization/icudt64l/lang/ar_SA.res" 1156
"../../../Engine/Content/Internationalization/icudt64l/region/ar_SA.res" 1157
"../../../Engine/Content/Internationalization/icudt64l/lang/as.res" 1158
"../../../Engine/Content/Internationalization/icudt64l/region/as.res" 1159
"../../../Engine/Content/Internationalization/icudt64l/lang/asa.res" 1160
"../../../Engine/Content/Internationalization/icudt64l/region/asa.res" 1161
"../../../Engine/Content/Internationalization/icudt64l/lang/ast.res" 1162
"../../../Engine/Content/Internationalization/icudt64l/region/ast.res" 1163
"../../../Engine/Content/Internationalization/icudt64l/lang/az.res" 1164
"../../../Engine/Content/Internationalization/icudt64l/lang/az_Cyrl.res" 1165
"../../../Engine/Content/Internationalization/icudt64l/lang/az_AZ.res" 1166
"../../../Engine/Content/Internationalization/icudt64l/lang/az_Latn_AZ.res" 1167
"../../../Engine/Content/Internationalization/icudt64l/lang/az_Latn.res" 1168
"../../../Engine/Content/Internationalization/icudt64l/region/az_AZ.res" 1169
"../../../Engine/Content/Internationalization/icudt64l/region/az_Latn_AZ.res" 1170
"../../../Engine/Content/Internationalization/icudt64l/region/az_Latn.res" 1171
"../../../Engine/Content/Internationalization/icudt64l/region/az.res" 1172
"../../../Engine/Content/Internationalization/icudt64l/region/az_Cyrl.res" 1173
"../../../Engine/Content/Internationalization/icudt64l/lang/bas.res" 1174
"../../../Engine/Content/Internationalization/icudt64l/region/bas.res" 1175
"../../../Engine/Content/Internationalization/icudt64l/lang/be.res" 1176
"../../../Engine/Content/Internationalization/icudt64l/region/be.res" 1177
"../../../Engine/Content/Internationalization/icudt64l/lang/bem.res" 1178
"../../../Engine/Content/Internationalization/icudt64l/region/bem.res" 1179
"../../../Engine/Content/Internationalization/icudt64l/lang/bez.res" 1180
"../../../Engine/Content/Internationalization/icudt64l/region/bez.res" 1181
"../../../Engine/Content/Internationalization/icudt64l/lang/bg.res" 1182
"../../../Engine/Content/Internationalization/icudt64l/region/bg.res" 1183
"../../../Engine/Content/Internationalization/icudt64l/lang/bm.res" 1184
"../../../Engine/Content/Internationalization/icudt64l/region/bm.res" 1185
"../../../Engine/Content/Internationalization/icudt64l/lang/bn.res" 1186
"../../../Engine/Content/Internationalization/icudt64l/region/bn.res" 1187
"../../../Engine/Content/Internationalization/icudt64l/lang/bn_IN.res" 1188
"../../../Engine/Content/Internationalization/icudt64l/region/bn_IN.res" 1189
"../../../Engine/Content/Internationalization/icudt64l/lang/bo.res" 1190
"../../../Engine/Content/Internationalization/icudt64l/region/bo.res" 1191
"../../../Engine/Content/Internationalization/icudt64l/region/bo_IN.res" 1192
"../../../Engine/Content/Internationalization/icudt64l/lang/br.res" 1193
"../../../Engine/Content/Internationalization/icudt64l/region/br.res" 1194
"../../../Engine/Content/Internationalization/icudt64l/lang/brx.res" 1195
"../../../Engine/Content/Internationalization/icudt64l/region/brx.res" 1196
"../../../Engine/Content/Internationalization/icudt64l/lang/bs.res" 1197
"../../../Engine/Content/Internationalization/icudt64l/lang/bs_Cyrl.res" 1198
"../../../Engine/Content/Internationalization/icudt64l/lang/bs_BA.res" 1199
"../../../Engine/Content/Internationalization/icudt64l/lang/bs_Latn_BA.res" 1200
"../../../Engine/Content/Internationalization/icudt64l/lang/bs_Latn.res" 1201
"../../../Engine/Content/Internationalization/icudt64l/region/bs_BA.res" 1202
"../../../Engine/Content/Internationalization/icudt64l/region/bs_Latn_BA.res" 1203
"../../../Engine/Content/Internationalization/icudt64l/region/bs_Latn.res" 1204
"../../../Engine/Content/Internationalization/icudt64l/region/bs.res" 1205
"../../../Engine/Content/Internationalization/icudt64l/region/bs_Cyrl.res" 1206
"../../../Engine/Content/Internationalization/icudt64l/lang/ca.res" 1207
"../../../Engine/Content/Internationalization/icudt64l/region/ca.res" 1208
"../../../Engine/Content/Internationalization/icudt64l/lang/ccp.res" 1209
"../../../Engine/Content/Internationalization/icudt64l/region/ccp.res" 1210
"../../../Engine/Content/Internationalization/icudt64l/lang/ce.res" 1211
"../../../Engine/Content/Internationalization/icudt64l/region/ce.res" 1212
"../../../Engine/Content/Internationalization/icudt64l/lang/ceb.res" 1213
"../../../Engine/Content/Internationalization/icudt64l/region/ceb.res" 1214
"../../../Engine/Content/Internationalization/icudt64l/lang/cgg.res" 1215
"../../../Engine/Content/Internationalization/icudt64l/region/cgg.res" 1216
"../../../Engine/Content/Internationalization/icudt64l/lang/chr.res" 1217
"../../../Engine/Content/Internationalization/icudt64l/region/chr.res" 1218
"../../../Engine/Content/Internationalization/icudt64l/lang/ckb.res" 1219
"../../../Engine/Content/Internationalization/icudt64l/region/ckb.res" 1220
"../../../Engine/Content/Internationalization/icudt64l/lang/cs.res" 1221
"../../../Engine/Content/Internationalization/icudt64l/region/cs.res" 1222
"../../../Engine/Content/Internationalization/icudt64l/lang/cy.res" 1223
"../../../Engine/Content/Internationalization/icudt64l/region/cy.res" 1224
"../../../Engine/Content/Internationalization/icudt64l/lang/da.res" 1225
"../../../Engine/Content/Internationalization/icudt64l/region/da.res" 1226
"../../../Engine/Content/Internationalization/icudt64l/lang/dav.res" 1227
"../../../Engine/Content/Internationalization/icudt64l/region/dav.res" 1228
"../../../Engine/Content/Internationalization/icudt64l/lang/de.res" 1229
"../../../Engine/Content/Internationalization/icudt64l/lang/de_AT.res" 1230
"../../../Engine/Content/Internationalization/icudt64l/region/de_AT.res" 1231
"../../../Engine/Content/Internationalization/icudt64l/region/de.res" 1232
"../../../Engine/Content/Internationalization/icudt64l/lang/de_CH.res" 1233
"../../../Engine/Content/Internationalization/icudt64l/region/de_CH.res" 1234
"../../../Engine/Content/Internationalization/icudt64l/lang/de_LU.res" 1235
"../../../Engine/Content/Internationalization/icudt64l/lang/dje.res" 1236
"../../../Engine/Content/Internationalization/icudt64l/region/dje.res" 1237
"../../../Engine/Content/Internationalization/icudt64l/lang/dsb.res" 1238
"../../../Engine/Content/Internationalization/icudt64l/region/dsb.res" 1239
"../../../Engine/Content/Internationalization/icudt64l/lang/dua.res" 1240
"../../../Engine/Content/Internationalization/icudt64l/region/dua.res" 1241
"../../../Engine/Content/Internationalization/icudt64l/lang/dyo.res" 1242
"../../../Engine/Content/Internationalization/icudt64l/region/dyo.res" 1243
"../../../Engine/Content/Internationalization/icudt64l/lang/dz.res" 1244
"../../../Engine/Content/Internationalization/icudt64l/region/dz.res" 1245
"../../../Engine/Content/Internationalization/icudt64l/lang/ebu.res" 1246
"../../../Engine/Content/Internationalization/icudt64l/region/ebu.res" 1247
"../../../Engine/Content/Internationalization/icudt64l/lang/ee.res" 1248
"../../../Engine/Content/Internationalization/icudt64l/region/ee.res" 1249
"../../../Engine/Content/Internationalization/icudt64l/lang/el.res" 1250
"../../../Engine/Content/Internationalization/icudt64l/region/el.res" 1251
"../../../Engine/Content/Internationalization/icudt64l/lang/en_001.res" 1252
"../../../Engine/Content/Internationalization/icudt64l/lang/en_150.res" 1253
"../../../Engine/Content/Internationalization/icudt64l/region/en_150.res" 1254
"../../../Engine/Content/Internationalization/icudt64l/lang/en_AG.res" 1255
"../../../Engine/Content/Internationalization/icudt64l/region/en_AG.res" 1256
"../../../Engine/Content/Internationalization/icudt64l/lang/en_AI.res" 1257
"../../../Engine/Content/Internationalization/icudt64l/region/en_AI.res" 1258
"../../../Engine/Content/Internationalization/icudt64l/lang/en_AT.res" 1259
"../../../Engine/Content/Internationalization/icudt64l/region/en_AT.res" 1260
"../../../Engine/Content/Internationalization/icudt64l/lang/en_AU.res" 1261
"../../../Engine/Content/Internationalization/icudt64l/region/en_AU.res" 1262
"../../../Engine/Content/Internationalization/icudt64l/lang/en_BB.res" 1263
"../../../Engine/Content/Internationalization/icudt64l/region/en_BB.res" 1264
"../../../Engine/Content/Internationalization/icudt64l/lang/en_BE.res" 1265
"../../../Engine/Content/Internationalization/icudt64l/region/en_BE.res" 1266
"../../../Engine/Content/Internationalization/icudt64l/lang/en_BM.res" 1267
"../../../Engine/Content/Internationalization/icudt64l/region/en_BM.res" 1268
"../../../Engine/Content/Internationalization/icudt64l/lang/en_BS.res" 1269
"../../../Engine/Content/Internationalization/icudt64l/region/en_BS.res" 1270
"../../../Engine/Content/Internationalization/icudt64l/lang/en_BW.res" 1271
"../../../Engine/Content/Internationalization/icudt64l/region/en_BW.res" 1272
"../../../Engine/Content/Internationalization/icudt64l/lang/en_BZ.res" 1273
"../../../Engine/Content/Internationalization/icudt64l/region/en_BZ.res" 1274
"../../../Engine/Content/Internationalization/icudt64l/lang/en_CA.res" 1275
"../../../Engine/Content/Internationalization/icudt64l/region/en_CA.res" 1276
"../../../Engine/Content/Internationalization/icudt64l/lang/en_CC.res" 1277
"../../../Engine/Content/Internationalization/icudt64l/region/en_CC.res" 1278
"../../../Engine/Content/Internationalization/icudt64l/lang/en_CH.res" 1279
"../../../Engine/Content/Internationalization/icudt64l/region/en_CH.res" 1280
"../../../Engine/Content/Internationalization/icudt64l/lang/en_CK.res" 1281
"../../../Engine/Content/Internationalization/icudt64l/region/en_CK.res" 1282
"../../../Engine/Content/Internationalization/icudt64l/lang/en_CM.res" 1283
"../../../Engine/Content/Internationalization/icudt64l/region/en_CM.res" 1284
"../../../Engine/Content/Internationalization/icudt64l/lang/en_CX.res" 1285
"../../../Engine/Content/Internationalization/icudt64l/region/en_CX.res" 1286
"../../../Engine/Content/Internationalization/icudt64l/lang/en_CY.res" 1287
"../../../Engine/Content/Internationalization/icudt64l/region/en_CY.res" 1288
"../../../Engine/Content/Internationalization/icudt64l/lang/en_DE.res" 1289
"../../../Engine/Content/Internationalization/icudt64l/region/en_DE.res" 1290
"../../../Engine/Content/Internationalization/icudt64l/lang/en_DG.res" 1291
"../../../Engine/Content/Internationalization/icudt64l/region/en_DG.res" 1292
"../../../Engine/Content/Internationalization/icudt64l/lang/en_DK.res" 1293
"../../../Engine/Content/Internationalization/icudt64l/region/en_DK.res" 1294
"../../../Engine/Content/Internationalization/icudt64l/lang/en_DM.res" 1295
"../../../Engine/Content/Internationalization/icudt64l/region/en_DM.res" 1296
"../../../Engine/Content/Internationalization/icudt64l/lang/en_ER.res" 1297
"../../../Engine/Content/Internationalization/icudt64l/region/en_ER.res" 1298
"../../../Engine/Content/Internationalization/icudt64l/lang/en_FI.res" 1299
"../../../Engine/Content/Internationalization/icudt64l/region/en_FI.res" 1300
"../../../Engine/Content/Internationalization/icudt64l/lang/en_FJ.res" 1301
"../../../Engine/Content/Internationalization/icudt64l/region/en_FJ.res" 1302
"../../../Engine/Content/Internationalization/icudt64l/lang/en_FK.res" 1303
"../../../Engine/Content/Internationalization/icudt64l/region/en_FK.res" 1304
"../../../Engine/Content/Internationalization/icudt64l/lang/en_FM.res" 1305
"../../../Engine/Content/Internationalization/icudt64l/region/en_FM.res" 1306
"../../../Engine/Content/Internationalization/icudt64l/lang/en_GB.res" 1307
"../../../Engine/Content/Internationalization/icudt64l/region/en_GB.res" 1308
"../../../Engine/Content/Internationalization/icudt64l/lang/en_GD.res" 1309
"../../../Engine/Content/Internationalization/icudt64l/region/en_GD.res" 1310
"../../../Engine/Content/Internationalization/icudt64l/lang/en_GG.res" 1311
"../../../Engine/Content/Internationalization/icudt64l/region/en_GG.res" 1312
"../../../Engine/Content/Internationalization/icudt64l/lang/en_GH.res" 1313
"../../../Engine/Content/Internationalization/icudt64l/region/en_GH.res" 1314
"../../../Engine/Content/Internationalization/icudt64l/lang/en_GI.res" 1315
"../../../Engine/Content/Internationalization/icudt64l/region/en_GI.res" 1316
"../../../Engine/Content/Internationalization/icudt64l/lang/en_GM.res" 1317
"../../../Engine/Content/Internationalization/icudt64l/region/en_GM.res" 1318
"../../../Engine/Content/Internationalization/icudt64l/lang/en_GY.res" 1319
"../../../Engine/Content/Internationalization/icudt64l/region/en_GY.res" 1320
"../../../Engine/Content/Internationalization/icudt64l/lang/en_HK.res" 1321
"../../../Engine/Content/Internationalization/icudt64l/region/en_HK.res" 1322
"../../../Engine/Content/Internationalization/icudt64l/lang/en_IE.res" 1323
"../../../Engine/Content/Internationalization/icudt64l/region/en_IE.res" 1324
"../../../Engine/Content/Internationalization/icudt64l/lang/en_IL.res" 1325
"../../../Engine/Content/Internationalization/icudt64l/region/en_IL.res" 1326
"../../../Engine/Content/Internationalization/icudt64l/lang/en_IM.res" 1327
"../../../Engine/Content/Internationalization/icudt64l/region/en_IM.res" 1328
"../../../Engine/Content/Internationalization/icudt64l/lang/en_IN.res" 1329
"../../../Engine/Content/Internationalization/icudt64l/region/en_IN.res" 1330
"../../../Engine/Content/Internationalization/icudt64l/lang/en_IO.res" 1331
"../../../Engine/Content/Internationalization/icudt64l/region/en_IO.res" 1332
"../../../Engine/Content/Internationalization/icudt64l/lang/en_JE.res" 1333
"../../../Engine/Content/Internationalization/icudt64l/region/en_JE.res" 1334
"../../../Engine/Content/Internationalization/icudt64l/lang/en_JM.res" 1335
"../../../Engine/Content/Internationalization/icudt64l/region/en_JM.res" 1336
"../../../Engine/Content/Internationalization/icudt64l/lang/en_KE.res" 1337
"../../../Engine/Content/Internationalization/icudt64l/region/en_KE.res" 1338
"../../../Engine/Content/Internationalization/icudt64l/lang/en_KI.res" 1339
"../../../Engine/Content/Internationalization/icudt64l/region/en_KI.res" 1340
"../../../Engine/Content/Internationalization/icudt64l/lang/en_KN.res" 1341
"../../../Engine/Content/Internationalization/icudt64l/region/en_KN.res" 1342
"../../../Engine/Content/Internationalization/icudt64l/lang/en_KY.res" 1343
"../../../Engine/Content/Internationalization/icudt64l/region/en_KY.res" 1344
"../../../Engine/Content/Internationalization/icudt64l/lang/en_LC.res" 1345
"../../../Engine/Content/Internationalization/icudt64l/region/en_LC.res" 1346
"../../../Engine/Content/Internationalization/icudt64l/lang/en_LR.res" 1347
"../../../Engine/Content/Internationalization/icudt64l/region/en_LR.res" 1348
"../../../Engine/Content/Internationalization/icudt64l/lang/en_LS.res" 1349
"../../../Engine/Content/Internationalization/icudt64l/region/en_LS.res" 1350
"../../../Engine/Content/Internationalization/icudt64l/lang/en_MG.res" 1351
"../../../Engine/Content/Internationalization/icudt64l/region/en_MG.res" 1352
"../../../Engine/Content/Internationalization/icudt64l/lang/en_MO.res" 1353
"../../../Engine/Content/Internationalization/icudt64l/region/en_MO.res" 1354
"../../../Engine/Content/Internationalization/icudt64l/lang/en_MS.res" 1355
"../../../Engine/Content/Internationalization/icudt64l/region/en_MS.res" 1356
"../../../Engine/Content/Internationalization/icudt64l/lang/en_MT.res" 1357
"../../../Engine/Content/Internationalization/icudt64l/region/en_MT.res" 1358
"../../../Engine/Content/Internationalization/icudt64l/lang/en_MU.res" 1359
"../../../Engine/Content/Internationalization/icudt64l/region/en_MU.res" 1360
"../../../Engine/Content/Internationalization/icudt64l/lang/en_MW.res" 1361
"../../../Engine/Content/Internationalization/icudt64l/region/en_MW.res" 1362
"../../../Engine/Content/Internationalization/icudt64l/lang/en_MY.res" 1363
"../../../Engine/Content/Internationalization/icudt64l/region/en_MY.res" 1364
"../../../Engine/Content/Internationalization/icudt64l/lang/en_NA.res" 1365
"../../../Engine/Content/Internationalization/icudt64l/region/en_NA.res" 1366
"../../../Engine/Content/Internationalization/icudt64l/lang/en_NF.res" 1367
"../../../Engine/Content/Internationalization/icudt64l/region/en_NF.res" 1368
"../../../Engine/Content/Internationalization/icudt64l/lang/en_NG.res" 1369
"../../../Engine/Content/Internationalization/icudt64l/region/en_NG.res" 1370
"../../../Engine/Content/Internationalization/icudt64l/lang/en_NL.res" 1371
"../../../Engine/Content/Internationalization/icudt64l/region/en_NL.res" 1372
"../../../Engine/Content/Internationalization/icudt64l/lang/en_NR.res" 1373
"../../../Engine/Content/Internationalization/icudt64l/region/en_NR.res" 1374
"../../../Engine/Content/Internationalization/icudt64l/lang/en_NU.res" 1375
"../../../Engine/Content/Internationalization/icudt64l/region/en_NU.res" 1376
"../../../Engine/Content/Internationalization/icudt64l/lang/en_NZ.res" 1377
"../../../Engine/Content/Internationalization/icudt64l/region/en_NZ.res" 1378
"../../../Engine/Content/Internationalization/icudt64l/lang/en_PG.res" 1379
"../../../Engine/Content/Internationalization/icudt64l/region/en_PG.res" 1380
"../../../Engine/Content/Internationalization/icudt64l/lang/en_PH.res" 1381
"../../../Engine/Content/Internationalization/icudt64l/region/en_PH.res" 1382
"../../../Engine/Content/Internationalization/icudt64l/lang/en_PK.res" 1383
"../../../Engine/Content/Internationalization/icudt64l/region/en_PK.res" 1384
"../../../Engine/Content/Internationalization/icudt64l/lang/en_PN.res" 1385
"../../../Engine/Content/Internationalization/icudt64l/region/en_PN.res" 1386
"../../../Engine/Content/Internationalization/icudt64l/lang/en_PW.res" 1387
"../../../Engine/Content/Internationalization/icudt64l/region/en_PW.res" 1388
"../../../Engine/Content/Internationalization/icudt64l/lang/en_RW.res" 1389
"../../../Engine/Content/Internationalization/icudt64l/region/en_RW.res" 1390
"../../../Engine/Content/Internationalization/icudt64l/lang/en_SB.res" 1391
"../../../Engine/Content/Internationalization/icudt64l/region/en_SB.res" 1392
"../../../Engine/Content/Internationalization/icudt64l/lang/en_SC.res" 1393
"../../../Engine/Content/Internationalization/icudt64l/region/en_SC.res" 1394
"../../../Engine/Content/Internationalization/icudt64l/lang/en_SD.res" 1395
"../../../Engine/Content/Internationalization/icudt64l/region/en_SD.res" 1396
"../../../Engine/Content/Internationalization/icudt64l/lang/en_SE.res" 1397
"../../../Engine/Content/Internationalization/icudt64l/region/en_SE.res" 1398
"../../../Engine/Content/Internationalization/icudt64l/lang/en_SG.res" 1399
"../../../Engine/Content/Internationalization/icudt64l/region/en_SG.res" 1400
"../../../Engine/Content/Internationalization/icudt64l/lang/en_SH.res" 1401
"../../../Engine/Content/Internationalization/icudt64l/region/en_SH.res" 1402
"../../../Engine/Content/Internationalization/icudt64l/lang/en_SI.res" 1403
"../../../Engine/Content/Internationalization/icudt64l/region/en_SI.res" 1404
"../../../Engine/Content/Internationalization/icudt64l/lang/en_SL.res" 1405
"../../../Engine/Content/Internationalization/icudt64l/region/en_SL.res" 1406
"../../../Engine/Content/Internationalization/icudt64l/lang/en_SS.res" 1407
"../../../Engine/Content/Internationalization/icudt64l/region/en_SS.res" 1408
"../../../Engine/Content/Internationalization/icudt64l/lang/en_SX.res" 1409
"../../../Engine/Content/Internationalization/icudt64l/region/en_SX.res" 1410
"../../../Engine/Content/Internationalization/icudt64l/lang/en_SZ.res" 1411
"../../../Engine/Content/Internationalization/icudt64l/region/en_SZ.res" 1412
"../../../Engine/Content/Internationalization/icudt64l/lang/en_TC.res" 1413
"../../../Engine/Content/Internationalization/icudt64l/region/en_TC.res" 1414
"../../../Engine/Content/Internationalization/icudt64l/lang/en_TK.res" 1415
"../../../Engine/Content/Internationalization/icudt64l/region/en_TK.res" 1416
"../../../Engine/Content/Internationalization/icudt64l/lang/en_TO.res" 1417
"../../../Engine/Content/Internationalization/icudt64l/region/en_TO.res" 1418
"../../../Engine/Content/Internationalization/icudt64l/lang/en_TT.res" 1419
"../../../Engine/Content/Internationalization/icudt64l/region/en_TT.res" 1420
"../../../Engine/Content/Internationalization/icudt64l/lang/en_TV.res" 1421
"../../../Engine/Content/Internationalization/icudt64l/region/en_TV.res" 1422
"../../../Engine/Content/Internationalization/icudt64l/lang/en_TZ.res" 1423
"../../../Engine/Content/Internationalization/icudt64l/region/en_TZ.res" 1424
"../../../Engine/Content/Internationalization/icudt64l/lang/en_UG.res" 1425
"../../../Engine/Content/Internationalization/icudt64l/region/en_UG.res" 1426
"../../../Engine/Content/Internationalization/icudt64l/lang/en_VC.res" 1427
"../../../Engine/Content/Internationalization/icudt64l/region/en_VC.res" 1428
"../../../Engine/Content/Internationalization/icudt64l/lang/en_VG.res" 1429
"../../../Engine/Content/Internationalization/icudt64l/region/en_VG.res" 1430
"../../../Engine/Content/Internationalization/icudt64l/lang/en_VU.res" 1431
"../../../Engine/Content/Internationalization/icudt64l/region/en_VU.res" 1432
"../../../Engine/Content/Internationalization/icudt64l/lang/en_WS.res" 1433
"../../../Engine/Content/Internationalization/icudt64l/region/en_WS.res" 1434
"../../../Engine/Content/Internationalization/icudt64l/lang/en_ZA.res" 1435
"../../../Engine/Content/Internationalization/icudt64l/region/en_ZA.res" 1436
"../../../Engine/Content/Internationalization/icudt64l/lang/en_ZM.res" 1437
"../../../Engine/Content/Internationalization/icudt64l/region/en_ZM.res" 1438
"../../../Engine/Content/Internationalization/icudt64l/lang/en_ZW.res" 1439
"../../../Engine/Content/Internationalization/icudt64l/region/en_ZW.res" 1440
"../../../Engine/Content/Internationalization/icudt64l/lang/eo.res" 1441
"../../../Engine/Content/Internationalization/icudt64l/region/eo.res" 1442
"../../../Engine/Content/Internationalization/icudt64l/lang/es.res" 1443
"../../../Engine/Content/Internationalization/icudt64l/lang/es_419.res" 1444
"../../../Engine/Content/Internationalization/icudt64l/region/es_419.res" 1445
"../../../Engine/Content/Internationalization/icudt64l/region/es.res" 1446
"../../../Engine/Content/Internationalization/icudt64l/lang/es_AR.res" 1447
"../../../Engine/Content/Internationalization/icudt64l/region/es_AR.res" 1448
"../../../Engine/Content/Internationalization/icudt64l/lang/es_BO.res" 1449
"../../../Engine/Content/Internationalization/icudt64l/region/es_BO.res" 1450
"../../../Engine/Content/Internationalization/icudt64l/lang/es_BR.res" 1451
"../../../Engine/Content/Internationalization/icudt64l/region/es_BR.res" 1452
"../../../Engine/Content/Internationalization/icudt64l/lang/es_BZ.res" 1453
"../../../Engine/Content/Internationalization/icudt64l/region/es_BZ.res" 1454
"../../../Engine/Content/Internationalization/icudt64l/lang/es_CL.res" 1455
"../../../Engine/Content/Internationalization/icudt64l/region/es_CL.res" 1456
"../../../Engine/Content/Internationalization/icudt64l/lang/es_CO.res" 1457
"../../../Engine/Content/Internationalization/icudt64l/region/es_CO.res" 1458
"../../../Engine/Content/Internationalization/icudt64l/lang/es_CR.res" 1459
"../../../Engine/Content/Internationalization/icudt64l/region/es_CR.res" 1460
"../../../Engine/Content/Internationalization/icudt64l/lang/es_CU.res" 1461
"../../../Engine/Content/Internationalization/icudt64l/region/es_CU.res" 1462
"../../../Engine/Content/Internationalization/icudt64l/lang/es_DO.res" 1463
"../../../Engine/Content/Internationalization/icudt64l/region/es_DO.res" 1464
"../../../Engine/Content/Internationalization/icudt64l/lang/es_EC.res" 1465
"../../../Engine/Content/Internationalization/icudt64l/region/es_EC.res" 1466
"../../../Engine/Content/Internationalization/icudt64l/lang/es_GT.res" 1467
"../../../Engine/Content/Internationalization/icudt64l/region/es_GT.res" 1468
"../../../Engine/Content/Internationalization/icudt64l/lang/es_HN.res" 1469
"../../../Engine/Content/Internationalization/icudt64l/region/es_HN.res" 1470
"../../../Engine/Content/Internationalization/icudt64l/lang/es_MX.res" 1471
"../../../Engine/Content/Internationalization/icudt64l/region/es_MX.res" 1472
"../../../Engine/Content/Internationalization/icudt64l/lang/es_NI.res" 1473
"../../../Engine/Content/Internationalization/icudt64l/region/es_NI.res" 1474
"../../../Engine/Content/Internationalization/icudt64l/lang/es_PA.res" 1475
"../../../Engine/Content/Internationalization/icudt64l/region/es_PA.res" 1476
"../../../Engine/Content/Internationalization/icudt64l/lang/es_PE.res" 1477
"../../../Engine/Content/Internationalization/icudt64l/region/es_PE.res" 1478
"../../../Engine/Content/Internationalization/icudt64l/lang/es_PR.res" 1479
"../../../Engine/Content/Internationalization/icudt64l/region/es_PR.res" 1480
"../../../Engine/Content/Internationalization/icudt64l/lang/es_PY.res" 1481
"../../../Engine/Content/Internationalization/icudt64l/region/es_PY.res" 1482
"../../../Engine/Content/Internationalization/icudt64l/lang/es_SV.res" 1483
"../../../Engine/Content/Internationalization/icudt64l/region/es_SV.res" 1484
"../../../Engine/Content/Internationalization/icudt64l/lang/es_US.res" 1485
"../../../Engine/Content/Internationalization/icudt64l/region/es_US.res" 1486
"../../../Engine/Content/Internationalization/icudt64l/lang/es_UY.res" 1487
"../../../Engine/Content/Internationalization/icudt64l/region/es_UY.res" 1488
"../../../Engine/Content/Internationalization/icudt64l/lang/es_VE.res" 1489
"../../../Engine/Content/Internationalization/icudt64l/region/es_VE.res" 1490
"../../../Engine/Content/Internationalization/icudt64l/lang/et.res" 1491
"../../../Engine/Content/Internationalization/icudt64l/region/et.res" 1492
"../../../Engine/Content/Internationalization/icudt64l/lang/eu.res" 1493
"../../../Engine/Content/Internationalization/icudt64l/region/eu.res" 1494
"../../../Engine/Content/Internationalization/icudt64l/lang/ewo.res" 1495
"../../../Engine/Content/Internationalization/icudt64l/region/ewo.res" 1496
"../../../Engine/Content/Internationalization/icudt64l/lang/fa.res" 1497
"../../../Engine/Content/Internationalization/icudt64l/lang/fa_AF.res" 1498
"../../../Engine/Content/Internationalization/icudt64l/region/fa_AF.res" 1499
"../../../Engine/Content/Internationalization/icudt64l/region/fa.res" 1500
"../../../Engine/Content/Internationalization/icudt64l/lang/ff.res" 1501
"../../../Engine/Content/Internationalization/icudt64l/lang/ff_Latn.res" 1502
"../../../Engine/Content/Internationalization/icudt64l/region/ff.res" 1503
"../../../Engine/Content/Internationalization/icudt64l/region/ff_Latn.res" 1504
"../../../Engine/Content/Internationalization/icudt64l/lang/ff_CM.res" 1505
"../../../Engine/Content/Internationalization/icudt64l/lang/ff_Latn_CM.res" 1506
"../../../Engine/Content/Internationalization/icudt64l/region/ff_CM.res" 1507
"../../../Engine/Content/Internationalization/icudt64l/region/ff_Latn_CM.res" 1508
"../../../Engine/Content/Internationalization/icudt64l/lang/ff_GN.res" 1509
"../../../Engine/Content/Internationalization/icudt64l/lang/ff_Latn_GN.res" 1510
"../../../Engine/Content/Internationalization/icudt64l/region/ff_GN.res" 1511
"../../../Engine/Content/Internationalization/icudt64l/region/ff_Latn_GN.res" 1512
"../../../Engine/Content/Internationalization/icudt64l/lang/ff_MR.res" 1513
"../../../Engine/Content/Internationalization/icudt64l/lang/ff_Latn_MR.res" 1514
"../../../Engine/Content/Internationalization/icudt64l/region/ff_MR.res" 1515
"../../../Engine/Content/Internationalization/icudt64l/region/ff_Latn_MR.res" 1516
"../../../Engine/Content/Internationalization/icudt64l/lang/ff_SN.res" 1517
"../../../Engine/Content/Internationalization/icudt64l/lang/ff_Latn_SN.res" 1518
"../../../Engine/Content/Internationalization/icudt64l/region/ff_SN.res" 1519
"../../../Engine/Content/Internationalization/icudt64l/region/ff_Latn_SN.res" 1520
"../../../Engine/Content/Internationalization/icudt64l/lang/fi.res" 1521
"../../../Engine/Content/Internationalization/icudt64l/region/fi.res" 1522
"../../../Engine/Content/Internationalization/icudt64l/lang/fil.res" 1523
"../../../Engine/Content/Internationalization/icudt64l/lang/fil_PH.res" 1524
"../../../Engine/Content/Internationalization/icudt64l/region/fil_PH.res" 1525
"../../../Engine/Content/Internationalization/icudt64l/region/fil.res" 1526
"../../../Engine/Content/Internationalization/icudt64l/lang/fo.res" 1527
"../../../Engine/Content/Internationalization/icudt64l/region/fo.res" 1528
"../../../Engine/Content/Internationalization/icudt64l/lang/fr.res" 1529
"../../../Engine/Content/Internationalization/icudt64l/lang/fr_BE.res" 1530
"../../../Engine/Content/Internationalization/icudt64l/region/fr_BE.res" 1531
"../../../Engine/Content/Internationalization/icudt64l/region/fr.res" 1532
"../../../Engine/Content/Internationalization/icudt64l/lang/fr_CA.res" 1533
"../../../Engine/Content/Internationalization/icudt64l/region/fr_CA.res" 1534
"../../../Engine/Content/Internationalization/icudt64l/lang/fr_CH.res" 1535
"../../../Engine/Content/Internationalization/icudt64l/lang/fur.res" 1536
"../../../Engine/Content/Internationalization/icudt64l/region/fur.res" 1537
"../../../Engine/Content/Internationalization/icudt64l/lang/fy.res" 1538
"../../../Engine/Content/Internationalization/icudt64l/region/fy.res" 1539
"../../../Engine/Content/Internationalization/icudt64l/lang/ga.res" 1540
"../../../Engine/Content/Internationalization/icudt64l/region/ga.res" 1541
"../../../Engine/Content/Internationalization/icudt64l/lang/gd.res" 1542
"../../../Engine/Content/Internationalization/icudt64l/region/gd.res" 1543
"../../../Engine/Content/Internationalization/icudt64l/lang/gl.res" 1544
"../../../Engine/Content/Internationalization/icudt64l/region/gl.res" 1545
"../../../Engine/Content/Internationalization/icudt64l/lang/gsw.res" 1546
"../../../Engine/Content/Internationalization/icudt64l/region/gsw.res" 1547
"../../../Engine/Content/Internationalization/icudt64l/lang/gu.res" 1548
"../../../Engine/Content/Internationalization/icudt64l/region/gu.res" 1549
"../../../Engine/Content/Internationalization/icudt64l/lang/guz.res" 1550
"../../../Engine/Content/Internationalization/icudt64l/region/guz.res" 1551
"../../../Engine/Content/Internationalization/icudt64l/lang/gv.res" 1552
"../../../Engine/Content/Internationalization/icudt64l/region/gv.res" 1553
"../../../Engine/Content/Internationalization/icudt64l/lang/ha.res" 1554
"../../../Engine/Content/Internationalization/icudt64l/region/ha.res" 1555
"../../../Engine/Content/Internationalization/icudt64l/lang/ha_NE.res" 1556
"../../../Engine/Content/Internationalization/icudt64l/region/ha_NE.res" 1557
"../../../Engine/Content/Internationalization/icudt64l/lang/haw.res" 1558
"../../../Engine/Content/Internationalization/icudt64l/region/haw.res" 1559
"../../../Engine/Content/Internationalization/icudt64l/lang/he.res" 1560
"../../../Engine/Content/Internationalization/icudt64l/lang/he_IL.res" 1561
"../../../Engine/Content/Internationalization/icudt64l/region/he_IL.res" 1562
"../../../Engine/Content/Internationalization/icudt64l/region/he.res" 1563
"../../../Engine/Content/Internationalization/icudt64l/lang/hi.res" 1564
"../../../Engine/Content/Internationalization/icudt64l/region/hi.res" 1565
"../../../Engine/Content/Internationalization/icudt64l/lang/hr.res" 1566
"../../../Engine/Content/Internationalization/icudt64l/region/hr.res" 1567
"../../../Engine/Content/Internationalization/icudt64l/lang/hsb.res" 1568
"../../../Engine/Content/Internationalization/icudt64l/region/hsb.res" 1569
"../../../Engine/Content/Internationalization/icudt64l/lang/hu.res" 1570
"../../../Engine/Content/Internationalization/icudt64l/region/hu.res" 1571
"../../../Engine/Content/Internationalization/icudt64l/lang/hy.res" 1572
"../../../Engine/Content/Internationalization/icudt64l/region/hy.res" 1573
"../../../Engine/Content/Internationalization/icudt64l/lang/ia.res" 1574
"../../../Engine/Content/Internationalization/icudt64l/region/ia.res" 1575
"../../../Engine/Content/Internationalization/icudt64l/lang/id.res" 1576
"../../../Engine/Content/Internationalization/icudt64l/lang/id_ID.res" 1577
"../../../Engine/Content/Internationalization/icudt64l/region/id_ID.res" 1578
"../../../Engine/Content/Internationalization/icudt64l/region/id.res" 1579
"../../../Engine/Content/Internationalization/icudt64l/lang/ig.res" 1580
"../../../Engine/Content/Internationalization/icudt64l/region/ig.res" 1581
"../../../Engine/Content/Internationalization/icudt64l/lang/ii.res" 1582
"../../../Engine/Content/Internationalization/icudt64l/region/ii.res" 1583
"../../../Engine/Content/Internationalization/icudt64l/lang/is.res" 1584
"../../../Engine/Content/Internationalization/icudt64l/region/is.res" 1585
"../../../Engine/Content/Internationalization/icudt64l/lang/it.res" 1586
"../../../Engine/Content/Internationalization/icudt64l/region/it.res" 1587
"../../../Engine/Content/Internationalization/icudt64l/lang/ja.res" 1588
"../../../Engine/Content/Internationalization/icudt64l/lang/ja_JP.res" 1589
"../../../Engine/Content/Internationalization/icudt64l/region/ja_JP.res" 1590
"../../../Engine/Content/Internationalization/icudt64l/region/ja.res" 1591
"../../../Engine/Content/Internationalization/icudt64l/lang/jgo.res" 1592
"../../../Engine/Content/Internationalization/icudt64l/region/jgo.res" 1593
"../../../Engine/Content/Internationalization/icudt64l/lang/jmc.res" 1594
"../../../Engine/Content/Internationalization/icudt64l/region/jmc.res" 1595
"../../../Engine/Content/Internationalization/icudt64l/lang/jv.res" 1596
"../../../Engine/Content/Internationalization/icudt64l/region/jv.res" 1597
"../../../Engine/Content/Internationalization/icudt64l/lang/ka.res" 1598
"../../../Engine/Content/Internationalization/icudt64l/region/ka.res" 1599
"../../../Engine/Content/Internationalization/icudt64l/lang/kab.res" 1600
"../../../Engine/Content/Internationalization/icudt64l/region/kab.res" 1601
"../../../Engine/Content/Internationalization/icudt64l/lang/kam.res" 1602
"../../../Engine/Content/Internationalization/icudt64l/region/kam.res" 1603
"../../../Engine/Content/Internationalization/icudt64l/lang/kde.res" 1604
"../../../Engine/Content/Internationalization/icudt64l/region/kde.res" 1605
"../../../Engine/Content/Internationalization/icudt64l/lang/kea.res" 1606
"../../../Engine/Content/Internationalization/icudt64l/region/kea.res" 1607
"../../../Engine/Content/Internationalization/icudt64l/lang/khq.res" 1608
"../../../Engine/Content/Internationalization/icudt64l/region/khq.res" 1609
"../../../Engine/Content/Internationalization/icudt64l/lang/ki.res" 1610
"../../../Engine/Content/Internationalization/icudt64l/region/ki.res" 1611
"../../../Engine/Content/Internationalization/icudt64l/lang/kk.res" 1612
"../../../Engine/Content/Internationalization/icudt64l/region/kk.res" 1613
"../../../Engine/Content/Internationalization/icudt64l/lang/kkj.res" 1614
"../../../Engine/Content/Internationalization/icudt64l/region/kkj.res" 1615
"../../../Engine/Content/Internationalization/icudt64l/lang/kl.res" 1616
"../../../Engine/Content/Internationalization/icudt64l/region/kl.res" 1617
"../../../Engine/Content/Internationalization/icudt64l/lang/kln.res" 1618
"../../../Engine/Content/Internationalization/icudt64l/region/kln.res" 1619
"../../../Engine/Content/Internationalization/icudt64l/lang/km.res" 1620
"../../../Engine/Content/Internationalization/icudt64l/region/km.res" 1621
"../../../Engine/Content/Internationalization/icudt64l/lang/kn.res" 1622
"../../../Engine/Content/Internationalization/icudt64l/region/kn.res" 1623
"../../../Engine/Content/Internationalization/icudt64l/lang/ko.res" 1624
"../../../Engine/Content/Internationalization/icudt64l/region/ko_KP.res" 1625
"../../../Engine/Content/Internationalization/icudt64l/region/ko.res" 1626
"../../../Engine/Content/Internationalization/icudt64l/lang/kok.res" 1627
"../../../Engine/Content/Internationalization/icudt64l/region/kok.res" 1628
"../../../Engine/Content/Internationalization/icudt64l/lang/ks.res" 1629
"../../../Engine/Content/Internationalization/icudt64l/region/ks.res" 1630
"../../../Engine/Content/Internationalization/icudt64l/lang/ksb.res" 1631
"../../../Engine/Content/Internationalization/icudt64l/region/ksb.res" 1632
"../../../Engine/Content/Internationalization/icudt64l/lang/ksf.res" 1633
"../../../Engine/Content/Internationalization/icudt64l/region/ksf.res" 1634
"../../../Engine/Content/Internationalization/icudt64l/lang/ksh.res" 1635
"../../../Engine/Content/Internationalization/icudt64l/region/ksh.res" 1636
"../../../Engine/Content/Internationalization/icudt64l/lang/ku.res" 1637
"../../../Engine/Content/Internationalization/icudt64l/region/ku.res" 1638
"../../../Engine/Content/Internationalization/icudt64l/lang/kw.res" 1639
"../../../Engine/Content/Internationalization/icudt64l/region/kw.res" 1640
"../../../Engine/Content/Internationalization/icudt64l/lang/ky.res" 1641
"../../../Engine/Content/Internationalization/icudt64l/region/ky.res" 1642
"../../../Engine/Content/Internationalization/icudt64l/lang/lag.res" 1643
"../../../Engine/Content/Internationalization/icudt64l/region/lag.res" 1644
"../../../Engine/Content/Internationalization/icudt64l/lang/lb.res" 1645
"../../../Engine/Content/Internationalization/icudt64l/region/lb.res" 1646
"../../../Engine/Content/Internationalization/icudt64l/lang/lg.res" 1647
"../../../Engine/Content/Internationalization/icudt64l/region/lg.res" 1648
"../../../Engine/Content/Internationalization/icudt64l/lang/lkt.res" 1649
"../../../Engine/Content/Internationalization/icudt64l/region/lkt.res" 1650
"../../../Engine/Content/Internationalization/icudt64l/lang/ln.res" 1651
"../../../Engine/Content/Internationalization/icudt64l/region/ln.res" 1652
"../../../Engine/Content/Internationalization/icudt64l/lang/lo.res" 1653
"../../../Engine/Content/Internationalization/icudt64l/region/lo.res" 1654
"../../../Engine/Content/Internationalization/icudt64l/lang/lrc.res" 1655
"../../../Engine/Content/Internationalization/icudt64l/region/lrc.res" 1656
"../../../Engine/Content/Internationalization/icudt64l/lang/lt.res" 1657
"../../../Engine/Content/Internationalization/icudt64l/region/lt.res" 1658
"../../../Engine/Content/Internationalization/icudt64l/lang/lu.res" 1659
"../../../Engine/Content/Internationalization/icudt64l/region/lu.res" 1660
"../../../Engine/Content/Internationalization/icudt64l/lang/luo.res" 1661
"../../../Engine/Content/Internationalization/icudt64l/region/luo.res" 1662
"../../../Engine/Content/Internationalization/icudt64l/lang/luy.res" 1663
"../../../Engine/Content/Internationalization/icudt64l/region/luy.res" 1664
"../../../Engine/Content/Internationalization/icudt64l/lang/lv.res" 1665
"../../../Engine/Content/Internationalization/icudt64l/region/lv.res" 1666
"../../../Engine/Content/Internationalization/icudt64l/lang/mas.res" 1667
"../../../Engine/Content/Internationalization/icudt64l/region/mas.res" 1668
"../../../Engine/Content/Internationalization/icudt64l/lang/mer.res" 1669
"../../../Engine/Content/Internationalization/icudt64l/region/mer.res" 1670
"../../../Engine/Content/Internationalization/icudt64l/lang/mfe.res" 1671
"../../../Engine/Content/Internationalization/icudt64l/region/mfe.res" 1672
"../../../Engine/Content/Internationalization/icudt64l/lang/mg.res" 1673
"../../../Engine/Content/Internationalization/icudt64l/region/mg.res" 1674
"../../../Engine/Content/Internationalization/icudt64l/lang/mgh.res" 1675
"../../../Engine/Content/Internationalization/icudt64l/region/mgh.res" 1676
"../../../Engine/Content/Internationalization/icudt64l/lang/mgo.res" 1677
"../../../Engine/Content/Internationalization/icudt64l/region/mgo.res" 1678
"../../../Engine/Content/Internationalization/icudt64l/lang/mi.res" 1679
"../../../Engine/Content/Internationalization/icudt64l/region/mi.res" 1680
"../../../Engine/Content/Internationalization/icudt64l/lang/mk.res" 1681
"../../../Engine/Content/Internationalization/icudt64l/region/mk.res" 1682
"../../../Engine/Content/Internationalization/icudt64l/lang/ml.res" 1683
"../../../Engine/Content/Internationalization/icudt64l/region/ml.res" 1684
"../../../Engine/Content/Internationalization/icudt64l/lang/mn.res" 1685
"../../../Engine/Content/Internationalization/icudt64l/region/mn.res" 1686
"../../../Engine/Content/Internationalization/icudt64l/lang/mr.res" 1687
"../../../Engine/Content/Internationalization/icudt64l/region/mr.res" 1688
"../../../Engine/Content/Internationalization/icudt64l/lang/ms.res" 1689
"../../../Engine/Content/Internationalization/icudt64l/region/ms.res" 1690
"../../../Engine/Content/Internationalization/icudt64l/lang/mt.res" 1691
"../../../Engine/Content/Internationalization/icudt64l/region/mt.res" 1692
"../../../Engine/Content/Internationalization/icudt64l/lang/mua.res" 1693
"../../../Engine/Content/Internationalization/icudt64l/region/mua.res" 1694
"../../../Engine/Content/Internationalization/icudt64l/lang/my.res" 1695
"../../../Engine/Content/Internationalization/icudt64l/region/my.res" 1696
"../../../Engine/Content/Internationalization/icudt64l/lang/mzn.res" 1697
"../../../Engine/Content/Internationalization/icudt64l/region/mzn.res" 1698
"../../../Engine/Content/Internationalization/icudt64l/lang/naq.res" 1699
"../../../Engine/Content/Internationalization/icudt64l/region/naq.res" 1700
"../../../Engine/Content/Internationalization/icudt64l/lang/nb.res" 1701
"../../../Engine/Content/Internationalization/icudt64l/lang/nb_NO.res" 1702
"../../../Engine/Content/Internationalization/icudt64l/region/nb_NO.res" 1703
"../../../Engine/Content/Internationalization/icudt64l/region/nb.res" 1704
"../../../Engine/Content/Internationalization/icudt64l/lang/nd.res" 1705
"../../../Engine/Content/Internationalization/icudt64l/region/nd.res" 1706
"../../../Engine/Content/Internationalization/icudt64l/lang/nds.res" 1707
"../../../Engine/Content/Internationalization/icudt64l/region/nds.res" 1708
"../../../Engine/Content/Internationalization/icudt64l/lang/ne.res" 1709
"../../../Engine/Content/Internationalization/icudt64l/region/ne.res" 1710
"../../../Engine/Content/Internationalization/icudt64l/lang/nl.res" 1711
"../../../Engine/Content/Internationalization/icudt64l/region/nl.res" 1712
"../../../Engine/Content/Internationalization/icudt64l/lang/nmg.res" 1713
"../../../Engine/Content/Internationalization/icudt64l/region/nmg.res" 1714
"../../../Engine/Content/Internationalization/icudt64l/lang/nn.res" 1715
"../../../Engine/Content/Internationalization/icudt64l/lang/nn_NO.res" 1716
"../../../Engine/Content/Internationalization/icudt64l/region/nn_NO.res" 1717
"../../../Engine/Content/Internationalization/icudt64l/region/nn.res" 1718
"../../../Engine/Content/Internationalization/icudt64l/lang/nnh.res" 1719
"../../../Engine/Content/Internationalization/icudt64l/region/nnh.res" 1720
"../../../Engine/Content/Internationalization/icudt64l/lang/nus.res" 1721
"../../../Engine/Content/Internationalization/icudt64l/region/nus.res" 1722
"../../../Engine/Content/Internationalization/icudt64l/lang/nyn.res" 1723
"../../../Engine/Content/Internationalization/icudt64l/region/nyn.res" 1724
"../../../Engine/Content/Internationalization/icudt64l/lang/om.res" 1725
"../../../Engine/Content/Internationalization/icudt64l/region/om.res" 1726
"../../../Engine/Content/Internationalization/icudt64l/lang/or.res" 1727
"../../../Engine/Content/Internationalization/icudt64l/region/or.res" 1728
"../../../Engine/Content/Internationalization/icudt64l/lang/os.res" 1729
"../../../Engine/Content/Internationalization/icudt64l/region/os.res" 1730
"../../../Engine/Content/Internationalization/icudt64l/lang/pa.res" 1731
"../../../Engine/Content/Internationalization/icudt64l/lang/pa_Arab.res" 1732
"../../../Engine/Content/Internationalization/icudt64l/lang/pa_PK.res" 1733
"../../../Engine/Content/Internationalization/icudt64l/lang/pa_Arab_PK.res" 1734
"../../../Engine/Content/Internationalization/icudt64l/region/pa_PK.res" 1735
"../../../Engine/Content/Internationalization/icudt64l/region/pa_Arab_PK.res" 1736
"../../../Engine/Content/Internationalization/icudt64l/region/pa_Arab.res" 1737
"../../../Engine/Content/Internationalization/icudt64l/lang/pa_Guru.res" 1738
"../../../Engine/Content/Internationalization/icudt64l/lang/pa_IN.res" 1739
"../../../Engine/Content/Internationalization/icudt64l/lang/pa_Guru_IN.res" 1740
"../../../Engine/Content/Internationalization/icudt64l/region/pa_IN.res" 1741
"../../../Engine/Content/Internationalization/icudt64l/region/pa_Guru_IN.res" 1742
"../../../Engine/Content/Internationalization/icudt64l/region/pa_Guru.res" 1743
"../../../Engine/Content/Internationalization/icudt64l/region/pa.res" 1744
"../../../Engine/Content/Internationalization/icudt64l/lang/pl.res" 1745
"../../../Engine/Content/Internationalization/icudt64l/region/pl.res" 1746
"../../../Engine/Content/Internationalization/icudt64l/lang/ps.res" 1747
"../../../Engine/Content/Internationalization/icudt64l/region/ps.res" 1748
"../../../Engine/Content/Internationalization/icudt64l/lang/ps_PK.res" 1749
"../../../Engine/Content/Internationalization/icudt64l/region/ps_PK.res" 1750
"../../../Engine/Content/Internationalization/icudt64l/lang/pt.res" 1751
"../../../Engine/Content/Internationalization/icudt64l/lang/pt_AO.res" 1752
"../../../Engine/Content/Internationalization/icudt64l/lang/pt_PT.res" 1753
"../../../Engine/Content/Internationalization/icudt64l/region/pt_AO.res" 1754
"../../../Engine/Content/Internationalization/icudt64l/region/pt_PT.res" 1755
"../../../Engine/Content/Internationalization/icudt64l/region/pt.res" 1756
"../../../Engine/Content/Internationalization/icudt64l/lang/pt_CH.res" 1757
"../../../Engine/Content/Internationalization/icudt64l/region/pt_CH.res" 1758
"../../../Engine/Content/Internationalization/icudt64l/lang/pt_CV.res" 1759
"../../../Engine/Content/Internationalization/icudt64l/region/pt_CV.res" 1760
"../../../Engine/Content/Internationalization/icudt64l/lang/pt_GQ.res" 1761
"../../../Engine/Content/Internationalization/icudt64l/region/pt_GQ.res" 1762
"../../../Engine/Content/Internationalization/icudt64l/lang/pt_GW.res" 1763
"../../../Engine/Content/Internationalization/icudt64l/region/pt_GW.res" 1764
"../../../Engine/Content/Internationalization/icudt64l/lang/pt_LU.res" 1765
"../../../Engine/Content/Internationalization/icudt64l/region/pt_LU.res" 1766
"../../../Engine/Content/Internationalization/icudt64l/lang/pt_MO.res" 1767
"../../../Engine/Content/Internationalization/icudt64l/region/pt_MO.res" 1768
"../../../Engine/Content/Internationalization/icudt64l/lang/pt_MZ.res" 1769
"../../../Engine/Content/Internationalization/icudt64l/region/pt_MZ.res" 1770
"../../../Engine/Content/Internationalization/icudt64l/lang/pt_ST.res" 1771
"../../../Engine/Content/Internationalization/icudt64l/region/pt_ST.res" 1772
"../../../Engine/Content/Internationalization/icudt64l/lang/pt_TL.res" 1773
"../../../Engine/Content/Internationalization/icudt64l/region/pt_TL.res" 1774
"../../../Engine/Content/Internationalization/icudt64l/lang/qu.res" 1775
"../../../Engine/Content/Internationalization/icudt64l/region/qu.res" 1776
"../../../Engine/Content/Internationalization/icudt64l/lang/rm.res" 1777
"../../../Engine/Content/Internationalization/icudt64l/region/rm.res" 1778
"../../../Engine/Content/Internationalization/icudt64l/lang/rn.res" 1779
"../../../Engine/Content/Internationalization/icudt64l/region/rn.res" 1780
"../../../Engine/Content/Internationalization/icudt64l/lang/ro.res" 1781
"../../../Engine/Content/Internationalization/icudt64l/lang/ro_MD.res" 1782
"../../../Engine/Content/Internationalization/icudt64l/region/ro_MD.res" 1783
"../../../Engine/Content/Internationalization/icudt64l/region/ro.res" 1784
"../../../Engine/Content/Internationalization/icudt64l/lang/rof.res" 1785
"../../../Engine/Content/Internationalization/icudt64l/region/rof.res" 1786
"../../../Engine/Content/Internationalization/icudt64l/lang/ru.res" 1787
"../../../Engine/Content/Internationalization/icudt64l/region/ru.res" 1788
"../../../Engine/Content/Internationalization/icudt64l/region/ru_UA.res" 1789
"../../../Engine/Content/Internationalization/icudt64l/lang/rw.res" 1790
"../../../Engine/Content/Internationalization/icudt64l/region/rw.res" 1791
"../../../Engine/Content/Internationalization/icudt64l/lang/rwk.res" 1792
"../../../Engine/Content/Internationalization/icudt64l/region/rwk.res" 1793
"../../../Engine/Content/Internationalization/icudt64l/lang/sah.res" 1794
"../../../Engine/Content/Internationalization/icudt64l/region/sah.res" 1795
"../../../Engine/Content/Internationalization/icudt64l/lang/saq.res" 1796
"../../../Engine/Content/Internationalization/icudt64l/region/saq.res" 1797
"../../../Engine/Content/Internationalization/icudt64l/lang/sbp.res" 1798
"../../../Engine/Content/Internationalization/icudt64l/region/sbp.res" 1799
"../../../Engine/Content/Internationalization/icudt64l/lang/sd.res" 1800
"../../../Engine/Content/Internationalization/icudt64l/region/sd.res" 1801
"../../../Engine/Content/Internationalization/icudt64l/lang/se.res" 1802
"../../../Engine/Content/Internationalization/icudt64l/lang/se_FI.res" 1803
"../../../Engine/Content/Internationalization/icudt64l/region/se_FI.res" 1804
"../../../Engine/Content/Internationalization/icudt64l/region/se.res" 1805
"../../../Engine/Content/Internationalization/icudt64l/lang/seh.res" 1806
"../../../Engine/Content/Internationalization/icudt64l/region/seh.res" 1807
"../../../Engine/Content/Internationalization/icudt64l/lang/ses.res" 1808
"../../../Engine/Content/Internationalization/icudt64l/region/ses.res" 1809
"../../../Engine/Content/Internationalization/icudt64l/lang/sg.res" 1810
"../../../Engine/Content/Internationalization/icudt64l/region/sg.res" 1811
"../../../Engine/Content/Internationalization/icudt64l/lang/shi.res" 1812
"../../../Engine/Content/Internationalization/icudt64l/lang/shi_Latn.res" 1813
"../../../Engine/Content/Internationalization/icudt64l/lang/shi_MA.res" 1814
"../../../Engine/Content/Internationalization/icudt64l/lang/shi_Tfng_MA.res" 1815
"../../../Engine/Content/Internationalization/icudt64l/lang/shi_Tfng.res" 1816
"../../../Engine/Content/Internationalization/icudt64l/region/shi_MA.res" 1817
"../../../Engine/Content/Internationalization/icudt64l/region/shi_Tfng_MA.res" 1818
"../../../Engine/Content/Internationalization/icudt64l/region/shi_Tfng.res" 1819
"../../../Engine/Content/Internationalization/icudt64l/region/shi.res" 1820
"../../../Engine/Content/Internationalization/icudt64l/region/shi_Latn.res" 1821
"../../../Engine/Content/Internationalization/icudt64l/lang/si.res" 1822
"../../../Engine/Content/Internationalization/icudt64l/region/si.res" 1823
"../../../Engine/Content/Internationalization/icudt64l/lang/sk.res" 1824
"../../../Engine/Content/Internationalization/icudt64l/region/sk.res" 1825
"../../../Engine/Content/Internationalization/icudt64l/lang/sl.res" 1826
"../../../Engine/Content/Internationalization/icudt64l/region/sl.res" 1827
"../../../Engine/Content/Internationalization/icudt64l/lang/smn.res" 1828
"../../../Engine/Content/Internationalization/icudt64l/region/smn.res" 1829
"../../../Engine/Content/Internationalization/icudt64l/lang/sn.res" 1830
"../../../Engine/Content/Internationalization/icudt64l/region/sn.res" 1831
"../../../Engine/Content/Internationalization/icudt64l/lang/so.res" 1832
"../../../Engine/Content/Internationalization/icudt64l/region/so.res" 1833
"../../../Engine/Content/Internationalization/icudt64l/lang/sq.res" 1834
"../../../Engine/Content/Internationalization/icudt64l/region/sq.res" 1835
"../../../Engine/Content/Internationalization/icudt64l/lang/sr.res" 1836
"../../../Engine/Content/Internationalization/icudt64l/lang/sr_Cyrl.res" 1837
"../../../Engine/Content/Internationalization/icudt64l/lang/sr_BA.res" 1838
"../../../Engine/Content/Internationalization/icudt64l/lang/sr_Cyrl_BA.res" 1839
"../../../Engine/Content/Internationalization/icudt64l/region/sr_BA.res" 1840
"../../../Engine/Content/Internationalization/icudt64l/region/sr_Cyrl_BA.res" 1841
"../../../Engine/Content/Internationalization/icudt64l/region/sr_Cyrl.res" 1842
"../../../Engine/Content/Internationalization/icudt64l/region/sr.res" 1843
"../../../Engine/Content/Internationalization/icudt64l/lang/sr_ME.res" 1844
"../../../Engine/Content/Internationalization/icudt64l/lang/sr_Latn_ME.res" 1845
"../../../Engine/Content/Internationalization/icudt64l/lang/sr_Latn.res" 1846
"../../../Engine/Content/Internationalization/icudt64l/region/sr_ME.res" 1847
"../../../Engine/Content/Internationalization/icudt64l/region/sr_Latn_ME.res" 1848
"../../../Engine/Content/Internationalization/icudt64l/region/sr_Latn.res" 1849
"../../../Engine/Content/Internationalization/icudt64l/lang/sr_Cyrl_ME.res" 1850
"../../../Engine/Content/Internationalization/icudt64l/region/sr_Cyrl_ME.res" 1851
"../../../Engine/Content/Internationalization/icudt64l/lang/sr_RS.res" 1852
"../../../Engine/Content/Internationalization/icudt64l/lang/sr_Cyrl_RS.res" 1853
"../../../Engine/Content/Internationalization/icudt64l/region/sr_RS.res" 1854
"../../../Engine/Content/Internationalization/icudt64l/region/sr_Cyrl_RS.res" 1855
"../../../Engine/Content/Internationalization/icudt64l/lang/sr_XK.res" 1856
"../../../Engine/Content/Internationalization/icudt64l/lang/sr_Cyrl_XK.res" 1857
"../../../Engine/Content/Internationalization/icudt64l/region/sr_XK.res" 1858
"../../../Engine/Content/Internationalization/icudt64l/region/sr_Cyrl_XK.res" 1859
"../../../Engine/Content/Internationalization/icudt64l/lang/sr_Latn_BA.res" 1860
"../../../Engine/Content/Internationalization/icudt64l/region/sr_Latn_BA.res" 1861
"../../../Engine/Content/Internationalization/icudt64l/lang/sr_Latn_RS.res" 1862
"../../../Engine/Content/Internationalization/icudt64l/region/sr_Latn_RS.res" 1863
"../../../Engine/Content/Internationalization/icudt64l/lang/sr_Latn_XK.res" 1864
"../../../Engine/Content/Internationalization/icudt64l/region/sr_Latn_XK.res" 1865
"../../../Engine/Content/Internationalization/icudt64l/lang/sv.res" 1866
"../../../Engine/Content/Internationalization/icudt64l/region/sv.res" 1867
"../../../Engine/Content/Internationalization/icudt64l/lang/sv_FI.res" 1868
"../../../Engine/Content/Internationalization/icudt64l/lang/sw.res" 1869
"../../../Engine/Content/Internationalization/icudt64l/lang/sw_CD.res" 1870
"../../../Engine/Content/Internationalization/icudt64l/region/sw_CD.res" 1871
"../../../Engine/Content/Internationalization/icudt64l/region/sw.res" 1872
"../../../Engine/Content/Internationalization/icudt64l/lang/sw_KE.res" 1873
"../../../Engine/Content/Internationalization/icudt64l/region/sw_KE.res" 1874
"../../../Engine/Content/Internationalization/icudt64l/lang/ta.res" 1875
"../../../Engine/Content/Internationalization/icudt64l/region/ta.res" 1876
"../../../Engine/Content/Internationalization/icudt64l/lang/te.res" 1877
"../../../Engine/Content/Internationalization/icudt64l/region/te.res" 1878
"../../../Engine/Content/Internationalization/icudt64l/lang/teo.res" 1879
"../../../Engine/Content/Internationalization/icudt64l/region/teo.res" 1880
"../../../Engine/Content/Internationalization/icudt64l/lang/tg.res" 1881
"../../../Engine/Content/Internationalization/icudt64l/region/tg.res" 1882
"../../../Engine/Content/Internationalization/icudt64l/lang/th.res" 1883
"../../../Engine/Content/Internationalization/icudt64l/lang/th_TH.res" 1884
"../../../Engine/Content/Internationalization/icudt64l/region/th_TH.res" 1885
"../../../Engine/Content/Internationalization/icudt64l/region/th.res" 1886
"../../../Engine/Content/Internationalization/icudt64l/lang/ti.res" 1887
"../../../Engine/Content/Internationalization/icudt64l/region/ti.res" 1888
"../../../Engine/Content/Internationalization/icudt64l/lang/tk.res" 1889
"../../../Engine/Content/Internationalization/icudt64l/region/tk.res" 1890
"../../../Engine/Content/Internationalization/icudt64l/lang/to.res" 1891
"../../../Engine/Content/Internationalization/icudt64l/region/to.res" 1892
"../../../Engine/Content/Internationalization/icudt64l/lang/tr.res" 1893
"../../../Engine/Content/Internationalization/icudt64l/region/tr.res" 1894
"../../../Engine/Content/Internationalization/icudt64l/lang/tt.res" 1895
"../../../Engine/Content/Internationalization/icudt64l/region/tt.res" 1896
"../../../Engine/Content/Internationalization/icudt64l/lang/twq.res" 1897
"../../../Engine/Content/Internationalization/icudt64l/region/twq.res" 1898
"../../../Engine/Content/Internationalization/icudt64l/lang/tzm.res" 1899
"../../../Engine/Content/Internationalization/icudt64l/region/tzm.res" 1900
"../../../Engine/Content/Internationalization/icudt64l/lang/ug.res" 1901
"../../../Engine/Content/Internationalization/icudt64l/region/ug.res" 1902
"../../../Engine/Content/Internationalization/icudt64l/lang/uk.res" 1903
"../../../Engine/Content/Internationalization/icudt64l/region/uk.res" 1904
"../../../Engine/Content/Internationalization/icudt64l/lang/ur.res" 1905
"../../../Engine/Content/Internationalization/icudt64l/lang/ur_IN.res" 1906
"../../../Engine/Content/Internationalization/icudt64l/region/ur_IN.res" 1907
"../../../Engine/Content/Internationalization/icudt64l/region/ur.res" 1908
"../../../Engine/Content/Internationalization/icudt64l/lang/uz.res" 1909
"../../../Engine/Content/Internationalization/icudt64l/lang/uz_Arab.res" 1910
"../../../Engine/Content/Internationalization/icudt64l/lang/uz_AF.res" 1911
"../../../Engine/Content/Internationalization/icudt64l/lang/uz_Arab_AF.res" 1912
"../../../Engine/Content/Internationalization/icudt64l/region/uz_AF.res" 1913
"../../../Engine/Content/Internationalization/icudt64l/region/uz_Arab_AF.res" 1914
"../../../Engine/Content/Internationalization/icudt64l/region/uz_Arab.res" 1915
"../../../Engine/Content/Internationalization/icudt64l/lang/uz_Cyrl.res" 1916
"../../../Engine/Content/Internationalization/icudt64l/lang/uz_UZ.res" 1917
"../../../Engine/Content/Internationalization/icudt64l/lang/uz_Latn_UZ.res" 1918
"../../../Engine/Content/Internationalization/icudt64l/lang/uz_Latn.res" 1919
"../../../Engine/Content/Internationalization/icudt64l/region/uz_UZ.res" 1920
"../../../Engine/Content/Internationalization/icudt64l/region/uz_Latn_UZ.res" 1921
"../../../Engine/Content/Internationalization/icudt64l/region/uz_Latn.res" 1922
"../../../Engine/Content/Internationalization/icudt64l/region/uz.res" 1923
"../../../Engine/Content/Internationalization/icudt64l/region/uz_Cyrl.res" 1924
"../../../Engine/Content/Internationalization/icudt64l/lang/vai.res" 1925
"../../../Engine/Content/Internationalization/icudt64l/lang/vai_Latn.res" 1926
"../../../Engine/Content/Internationalization/icudt64l/lang/vai_LR.res" 1927
"../../../Engine/Content/Internationalization/icudt64l/lang/vai_Vaii_LR.res" 1928
"../../../Engine/Content/Internationalization/icudt64l/lang/vai_Vaii.res" 1929
"../../../Engine/Content/Internationalization/icudt64l/region/vai_LR.res" 1930
"../../../Engine/Content/Internationalization/icudt64l/region/vai_Vaii_LR.res" 1931
"../../../Engine/Content/Internationalization/icudt64l/region/vai_Vaii.res" 1932
"../../../Engine/Content/Internationalization/icudt64l/region/vai.res" 1933
"../../../Engine/Content/Internationalization/icudt64l/region/vai_Latn.res" 1934
"../../../Engine/Content/Internationalization/icudt64l/lang/vi.res" 1935
"../../../Engine/Content/Internationalization/icudt64l/region/vi.res" 1936
"../../../Engine/Content/Internationalization/icudt64l/lang/vun.res" 1937
"../../../Engine/Content/Internationalization/icudt64l/region/vun.res" 1938
"../../../Engine/Content/Internationalization/icudt64l/lang/wae.res" 1939
"../../../Engine/Content/Internationalization/icudt64l/region/wae.res" 1940
"../../../Engine/Content/Internationalization/icudt64l/lang/wo.res" 1941
"../../../Engine/Content/Internationalization/icudt64l/region/wo.res" 1942
"../../../Engine/Content/Internationalization/icudt64l/lang/xh.res" 1943
"../../../Engine/Content/Internationalization/icudt64l/region/xh.res" 1944
"../../../Engine/Content/Internationalization/icudt64l/lang/xog.res" 1945
"../../../Engine/Content/Internationalization/icudt64l/region/xog.res" 1946
"../../../Engine/Content/Internationalization/icudt64l/lang/yav.res" 1947
"../../../Engine/Content/Internationalization/icudt64l/region/yav.res" 1948
"../../../Engine/Content/Internationalization/icudt64l/lang/yi.res" 1949
"../../../Engine/Content/Internationalization/icudt64l/region/yi.res" 1950
"../../../Engine/Content/Internationalization/icudt64l/lang/yo.res" 1951
"../../../Engine/Content/Internationalization/icudt64l/lang/yo_BJ.res" 1952
"../../../Engine/Content/Internationalization/icudt64l/region/yo_BJ.res" 1953
"../../../Engine/Content/Internationalization/icudt64l/region/yo.res" 1954
"../../../Engine/Content/Internationalization/icudt64l/lang/yue.res" 1955
"../../../Engine/Content/Internationalization/icudt64l/lang/yue_Hans.res" 1956
"../../../Engine/Content/Internationalization/icudt64l/lang/yue_CN.res" 1957
"../../../Engine/Content/Internationalization/icudt64l/lang/yue_Hans_CN.res" 1958
"../../../Engine/Content/Internationalization/icudt64l/region/yue_CN.res" 1959
"../../../Engine/Content/Internationalization/icudt64l/region/yue_Hans_CN.res" 1960
"../../../Engine/Content/Internationalization/icudt64l/region/yue_Hans.res" 1961
"../../../Engine/Content/Internationalization/icudt64l/lang/yue_Hant.res" 1962
"../../../Engine/Content/Internationalization/icudt64l/lang/yue_HK.res" 1963
"../../../Engine/Content/Internationalization/icudt64l/lang/yue_Hant_HK.res" 1964
"../../../Engine/Content/Internationalization/icudt64l/region/yue_HK.res" 1965
"../../../Engine/Content/Internationalization/icudt64l/region/yue_Hant_HK.res" 1966
"../../../Engine/Content/Internationalization/icudt64l/region/yue_Hant.res" 1967
"../../../Engine/Content/Internationalization/icudt64l/region/yue.res" 1968
"../../../Engine/Content/Internationalization/icudt64l/lang/zgh.res" 1969
"../../../Engine/Content/Internationalization/icudt64l/region/zgh.res" 1970
"../../../Engine/Content/Internationalization/icudt64l/lang/zh.res" 1971
"../../../Engine/Content/Internationalization/icudt64l/lang/zh_Hans.res" 1972
"../../../Engine/Content/Internationalization/icudt64l/lang/zh_CN.res" 1973
"../../../Engine/Content/Internationalization/icudt64l/lang/zh_Hans_CN.res" 1974
"../../../Engine/Content/Internationalization/icudt64l/region/zh_CN.res" 1975
"../../../Engine/Content/Internationalization/icudt64l/region/zh_Hans_CN.res" 1976
"../../../Engine/Content/Internationalization/icudt64l/region/zh_Hans.res" 1977
"../../../Engine/Content/Internationalization/icudt64l/region/zh.res" 1978
"../../../Engine/Content/Internationalization/icudt64l/lang/zh_HK.res" 1979
"../../../Engine/Content/Internationalization/icudt64l/lang/zh_Hant_HK.res" 1980
"../../../Engine/Content/Internationalization/icudt64l/lang/zh_Hant.res" 1981
"../../../Engine/Content/Internationalization/icudt64l/region/zh_HK.res" 1982
"../../../Engine/Content/Internationalization/icudt64l/region/zh_Hant_HK.res" 1983
"../../../Engine/Content/Internationalization/icudt64l/region/zh_Hant.res" 1984
"../../../Engine/Content/Internationalization/icudt64l/lang/zh_MO.res" 1985
"../../../Engine/Content/Internationalization/icudt64l/lang/zh_Hant_MO.res" 1986
"../../../Engine/Content/Internationalization/icudt64l/region/zh_MO.res" 1987
"../../../Engine/Content/Internationalization/icudt64l/region/zh_Hant_MO.res" 1988
"../../../Engine/Content/Internationalization/icudt64l/lang/zh_SG.res" 1989
"../../../Engine/Content/Internationalization/icudt64l/lang/zh_Hans_SG.res" 1990
"../../../Engine/Content/Internationalization/icudt64l/region/zh_SG.res" 1991
"../../../Engine/Content/Internationalization/icudt64l/region/zh_Hans_SG.res" 1992
"../../../Engine/Content/Internationalization/icudt64l/lang/zh_TW.res" 1993
"../../../Engine/Content/Internationalization/icudt64l/lang/zh_Hant_TW.res" 1994
"../../../Engine/Content/Internationalization/icudt64l/region/zh_TW.res" 1995
"../../../Engine/Content/Internationalization/icudt64l/region/zh_Hant_TW.res" 1996
"../../../Engine/Content/Internationalization/icudt64l/lang/zu.res" 1997
"../../../Engine/Content/Internationalization/icudt64l/region/zu.res" 1998
"../../../Engine/Content/Internationalization/icudt64l/lang/no.res" 1999
"../../../Engine/Content/Internationalization/icudt64l/lang/tl.res" 2000
"../../../Engine/Config/Android/DataDrivenPlatformInfo.ini" 2001
"../../../Engine/Config/IOS/DataDrivenPlatformInfo.ini" 2002
"../../../Engine/Config/Linux/DataDrivenPlatformInfo.ini" 2003
"../../../Engine/Config/Mac/DataDrivenPlatformInfo.ini" 2004
"../../../Engine/Config/TVOS/DataDrivenPlatformInfo.ini" 2005
"../../../Engine/Config/Unix/DataDrivenPlatformInfo.ini" 2006
"../../../Engine/Config/VulkanPC/DataDrivenPlatformInfo.ini" 2007
"../../../Engine/Config/Windows/DataDrivenPlatformInfo.ini" 2008
"../../../Engine/Platforms/VisionOS/Config/DataDrivenPlatformInfo.ini" 2009
"../../../Engine/DerivedDataCache/Compressed.ddp" 2010
"C:/Users/whama/AppData/Local/UnrealEngine/5.7/Saved/Zen/zen.version" 2011
"C:/Users/whama/AppData/Local/UnrealEngine/Common/Zen/Install/zen.version" 2012
"C:/Users/whama/AppData/Local/UnrealEngine/Common/Zen/Install/zenserver.runcontext" 2013
"C:/Users/whama/AppData/Local/UnrealEngine/Common/DerivedDataCache/TestData/0/TestData_4kb.dat" 2014
"C:/Users/whama/AppData/Local/UnrealEngine/Common/DerivedDataCache/TestData/1/TestData_4kb.dat" 2015
"C:/Users/whama/AppData/Local/UnrealEngine/Common/DerivedDataCache/TestData/0/TestData_8kb.dat" 2016
"C:/Users/whama/AppData/Local/UnrealEngine/Common/DerivedDataCache/TestData/1/TestData_8kb.dat" 2017
"C:/Users/whama/AppData/Local/UnrealEngine/Common/DerivedDataCache/TestData/0/TestData_16kb.dat" 2018
"C:/Users/whama/AppData/Local/UnrealEngine/Common/DerivedDataCache/TestData/1/TestData_16kb.dat" 2019
"C:/Users/whama/AppData/Local/UnrealEngine/Common/DerivedDataCache/TestData/0/TestData_64kb.dat" 2020
"C:/Users/whama/AppData/Local/UnrealEngine/Common/DerivedDataCache/TestData/1/TestData_64kb.dat" 2021
"C:/Users/whama/AppData/Local/UnrealEngine/Common/DerivedDataCache/TestData/0/TestData_128kb.dat" 2022
"C:/Users/whama/AppData/Local/UnrealEngine/Common/DerivedDataCache/TestData/1/TestData_128kb.dat" 2023
"C:/Users/whama/AppData/Local/UnrealEngine/Common/DerivedDataCache/TestData/0/TestData_256kb.dat" 2024
"C:/Users/whama/AppData/Local/UnrealEngine/Common/DerivedDataCache/TestData/1/TestData_256kb.dat" 2025
"C:/Users/whama/AppData/Roaming/Unreal Engine/UnrealBuildTool/BuildConfiguration.xml" 2026
"../../../../../../Arcadia/Unreal/Projects/Ricochet2/Intermediate/ShaderAutogen/PCD3D_SM6/AutogenShaderHeaders.ush" 2027
"../../../Engine/Shaders/Private/HairStrands/HairStrandsVertexFactory.ush" 2028
"../../../Engine/Shaders/Private/VertexFactoryCommon.ush" 2029
"../../../Engine/Shaders/Private/Common.ush" 2030
"../../../Engine/Shaders/Public/Platform.ush" 2031
"../../../Engine/Shaders/Public/FP16Math.ush" 2032
"../../../Engine/Shaders/Public/Platform/D3D/D3DCommon.ush" 2033
"../../../Engine/Shaders/Shared/HLSLReservedSpaces.h" 2034
"../../../Engine/Shaders/Public/BindlessResources.ush" 2035
"../../../Engine/Shaders/Public/Platform/D3D/PlatformBindlessResources.ush" 2036
"../../../Engine/Shaders/Shared/RayTracingBuiltInResources.h" 2037
"../../../Engine/Shaders/Shared/RayTracingDefinitions.h" 2038
"../../../Engine/Shaders/Shared/MaterialCacheDefinitions.h" 2039
"../../../Engine/Shaders/Shared/HLSLTypeAliases.h" 2040
"../../../Engine/Shaders/Public/IndirectVirtualTexture.ush" 2041
"../../../Engine/Shaders/Shared/IndirectVirtualTextureDefinitions.h" 2042
"../../../Engine/Shaders/Public/OverloadMacros.ush" 2043
"../../../Engine/Shaders/Public/ShaderVersion.ush" 2044
"../../../Engine/Shaders/Shared/ThirdParty/NVIDIA/nvHLSLExtns.h" 2045
"../../../Engine/Shaders/Shared/ThirdParty/NVIDIA/nvHLSLExtnsInternal.h" 2046
"../../../Engine/Shaders/Shared/ThirdParty/NVIDIA/nvShaderExtnEnums.h" 2047
"../../../Engine/Shaders/Private/PackUnpack.ush" 2048
"../../../Engine/Shaders/Private/GeneratedUniformBufferTypes.ush" 2049
"../../../Engine/Shaders/Private/Nanite/NanitePackedNaniteView.ush" 2050
"../../../Engine/Shaders/Private/HairStrands/HairStrandsVisibilityCommonStruct.ush" 2051
"../../../Engine/Shaders/Private/HairStrands/HairStrandsVoxelPageCommonStruct.ush" 2052
"../../../Engine/Shaders/Private/HairStrands/HairStrandsDeepShadowCommonStruct.ush" 2053
"../../../Engine/Shaders/Shared/LightSceneData.h" 2054
"../../../Engine/Shaders/Private/LargeWorldCoordinates.ush" 2055
"../../../Engine/Shaders/Private/DoubleFloat.ush" 2056
"../../../Engine/Shaders/Private/RandomPCG.ush" 2057
"../../../Engine/Shaders/Private/DoubleFloatOperations.ush" 2058
"../../../Engine/Shaders/Private/DoubleFloatVectorDefinition.ush" 2059
"../../../Engine/Shaders/Private/LWCOperations.ush" 2060
"../../../Engine/Shaders/Shared/LightViewData.h" 2061
"../../../Engine/Shaders/Shared/RayTracingTypes.h" 2062
"../../../Engine/Shaders/Shared/HLSLStaticAssert.h" 2063
"../../../Engine/Shaders/Private/CommonViewUniformBuffer.ush" 2064
"../../../Engine/Shaders/Private/InstancedStereo.ush" 2065
"../../../Engine/Shaders/Private/Definitions.usf" 2066
"../../../Engine/Shaders/Private/AssertionMacros.ush" 2067
"../../../Engine/Shaders/Private/FastMath.ush" 2068
"../../../Engine/Shaders/Private/FastMathThirdParty.ush" 2069
"../../../Engine/Shaders/Private/Random.ush" 2070
"../../../Engine/Shaders/Private/RandomInterleavedGradientNoise.ush" 2071
"../../../Engine/Shaders/Private/SceneData.ush" 2072
"../../../Engine/Shaders/Private/OctahedralCommon.ush" 2073
"../../../Engine/Shaders/Private/WaveOpUtil.ush" 2074
"../../../Engine/Shaders/Private/ByteBuffer.ush" 2075
"../../../Engine/Shaders/Shared/SceneDefinitions.h" 2076
"../../../Engine/Shaders/Private/SceneDataMobileLoader.ush" 2077
"../../../Engine/Shaders/Private/LocalVertexFactoryCommon.ush" 2078
"../../../Engine/Shaders/Private/HairStrands/HairStrandsVisibilityCommon.ush" 2079
"../../../Engine/Shaders/Shared/HairStrandsDefinitions.h" 2080
"../../../Engine/Shaders/Private/HairStrands/HairStrandsVertexFactoryCommon.ush" 2081
"../../../Engine/Shaders/Private/HairStrands/HairStrandsPack.ush" 2082
"../../../Engine/Shaders/Private/HairStrands/HairStrandsAttributeCommon.ush" 2083
"../../../Engine/Shaders/Private/HairStrands/HairStrandsAttributeTemplate.ush" 2084
"../../../Engine/Shaders/Private/VertexFactoryDefaultInterface.ush" 2085
"../../../Engine/Shaders/Private/HairStrands/HairCardsVertexFactory.ush" 2086
"../../../Engine/Shaders/Private/HairStrands/HairCardsAttributeCommon.ush" 2087
"../../../Engine/Shaders/Private/RayTracing/RayTracingCommon.ush" 2088
"../../../Engine/Shaders/Private/ShadingCommon.ush" 2089
"../../../Engine/Shaders/Shared/RayTracingPayloadType.h" 2090
"../../../Engine/Shaders/Private/RayTracing/RayTracingRayCone.ush" 2091
"../../../Engine/Shaders/Private/Substrate/Substrate.ush" 2092
"../../../Engine/Shaders/Private/ShadingEnergyConservation.ush" 2093
"../../../Engine/Shaders/Private/ShadingEnergyConservationTemplate.ush" 2094
"../../../Engine/Shaders/Private/BRDF.ush" 2095
"../../../Engine/Shaders/Private/ColorSpace.ush" 2096
"../../../Engine/Shaders/Private/DeferredShadingCommon.ush" 2097
"../../../Engine/Shaders/Private/LightAccumulator.ush" 2098
"../../../Engine/Shaders/Private/SceneTexturesCommon.ush" 2099
"../../../Engine/Shaders/Private/MonteCarlo.ush" 2100
"../../../Engine/Shaders/Private/GBufferHelpers.ush" 2101
"../../../Engine/Shaders/Private/SceneTextureParameters.ush" 2102
"C:/Arcadia/Unreal/Projects/Ricochet2/Intermediate/ShaderAutogen/PCD3D_SM6/AutogenShaderHeaders.ush" 2103
"../../../Engine/Shaders/Private/ParticipatingMediaCommon.ush" 2104
"../../../Engine/Shaders/Private/ThinFilmBSDF.ush" 2105
"../../../Engine/Shaders/Private/MortonCode.ush" 2106
"../../../Engine/Shaders/Private/SubsurfaceProfileCommon.ush" 2107
"../../../Engine/Shaders/Private/BurleyNormalizedSSSCommon.ush" 2108
"../../../Engine/Shaders/Private/GammaCorrectionCommon.ush" 2109
"../../../Engine/Shaders/Shared/SubstrateDefinitions.h" 2110
"../../../Engine/Shaders/Private/Substrate/SubstrateStatisticalOperators.ush" 2111
"../../../Engine/Shaders/Private/Substrate/SubstrateSubsurface.ush" 2112
"../../../Engine/Shaders/Private/TransmissionCommon.ush" 2113
"../../../Engine/Shaders/Private/Substrate/SubstrateExportCommon.ush" 2114
"../../../Engine/Shaders/Private/SpecularProfileCommon.ush" 2115
"../../../Engine/Shaders/Private/RayTracing/RayTracingCommonMetal.ush" 2116
"../../../Engine/Shaders/Private/PositionReconstructionCommon.ush" 2117
"../../../Engine/Shaders/Private/RayTracing/TraceRayInline.ush" 2118
"../../../Engine/Shaders/Private/RayTracing/TraceRayInlineCommon.ush" 2119
"../../../Engine/Shaders/Private/RayTracing/TraceRayInlineVulkan.ush" 2120
"../../../Engine/Shaders/Private/RayTracing/TraceRayInlineMetal.ush" 2121
"../../../Engine/Shaders/Private/RayTracing/RayTracingHitGroupCommon.ush" 2122
"../../../Engine/Shaders/Private/Nanite/NaniteRayTrace.ush" 2123
"../../../Engine/Shaders/Private/Nanite/NaniteDataDecode.ush" 2124
"../../../Engine/Shaders/Private/BitPacking.ush" 2125
"../../../Engine/Shaders/Private/BitStreamReaderImplementation.ush" 2126
"../../../Engine/Shaders/Private/BoneTransform.ush" 2127
"../../../Engine/Shaders/Private/Quaternion.ush" 2128
"../../../Engine/Shaders/Private/Skinning/SkinningDataDecode.ush" 2129
"../../../Engine/Shaders/Private/GpuSkinCommon.ush" 2130
"../../../Engine/Shaders/Shared/SkinningDefinitions.h" 2131
"../../../Engine/Shaders/Shared/NaniteDefinitions.h" 2132
"../../../Engine/Shaders/Private/Nanite/NaniteAttributeDecode.ush" 2133
"../../../Engine/Shaders/Private/Barycentrics.ush" 2134
"../../../Engine/Shaders/Private/DualNumber.ush" 2135
"../../../Engine/Shaders/Shared/ThirdParty/RayTriangleIntersection.h" 2136
"../../../Engine/Shaders/Private/Nanite/NaniteVertexFetch.ush" 2137
"../../../Engine/Shaders/Private/ViewData.ush" 2138
"../../../Engine/Shaders/Shared/ViewDefinitions.h" 2139
"../../../Engine/Shaders/Private/Nanite/NaniteSceneCommon.ush" 2140
"../../../Engine/Shaders/Private/RayTracing/TraceRayInlineD3D12.ush" 2141
"../../../Engine/Plugins/FX/Niagara/Shaders/Private/NiagaraSpriteVertexFactory.ush" 2142
"../../../Engine/Shaders/Private/ParticleVertexFactoryCommon.ush" 2143
"../../../Engine/Plugins/FX/Niagara/Shaders/Private/NiagaraVFCommon.usf" 2144
"../../../Engine/Plugins/FX/Niagara/Shaders/Private/NiagaraVFParticleAccess.usf" 2145
"../../../Engine/Plugins/FX/Niagara/Shaders/Private/NiagaraParticleAccess.ush" 2146
"../../../Engine/Plugins/FX/Niagara/Shaders/Private/NiagaraRibbonVertexFactory.ush" 2147
"../../../Engine/Plugins/FX/Niagara/Shaders/Private/NiagaraMeshVertexFactory.ush" 2148
"../../../Engine/Plugins/FX/Niagara/Shaders/Private/NiagaraCommon.ush" 2149
"../../../Engine/Plugins/FX/Niagara/Shaders/Private/NiagaraMeshParticleUtils.ush" 2150
"../../../Engine/Shaders/Private/VectorFieldVisualizationVertexFactory.ush" 2151
"../../../Engine/Shaders/Private/Nanite/NaniteVertexFactory.ush" 2152
"../../../Engine/Shaders/Private/LightmapData.ush" 2153
"../../../Engine/Shaders/Private/SplineMeshCommon.ush" 2154
"../../../Engine/Shaders/Shared/SplineMeshShaderParams.h" 2155
"../../../Engine/Shaders/Private/ShaderPrint.ush" 2156
"../../../Engine/Shaders/Private/ShaderPrintCommon.ush" 2157
"../../../Engine/Shaders/Private/MiniFontCommon.ush" 2158
"../../../Engine/Shaders/Private/SGGX.ush" 2159
"../../../Engine/Shaders/Private/MaterialCache/MaterialCacheCommon.ush" 2160
"../../../Engine/Shaders/Private/Nanite/NaniteVertexDeformation.ush" 2161
"../../../Engine/Shaders/Private/Matrices.ush" 2162
"../../../Engine/Shaders/Private/ParticleSpriteVertexFactory.ush" 2163
"../../../Engine/Shaders/Private/ParticleGPUSpriteVertexFactory.ush" 2164
"../../../Engine/Shaders/Private/ParticleSimulationCommon.ush" 2165
"../../../Engine/Shaders/Private/ParticleBeamTrailVertexFactory.ush" 2166
"../../../Engine/Shaders/Private/MeshParticleVertexFactory.ush" 2167
"../../../Engine/Shaders/Private/LocalVertexFactory.ush" 2168
"../../../Engine/Shaders/Private/GpuSkinVertexFactory.ush" 2169
"../../../Engine/Shaders/Private/GeometryCollectionVertexFactory.ush" 2170
"../../../Engine/Shaders/Private/GeometryCacheVertexFactory.ush" 2171
"../../../Engine/Shaders/Private/LandscapeVertexFactory.ush" 2172
"../../../Engine/Plugins/Enterprise/GLTFExporter/Shaders/Private/SimpleTexture2DPS.usf" 2173
"../../../Engine/Shaders/Private/SimpleElementNormalMapPixelShader.usf" 2174
"../../../Engine/Plugins/Runtime/HairStrands/Shaders/Private/NiagaraCopyVelocityGrid.usf" 2175
"../../../Engine/Plugins/Runtime/HairStrands/Shaders/Private/NiagaraClearVelocityGrid.usf" 2176
"../../../Engine/Plugins/Runtime/HairStrands/Shaders/Private/NiagaraClearPressureGrid.usf" 2177
"../../../Engine/Plugins/Runtime/HairStrands/Shaders/Private/NiagaraInterpolateGroomGuides.usf" 2178
"../../../Engine/Plugins/Runtime/HairStrands/Shaders/Private/NiagaraGroomInterpolationUtils.ush" 2179
"../../../Engine/Plugins/FX/Niagara/Shaders/Private/NiagaraQuaternionUtils.ush" 2180
"../../../Engine/Shaders/Private/HairStrands/HairStrandsMesh.usf" 2181
"../../../Engine/Shaders/Private/HairStrands/HairStrandsBindingCommon.ush" 2182
"../../../Engine/Shaders/Private/HairStrands/HairStrandsFollicleMask.usf" 2183
"../../../Engine/Shaders/Private/HairStrands/HairStrandsSkinUpdate.usf" 2184
"../../../Engine/Shaders/Private/HairStrands/HairStrandsClusterCulling.usf" 2185
"../../../Engine/Shaders/Private/ColorMap.ush" 2186
"../../../Engine/Shaders/Private/HairStrands/HairStrandsAABBCommon.ush" 2187
"../../../Engine/Shaders/Private/HairStrands/HairStrandsClusterCommon.ush" 2188
"../../../Engine/Shaders/Private/ThreadGroupPrefixSum.ush" 2189
"../../../Engine/Shaders/Private/HairStrands/HairStrandsRaytracingGeometry.usf" 2190
"../../../Engine/Shaders/Private/HairStrands/HairStrandsTangent.usf" 2191
"../../../Engine/Shaders/Private/HairStrands/HairCardsDeformation.usf" 2192
"../../../Engine/Shaders/Private/HairStrands/HairStrandsInterpolation.usf" 2193
"../../../Engine/Shaders/Private/HairStrands/HairStrandsGuideDeform.usf" 2194
"../../../Engine/Shaders/Private/HairStrands/HairStrandsTexturesGeneration.usf" 2195
"../../../Engine/Shaders/Private/HairStrands/HairCardsTextureCommon.ush" 2196
"../../../Engine/Shaders/Private/HairStrands/HairStrandsTranscode.usf" 2197
"../../../Engine/Shaders/Private/HairStrands/HairStrandsDebug.usf" 2198
"../../../Engine/Shaders/Private/HairShadingCommon.ush" 2199
"../../../Engine/Shaders/Private/PostProcessCommon.ush" 2200
"../../../Engine/Shaders/Private/ShadingModels.ush" 2201
"../../../Engine/Shaders/Private/CapsuleLight.ush" 2202
"../../../Engine/Shaders/Private/RectLight.ush" 2203
"../../../Engine/Shaders/Private/LightData.ush" 2204
"../../../Engine/Shaders/Shared/LightDefinitions.h" 2205
"../../../Engine/Shaders/Private/AreaLightCommon.ush" 2206
"../../../Engine/Shaders/Private/HairBsdf.ush" 2207
"../../../Engine/Shaders/Private/PathTracing/Utilities/PathTracingRandomSequence.ush" 2208
"../../../Engine/Shaders/Private/MobileGGX.ush" 2209
"../../../Engine/Shaders/Private/HairStrands/HairStrandsCommon.ush" 2210
"../../../Engine/Shaders/Private/HairStrands/HairStrandsEnvironmentLightingCommon.ush" 2211
"../../../Engine/Shaders/Private/HairStrands/HairStrandsDeepTransmittanceCommon.ush" 2212
"../../../Engine/Shaders/Private/HairStrands/HairStrandsDeepTransmittanceDualScattering.ush" 2213
"../../../Engine/Shaders/Private/HairStrands/HairStrandsDeepShadowCommon.ush" 2214
"../../../Engine/Shaders/Private/HairStrands/HairStrandsDebugCommonStruct.ush" 2215
"../../../Engine/Plugins/FX/Niagara/Shaders/Private/NiagaraVertexFactoryExport.usf" 2216
"../../../Engine/Shaders/Private/ComputeShaderUtils.ush" 2217
"../../../Engine/Shaders/Private/MaterialTemplate.ush" 2218
"../../../Engine/Shaders/Private/WorldSpaceMath.ush" 2219
"../../../Engine/Shaders/Private/EyeAdaptationCommon.ush" 2220
"../../../Engine/Shaders/Private/SobolRandom.ush" 2221
"../../../Engine/Shaders/Private/DepthOfFieldCommon.ush" 2222
"../../../Engine/Shaders/Private/CircleDOFCommon.ush" 2223
"../../../Engine/Shaders/Private/DistanceField/GlobalDistanceFieldShared.ush" 2224
"../../../Engine/Shaders/Private/PhysicsFieldSampler.ush" 2225
"../../../Engine/Shaders/Private/PhysicsFieldShared.ush" 2226
"../../../Engine/Shaders/Private/SparseVolumeTexture/SparseVolumeTextureCommon.ush" 2227
"../../../Engine/Shaders/Shared/EnvironmentComponentsFlags.h" 2228
"../../../Engine/Shaders/Private/MeshPaintTextureCommon.ush" 2229
"../../../Engine/Shaders/Private/VirtualTextureMaterial.ush" 2230
"../../../Engine/Shaders/Private/MaterialCache/MaterialCacheMaterialCommon.ush" 2231
"../../../Engine/Shaders/Private/Quantization.ush" 2232
"../../../Engine/Shaders/Private/SpeedTreeCommon.ush" 2233
"../../../Engine/Shaders/Private/VirtualTextureCommon.ush" 2234
"../../../Engine/Shaders/Public/IndirectVirtualTextureCommon.ush" 2235
"../../../Engine/Shaders/Private/MaterialTexture.ush" 2236
"../../../Engine/Shaders/Private/MinMaterialTexCoords.ush" 2237
"../../../Engine/Shaders/Private/SkyAtmosphereCommon.ush" 2238
"../../../Engine/Shaders/Private/SingleLayerWaterCommon.ush" 2239
"../../../Engine/Shaders/Private/TextureSampling.ush" 2240
"../../../Engine/Shaders/Private/PaniniProjection.ush" 2241
"../../../Engine/Shaders/Private/DBufferNormalReprojection.ush" 2242
"../../../Engine/Shaders/Public/SubstratePublic.ush" 2243
"../../../Engine/Shaders/Private/Substrate/SubstrateRead.ush" 2244
"../../../Engine/Shaders/Private/Substrate/SubstrateTree.ush" 2245
"../../../Engine/Shaders/Private/Substrate/SubstrateEvaluation.ush" 2246
"../../../Engine/Shaders/Private/Substrate/Glint/GlintThirdParty.ush" 2247
"../../../Engine/Shaders/Private/BlueNoise.ush" 2248
"../../../Engine/Shaders/Private/SHCommon.ush" 2249
"../../../Engine/Shaders/Private/ShadingModelsSampling.ush" 2250
"../../../Engine/Shaders/Private/HairStrands/HairBsdfSample.ush" 2251
"../../../Engine/Shaders/Private/Substrate/SubstrateLegacyConversion.ush" 2252
"../../../Engine/Shaders/Private/DBufferDecalShared.ush" 2253
"../../../Engine/Plugins/FX/Niagara/Shaders/Private/NiagaraSortKeyGen.usf" 2254
"../../../Engine/Plugins/FX/Niagara/Shaders/Private/NiagaraGPURayTracingTransforms.usf" 2255
"../../../Engine/Plugins/FX/Niagara/Shaders/Private/NiagaraDrawIndirectArgsGen.usf" 2256
"../../../Engine/Plugins/FX/Niagara/Shaders/Private/NiagaraDispatchIndirectArgsGen.usf" 2257
"../../../Engine/Plugins/FX/Niagara/Shaders/Private/Stateless/NiagaraStatelessSimulationDefault.usf" 2258
"../../../Engine/Plugins/FX/Niagara/Shaders/Private/Stateless/NiagaraStatelessCommon.ush" 2259
"../../../Engine/Plugins/FX/Niagara/Shaders/Shared/NiagaraStatelessDefinitions.h" 2260
"../../../Engine/Plugins/FX/Niagara/Shaders/Shared/NiagaraStatelessBuiltDistribution.h" 2261
"../../../Engine/Plugins/FX/Niagara/Shaders/Private/Stateless/NiagaraStatelessDistribution.ush" 2262
"../../../Engine/Plugins/FX/Niagara/Shaders/Private/Stateless/Template/GenerateCS_PreModules.ush" 2263
"../../../Engine/Plugins/FX/Niagara/Shaders/Private/Stateless/Modules/NiagaraStatelessModule_CalculateAccurateVelocity.ush" 2264
"../../../Engine/Plugins/FX/Niagara/Shaders/Private/Stateless/Modules/NiagaraStatelessModule_CameraOffset.ush" 2265
"../../../Engine/Plugins/FX/Niagara/Shaders/Private/Stateless/Modules/NiagaraStatelessModule_DynamicMaterialParameters.ush" 2266
"../../../Engine/Plugins/FX/Niagara/Shaders/Private/Stateless/Modules/NiagaraStatelessModule_InitializeParticle.ush" 2267
"../../../Engine/Plugins/FX/Niagara/Shaders/Private/Stateless/Modules/NiagaraStatelessModule_InitialMeshOrientation.ush" 2268
"../../../Engine/Plugins/FX/Niagara/Shaders/Private/Stateless/Modules/NiagaraStatelessModule_MeshIndex.ush" 2269
"../../../Engine/Plugins/FX/Niagara/Shaders/Private/Stateless/Modules/NiagaraStatelessModule_MeshRotationRate.ush" 2270
"../../../Engine/Plugins/FX/Niagara/Shaders/Private/Stateless/Modules/NiagaraStatelessModule_RotateAroundPoint.ush" 2271
"../../../Engine/Plugins/FX/Niagara/Shaders/Private/Stateless/Modules/NiagaraStatelessModule_ShapeLocation.ush" 2272
"../../../Engine/Plugins/FX/Niagara/Shaders/Private/Stateless/Modules/NiagaraStatelessModule_ScaleColor.ush" 2273
"../../../Engine/Plugins/FX/Niagara/Shaders/Private/Stateless/Modules/NiagaraStatelessModule_ScaleRibbonWidth.ush" 2274
"../../../Engine/Plugins/FX/Niagara/Shaders/Private/Stateless/Modules/NiagaraStatelessModule_ScaleSpriteSize.ush" 2275
"../../../Engine/Plugins/FX/Niagara/Shaders/Private/Stateless/Modules/NiagaraStatelessModule_ScaleSpriteSizeBySpeed.ush" 2276
"../../../Engine/Plugins/FX/Niagara/Shaders/Private/Stateless/Modules/NiagaraStatelessModule_ScaleMeshSize.ush" 2277
"../../../Engine/Plugins/FX/Niagara/Shaders/Private/Stateless/Modules/NiagaraStatelessModule_ScaleMeshSizebySpeed.ush" 2278
"../../../Engine/Plugins/FX/Niagara/Shaders/Private/Stateless/Modules/NiagaraStatelessModule_SolveVelocitiesAndForces.ush" 2279
"../../../Engine/Plugins/FX/Niagara/Shaders/Private/Stateless/Modules/NiagaraStatelessModule_SpriteFacingAndAlignment.ush" 2280
"../../../Engine/Plugins/FX/Niagara/Shaders/Private/Stateless/Modules/NiagaraStatelessModule_SpriteRotationRate.ush" 2281
"../../../Engine/Plugins/FX/Niagara/Shaders/Private/Stateless/Modules/NiagaraStatelessModule_SubUVAnimation.ush" 2282
"../../../Engine/Plugins/FX/Niagara/Shaders/Private/Stateless/Template/GenerateCS_PostModules.ush" 2283
"../../../Engine/Plugins/FX/Niagara/Shaders/Private/NiagaraBlendSVTsToDenseBuffer.usf" 2284
"../../../Engine/Plugins/FX/Niagara/Shaders/Private/NiagaraSVTToDenseBuffer.usf" 2285
"../../../Engine/Plugins/FX/Niagara/Shaders/Private/NiagaraFillIntBuffer.usf" 2286
"../../../Engine/Plugins/FX/Niagara/Shaders/Private/NiagaraComputeFreeIDs.usf" 2287
"../../../Engine/Plugins/FX/Niagara/Shaders/Private/NiagaraInitFreeIDBuffer.usf" 2288
"../../../Engine/Plugins/FX/Niagara/Shaders/Private/NiagaraEmitterInstanceShader.usf" 2289
"../../../Engine/Plugins/FX/Niagara/Shaders/Private/NiagaraShaderVersion.ush" 2290
"../../../Engine/Plugins/FX/Niagara/Shaders/Private/NiagaraPhysicsCommon.ush" 2291
"../../../Engine/Plugins/FX/Niagara/Shaders/Private/Ribbons/NiagaraRibbonAggregationApply.usf" 2292
"../../../Engine/Plugins/FX/Niagara/Shaders/Private/Ribbons/NiagaraRibbonCommon.ush" 2293
"../../../Engine/Plugins/FX/Niagara/Shaders/Shared/NiagaraRibbonShared.h" 2294
"../../../Engine/Plugins/FX/Niagara/Shaders/Private/Ribbons/NiagaraRibbonAggregationStep.usf" 2295
"../../../Engine/Plugins/FX/Niagara/Shaders/Private/Ribbons/NiagaraRibbonGenerateIndices.usf" 2296
"../../../Engine/Plugins/FX/Niagara/Shaders/Private/Ribbons/NiagaraRibbonInitializeIndices.usf" 2297
"../../../Engine/Plugins/FX/Niagara/Shaders/Private/Ribbons/NiagaraRibbonRibbonUVParamCalculation.usf" 2298
"../../../Engine/Plugins/FX/Niagara/Shaders/Private/Ribbons/NiagaraRibbonVertexReductionFinalization.usf" 2299
"../../../Engine/Plugins/FX/Niagara/Shaders/Private/Ribbons/NiagaraRibbonVertexReductionInitialization.usf" 2300
"../../../Engine/Plugins/FX/Niagara/Shaders/Private/Ribbons/NiagaraRibbonSortParticles.usf" 2301
"../../../Engine/Plugins/FX/Niagara/Shaders/Private/NiagaraLWCHelper.usf" 2302
"../../../Engine/Plugins/FX/Niagara/Shaders/Private/NiagaraUpdateMeshGPUSceneInstances.usf" 2303
"../../../Engine/Shaders/Private/GPUScene/GPUSceneWriter.ush" 2304
"../../../Engine/Plugins/FX/Niagara/Shaders/Private/NiagaraGenerateMips.usf" 2305
"../../../Engine/Plugins/FX/Niagara/Shaders/Private/NiagaraDebugDraw.usf" 2306
"../../../Engine/Plugins/FX/Niagara/Shaders/Private/NiagaraDebugDraw.ush" 2307
"../../../Engine/Plugins/FX/Niagara/Shaders/Private/NiagaraVisualizeTexture.usf" 2308
"../../../Engine/Plugins/FX/Niagara/Shaders/Private/NiagaraClearCounts.usf" 2309
"../../../Engine/Plugins/FX/Niagara/Shaders/Private/NiagaraBatchedElements.usf" 2310
"../../../Engine/Plugins/FX/Niagara/Shaders/Private/NiagaraRayTracingShaders.usf" 2311
"../../../Engine/Plugins/FX/Niagara/Shaders/Private/NiagaraAsyncGpuTraceCommon.ush" 2312
"../../../Engine/Shaders/Private/HashTable.ush" 2313
"../../../Engine/Shaders/Private/Hash.ush" 2314
"../../../Engine/Shaders/Private/RayTracing/VFXTraceRay.ush" 2315
"../../../Engine/Plugins/FX/Niagara/Shaders/Private/NiagaraRayMarchingShaders.usf" 2316
"../../../Engine/Plugins/FX/Niagara/Shaders/Private/NiagaraRayTraceCollisionGroupShaders.usf" 2317
"../../../Engine/Plugins/FX/Niagara/Shaders/Private/NiagaraAsyncGpuTraceUtils.usf" 2318
"../../../Engine/Plugins/Compositing/CompositeCore/Shaders/Private/CompositeCoreMerge.usf" 2319
"../../../Engine/Shaders/Private/ScreenPass.ush" 2320
"../../../Engine/Shaders/Private/LensDistortion.ush" 2321
"../../../Engine/Plugins/Compositing/CompositeCore/Shaders/Private/CompositeCoreBlending.ush" 2322
"../../../Engine/Plugins/Compositing/CompositeCore/Shaders/Private/CompositeCoreDisplayTransform.usf" 2323
"../../../Engine/Plugins/Compositing/CompositeCore/Shaders/Private/CompositeCoreDilate.usf" 2324
"../../../Engine/Plugins/Runtime/ComputeFramework/Shaders/Private/ComputeKernel.usf" 2325
"../../../Engine/Plugins/Runtime/ComputeFramework/Shaders/Private/ComputeKernelCommon.ush" 2326
"../../../Engine/Plugins/NNE/NNEDenoiser/Shaders/NNEDenoiserShadersTransferFunctionOidn.usf" 2327
"../../../Engine/Plugins/NNE/NNEDenoiser/Shaders/NNEDenoiserShadersMappedCopy.usf" 2328
"../../../Engine/Plugins/NNE/NNEDenoiser/Shaders/NNEDenoiserShadersDefaultIOProcess.usf" 2329
"../../../Engine/Plugins/NNE/NNEDenoiser/Shaders/NNEDenoiserShadersAutoExposureReduceFinal.usf" 2330
"../../../Engine/Plugins/NNE/NNEDenoiser/Shaders/NNEDenoiserShadersAutoExposureReduce.usf" 2331
"../../../Engine/Plugins/NNE/NNEDenoiser/Shaders/NNEDenoiserShadersAutoExposureDownsample.usf" 2332
"../../../Engine/Plugins/Media/WmfMedia/Shaders/Private/MediaHardwareVideoDecoding.usf" 2333
"../../../Engine/Shaders/Private/ColorUtils.ush" 2334
"../../../Engine/Plugins/Media/ImgMedia/Shaders/Private/ExrSwizzler.usf" 2335
"../../../Engine/Plugins/Experimental/NFORDenoise/Shaders/NFORDenoise.usf" 2336
"../../../Engine/Plugins/Experimental/NFORDenoise/Shaders/NFORRegressionCommon.ush" 2337
"../../../Engine/Plugins/Experimental/NFORDenoise/Shaders/NFORRegression.ush" 2338
"../../../Engine/Shaders/Private/VirtualTextureAdapter.usf" 2339
"../../../Engine/Shaders/Private/BlockCompressionCommon.ush" 2340
"../../../Engine/Shaders/Private/BCCompressionCommon.ush" 2341
"../../../Engine/Shaders/Private/TranslucentLightingShaders.usf" 2342
"../../../Engine/Shaders/Private/TranslucencyVolumeInjectionCommon.ush" 2343
"../../../Engine/Shaders/Private/CubemapCommon.ush" 2344
"../../../Engine/Shaders/Private/VectorFieldCompositeShaders.usf" 2345
"../../../Engine/Shaders/Private/UpdateTextureShaders.usf" 2346
"../../../Engine/Shaders/Private/StereoLayerShader.usf" 2347
"../../../Engine/Shaders/Private/SparseVolumeTexture/UpdateSparseVolumeTexture.usf" 2348
"../../../Engine/Shaders/Private/MorphTargets.usf" 2349
"../../../Engine/Shaders/Private/SimpleElementColorChannelMaskPixelShader.usf" 2350
"../../../Engine/Shaders/Private/SimpleElementHitProxyPixelShader.usf" 2351
"../../../Engine/Shaders/Private/SimpleElementPixelShader.usf" 2352
"../../../Engine/Shaders/Private/IESLightProfilesCommon.ush" 2353
"../../../Engine/Shaders/Private/SimpleElementVertexShader.usf" 2354
"../../../Engine/Shaders/Private/ScreenPixelShaderOES.usf" 2355
"../../../Engine/Shaders/Private/ScreenVertexShader.usf" 2356
"../../../Engine/Shaders/Private/ScreenPixelShader.usf" 2357
"../../../Engine/Shaders/Private/SSProfilePreIntegratedMobile.usf" 2358
"../../../Engine/Shaders/Private/SpecularProfile.usf" 2359
"../../../Engine/Shaders/Private/Nanite/NaniteStreaming.usf" 2360
"../../../Engine/Shaders/Private/Nanite/NaniteStreaming.ush" 2361
"../../../Engine/Shaders/Private/VolumetricLightmapStreaming.usf" 2362
"../../../Engine/Shaders/Private/PhysicsFieldReset.usf" 2363
"../../../Engine/Shaders/Private/PhysicsFieldBuilder.usf" 2364
"../../../Engine/Shaders/Private/PhysicsFieldEval.ush" 2365
"../../../Engine/Shaders/Private/ParticleSortKeyGen.usf" 2366
"../../../Engine/Shaders/Private/ParticleBoundsShader.usf" 2367
"../../../Engine/Shaders/Private/ParticleSimVisualizeShader.usf" 2368
"../../../Engine/Shaders/Private/ParticleInjectionShader.usf" 2369
"../../../Engine/Shaders/Private/ParticleSimulationShader.usf" 2370
"../../../Engine/Shaders/Private/ParticleCurveInjectionShader.usf" 2371
"../../../Engine/Shaders/Private/Nanite/NaniteTranscode.usf" 2372
"../../../Engine/Shaders/Private/Nanite/NaniteScatterUpdates.usf" 2373
"../../../Engine/Shaders/Private/CopyUIntBuffer.usf" 2374
"../../../Engine/Shaders/Private/RadixSortShaders.usf" 2375
"../../../Engine/Shaders/Private/RecomputeTangentsPerVertexPass.usf" 2376
"../../../Engine/Shaders/Private/RecomputeTangentsCommon.ush" 2377
"../../../Engine/Shaders/Private/RecomputeTangentsPerTrianglePass.usf" 2378
"../../../Engine/Shaders/Private/DynamicMeshBounds.usf" 2379
"../../../Engine/Shaders/Private/GpuSkinCacheComputeShader.usf" 2380
"../../../Engine/Shaders/Private/DynamicMeshBounds.ush" 2381
"../../../Engine/Shaders/Private/HeightFieldAtlasManagement.usf" 2382
"../../../Engine/Shaders/Private/Landscape/LandscapeEditLayersUtils.usf" 2383
"../../../Engine/Shaders/Private/Landscape/LandscapeCommon.ush" 2384
"../../../Engine/Shaders/Private/Landscape/LandscapeEditLayersWeightmaps.usf" 2385
"../../../Engine/Shaders/Private/Landscape/LandscapeEditLayersHeightmaps.usf" 2386
"../../../Engine/Shaders/Private/LandscapeLayersPS.usf" 2387
"../../../Engine/Shaders/Private/LandscapePhysicalMaterial.usf" 2388
"../../../Engine/Shaders/Private/LandscapeGrassWeight.usf" 2389
"../../../Engine/Shaders/Private/Landscape/LandscapeCulling.usf" 2390
"../../../Engine/Shaders/Private/Nanite/NaniteHZBCull.ush" 2391
"../../../Engine/Shaders/Private/HZB.ush" 2392
"../../../Engine/Shaders/Private/Landscape/LandscapeMergeTexturesPS.usf" 2393
"../../../Engine/Shaders/Private/WideCustomResolveShaders.usf" 2394
"../../../Engine/Shaders/Private/WideCustomResolve_Wide.ush" 2395
"../../../Engine/Shaders/Private/WideCustomResolve_Wider.ush" 2396
"../../../Engine/Shaders/Private/WideCustomResolve_Widest.ush" 2397
"../../../Engine/Shaders/Private/WaterInfoTextureBlur.usf" 2398
"../../../Engine/Shaders/Private/WaterInfoTextureMerge.usf" 2399
"../../../Engine/Shaders/Private/PageTableUpdate.usf" 2400
"../../../Engine/Shaders/Private/VirtualTextureCompress.usf" 2401
"../../../Engine/Shaders/Private/ASTCCompressionCommon.ush" 2402
"../../../Engine/Shaders/Private/IntegerSequenceEncoding.ush" 2403
"../../../Engine/Shaders/Private/ETCCompressionCommon.ush" 2404
"../../../Engine/Shaders/Private/VirtualTextureMaterial.usf" 2405
"../../../Engine/Shaders/Private/PixelShaderOutputCommon.ush" 2406
"../../../Engine/Shaders/Private/ShaderOutputCommon.ush" 2407
"../../../Engine/Shaders/Private/VolumetricRenderTarget.usf" 2408
"../../../Engine/Shaders/Private/HeightFogCommon.ush" 2409
"../../../Engine/Shaders/Private/LocalFogVolumes/LocalFogVolumeCommon.ush" 2410
"../../../Engine/Shaders/Private/ReflectionEnvironmentShared.ush" 2411
"../../../Engine/Shaders/Private/VolumetricFogVoxelization.usf" 2412
"../../../Engine/Shaders/Private/VolumetricCloudMaterialPixelCommon.ush" 2413
"../../../Engine/Shaders/Private/VolumetricFogLightFunction.usf" 2414
"../../../Engine/Shaders/Private/LightFunctionCommon.ush" 2415
"../../../Engine/Shaders/Private/VolumetricFog.usf" 2416
"../../../Engine/Shaders/Private/DeferredLightingCommon.ush" 2417
"../../../Engine/Shaders/Private/DynamicLightingCommon.ush" 2418
"../../../Engine/Shaders/Private/CapsuleLightIntegrate.ush" 2419
"../../../Engine/Shaders/Private/CapsuleLightSampling.ush" 2420
"../../../Engine/Shaders/Private/RectLightIntegrate.ush" 2421
"../../../Engine/Shaders/Private/ScreenSpaceShadowRayCast.ush" 2422
"../../../Engine/Shaders/Private/LightFunctionAtlas/LightFunctionAtlasCommon.usf" 2423
"../../../Engine/Shaders/Private/LightGridCommon.ush" 2424
"../../../Engine/Shaders/Private/DistanceFieldAOShared.ush" 2425
"../../../Engine/Shaders/Private/IntersectionUtils.ush" 2426
"../../../Engine/Shaders/Private/VolumeLightingCommon.ush" 2427
"../../../Engine/Shaders/Private/ShadowProjectionCommon.ush" 2428
"../../../Engine/Shaders/Private/ShadowFilteringCommon.ush" 2429
"../../../Engine/Shaders/Private/PixelQuadMessagePassing.ush" 2430
"../../../Engine/Shaders/Private/VolumeLightingCommonSampling.ush" 2431
"../../../Engine/Shaders/Private/VolumetricLightmapShared.ush" 2432
"../../../Engine/Shaders/Private/ForwardShadowingCommon.ush" 2433
"../../../Engine/Shaders/Private/LightDataUniforms.ush" 2434
"../../../Engine/Shaders/Private/Lumen/LumenTranslucencyVolumeShared.ush" 2435
"../../../Engine/Shaders/Private/Lumen/LumenRadianceCacheInterpolation.ush" 2436
"../../../Engine/Shaders/Private/VirtualShadowMaps/VirtualShadowMapProjectionCommon.ush" 2437
"../../../Engine/Shaders/Private/VirtualShadowMaps/VirtualShadowMapPageAccessCommon.ush" 2438
"../../../Engine/Shaders/Shared/VirtualShadowMapDefinitions.h" 2439
"../../../Engine/Shaders/Shared/HLSLMathAliases.h" 2440
"../../../Engine/Shaders/Private/VirtualShadowMaps/VirtualShadowMapHandle.ush" 2441
"../../../Engine/Shaders/Private/VirtualShadowMaps/VirtualShadowMapProjectionStructs.ush" 2442
"../../../Engine/Shaders/Private/DiaphragmDOF/DOFCommon.ush" 2443
"../../../Engine/Shaders/Private/VolumetricCloudCommon.ush" 2444
"../../../Engine/Shaders/Private/VolumetricCloud.usf" 2445
"../../../Engine/Shaders/Private/VisualizeVolumetricLightmap.usf" 2446
"../../../Engine/Shaders/Private/VirtualShadowMaps/VirtualShadowMapProjectionComposite.usf" 2447
"../../../Engine/Shaders/Private/LightShaderParameters.ush" 2448
"../../../Engine/Shaders/Private/VirtualShadowMaps/VirtualShadowMapMaskBitsCommon.ush" 2449
"../../../Engine/Shaders/Private/VirtualShadowMaps/VirtualShadowMapLightGrid.ush" 2450
"../../../Engine/Shaders/Private/VirtualShadowMaps/VirtualShadowMapProjection.usf" 2451
"../../../Engine/Shaders/Private/Visualization.ush" 2452
"../../../Engine/Shaders/Private/VirtualShadowMaps/VirtualShadowMapProjectionFilter.ush" 2453
"../../../Engine/Shaders/Private/VirtualShadowMaps/VirtualShadowMapProjectionDirectional.ush" 2454
"../../../Engine/Shaders/Private/VirtualShadowMaps/VirtualShadowMapSMRTCommon.ush" 2455
"../../../Engine/Shaders/Private/VirtualShadowMaps/VirtualShadowMapSMRTTemplate.ush" 2456
"../../../Engine/Shaders/Private/VirtualShadowMaps/VirtualShadowMapProjectionSpot.ush" 2457
"../../../Engine/Shaders/Private/VirtualShadowMaps/VirtualShadowMapTransmissionCommon.ush" 2458
"../../../Engine/Shaders/Private/VirtualShadowMaps/VirtualShadowMapScreenRayTrace.ush" 2459
"../../../Engine/Shaders/Private/VirtualShadowMaps/VirtualShadowMapStats.ush" 2460
"../../../Engine/Shaders/Private/HairStrands/HairStrandsVoxelPageCommon.ush" 2461
"../../../Engine/Shaders/Private/HairStrands/HairStrandsVoxelPageTraversal.ush" 2462
"../../../Engine/Shaders/Private/VirtualShadowMaps/VirtualShadowMapCacheGPUInvalidation.usf" 2463
"../../../Engine/Shaders/Private/VirtualShadowMaps/VirtualShadowMapPageCacheCommon.ush" 2464
"../../../Engine/Shaders/Private/VirtualShadowMaps/VirtualShadowMapCacheInvalidation.ush" 2465
"../../../Engine/Shaders/Private/VirtualShadowMaps/VirtualShadowMapPageOverlap.ush" 2466
"../../../Engine/Shaders/Private/ScreenSpaceDenoise/SSDDefinitions.ush" 2467
"../../../Engine/Shaders/Private/InstanceCulling/InstanceCullingLoadBalancer.ush" 2468
"../../../Engine/Shaders/Private/VirtualShadowMaps/VirtualShadowMapCacheLoadBalancer.usf" 2469
"../../../Engine/Shaders/Private/VirtualShadowMaps/VirtualShadowMapCopyStats.usf" 2470
"../../../Engine/Shaders/Private/VirtualShadowMaps/VirtualShadowMapShadowCasterBounds.usf" 2471
"../../../Engine/Shaders/Private/VirtualShadowMaps/VirtualShadowMapVisualize.ush" 2472
"../../../Engine/Shaders/Private/VirtualShadowMaps/VirtualShadowMapShadowCasterColor.usf" 2473
"../../../Engine/Shaders/Private/VirtualShadowMaps/VirtualShadowMapDebug.usf" 2474
"../../../Engine/Shaders/Private/VirtualShadowMaps/Desaturate.usf" 2475
"../../../Engine/Shaders/Private/VirtualShadowMaps/VirtualShadowMapPhysicalPageManagement.usf" 2476
"../../../Engine/Shaders/Private/ReductionCommon.ush" 2477
"../../../Engine/Shaders/Private/GPUMessaging.ush" 2478
"../../../Engine/Shaders/Private/VirtualShadowMaps/VirtualShadowMapPerPageDispatch.ush" 2479
"../../../Engine/Shaders/Private/VirtualShadowMaps/VirtualShadowMapComputeExplicitChunkDrawsViewMask.usf" 2480
"../../../Engine/Shaders/Shared/SceneCullingDefinitions.h" 2481
"../../../Engine/Shaders/Private/VirtualShadowMaps/VirtualShadowMapCompactViews.usf" 2482
"../../../Engine/Shaders/Private/VirtualShadowMaps/VirtualShadowMapBuildPerPageDrawCommands.usf" 2483
"../../../Engine/Shaders/Private/Nanite/NaniteCullingCommon.ush" 2484
"../../../Engine/Shaders/Private/Nanite/NaniteCulling.ush" 2485
"../../../Engine/Shaders/Private/Nanite/NaniteHierarchyTraversalCommon.ush" 2486
"../../../Engine/Shaders/Private/InstanceCulling/InstanceCullingCommon.ush" 2487
"../../../Engine/Shaders/Shared/InstanceCullingDefinitions.h" 2488
"../../../Engine/Shaders/Private/VirtualShadowMaps/VirtualShadowMapPrintStats.usf" 2489
"../../../Engine/Shaders/Private/VirtualShadowMaps/VirtualShadowMapPageManagement.usf" 2490
"../../../Engine/Shaders/Private/VirtualShadowMaps/VirtualShadowMapPageMarking.usf" 2491
"../../../Engine/Shaders/Private/VirtualShadowMaps/VirtualShadowMapPageMarking.ush" 2492
"../../../Engine/Shaders/Shared/SingleLayerWaterDefinitions.h" 2493
"../../../Engine/Shaders/Private/HairStrands/HairStrandsTileCommon.ush" 2494
"../../../Engine/Shaders/Private/Froxel/Froxel.ush" 2495
"../../../Engine/Shaders/Shared/FroxelDefinitions.h" 2496
"../../../Engine/Shaders/Private/VirtualShadowMaps/VirtualShadowMapThrottle.usf" 2497
"../../../Engine/Shaders/Private/VelocityUpdate.usf" 2498
"../../../Engine/Shaders/Private/VelocityCommon.ush" 2499
"../../../Engine/Shaders/Private/VelocityShader.usf" 2500
"../../../Engine/Shaders/Private/VariableRateShading/VRSShadingRatePreview.usf" 2501
"../../../Engine/Shaders/Private/VariableRateShading/VRSShadingRateCommon.ush" 2502
"../../../Engine/Shaders/Private/VariableRateShading/VRSShadingRateCombine.usf" 2503
"../../../Engine/Shaders/Private/VariableRateShading/VRSShadingRateFoveated.usf" 2504
"../../../Engine/Shaders/Private/VariableRateShading/VRSShadingRateReproject.usf" 2505
"../../../Engine/Shaders/Private/VariableRateShading/VRSShadingRateCalculate.usf" 2506
"../../../Engine/Shaders/Private/TranslucencyUpsampling.usf" 2507
"../../../Engine/Shaders/Private/ComposeSeparateTranslucency.usf" 2508
"../../../Engine/Shaders/Private/SeparateTranslucency.ush" 2509
"../../../Engine/Shaders/Private/TranslucencyVolumeVisualize.usf" 2510
"../../../Engine/Shaders/Private/TranslucencyVolumeCommon.ush" 2511
"../../../Engine/Shaders/Private/TranslucentLightInjectionShaders.usf" 2512
"../../../Engine/Shaders/Private/HeterogeneousVolumes/HeterogeneousVolumesAdaptiveVolumetricShadowMapSampling.ush" 2513
"../../../Engine/Shaders/Private/HeterogeneousVolumes/HeterogeneousVolumesAdaptiveVolumetricShadowMapUtils.ush" 2514
"../../../Engine/Shaders/Private/HeterogeneousVolumes/HeterogeneousVolumesBeerShadowMapUtils.ush" 2515
"../../../Engine/Shaders/Private/TranslucentShadowDepthShaders.usf" 2516
"../../../Engine/Shaders/Private/ShadowDepthCommon.ush" 2517
"../../../Engine/Shaders/Private/RayTracing/RayTracingTest.usf" 2518
"../../../Engine/Shaders/Private/PostprocessSubsurfaceTile.usf" 2519
"../../../Engine/Shaders/Private/PostProcessSubsurfaceCommon.ush" 2520
"../../../Engine/Shaders/Private/Substrate/SubstrateVisualize.usf" 2521
"../../../Engine/Shaders/Private/Substrate/SubstrateTile.ush" 2522
"../../../Engine/Shaders/Shared/SubstrateVisualizeDefinitions.h" 2523
"../../../Engine/Shaders/Private/Substrate/SubstrateVisualizeCommon.ush" 2524
"../../../Engine/Shaders/Private/SkyLightingDiffuseShared.ush" 2525
"../../../Engine/Shaders/Private/SkyLightingShared.ush" 2526
"../../../Engine/Shaders/Private/ClearCoatCommon.ush" 2527
"../../../Engine/Shaders/Private/ReflectionEnvironmentComposite.ush" 2528
"../../../Engine/Shaders/Private/Substrate/SubstrateLightingCommon.ush" 2529
"../../../Engine/Shaders/Private/Substrate/SubstrateRoughRefraction.usf" 2530
"../../../Engine/Shaders/Private/PathTracing/Material/PathTracingFresnel.ush" 2531
"../../../Engine/Shaders/Private/PathTracing/Material/PathTracingGlossy.ush" 2532
"../../../Engine/Shaders/Private/Substrate/SubstrateMaterialSampling.usf" 2533
"../../../Engine/Shaders/Private/Substrate/SubstrateMaterialSampling.ush" 2534
"../../../Engine/Shaders/Private/Lumen/LumenPosition.ush" 2535
"../../../Engine/Shaders/Private/Substrate/SubstrateTile.usf" 2536
"../../../Engine/Shaders/Private/Substrate/SubstrateMaterialClassification.usf" 2537
"../../../Engine/Shaders/Private/Substrate/SubstrateDBuffer.usf" 2538
"../../../Engine/Shaders/Private/StochasticLighting/StochasticLightingTileClassification.usf" 2539
"../../../Engine/Shaders/Private/Lumen/LumenMaterial.ush" 2540
"../../../Engine/Shaders/Private/HairStrands/HairStrandsVisibilityUtils.ush" 2541
"../../../Engine/Shaders/Private/Lumen/LumenReflectionCommon.ush" 2542
"../../../Engine/Shaders/Private/Lumen/LumenReflectionsCombine.ush" 2543
"../../../Engine/Shaders/Private/Lumen/LumenScreenProbeTileClassication.ush" 2544
"../../../Engine/Shaders/Private/MegaLights/MegaLightsTileClassification.ush" 2545
"../../../Engine/Shaders/Private/StochasticLighting/StochasticLightingUpsample.ush" 2546
"../../../Engine/Shaders/Private/StochasticLighting/StochasticLightingCommon.ush" 2547
"../../../Engine/Shaders/Private/SplineMeshSceneTexture.usf" 2548
"../../../Engine/Shaders/Private/SparseVolumeTexture/VisualizeSparseVolumeTexture.usf" 2549
"../../../Engine/Shaders/Private/SkyAtmosphere.usf" 2550
"../../../Engine/Shaders/Private/Nanite/NaniteSkinningUpdateViewData.usf" 2551
"../../../Engine/Shaders/Private/SceneCulling/SceneCulling.ush" 2552
"../../../Engine/Shaders/Private/Skinning/TransformProviders.usf" 2553
"../../../Engine/Shaders/Private/Skinning/SkinnedMeshDebug.usf" 2554
"../../../Engine/Shaders/Private/Skinning/AnimBankEval.usf" 2555
"../../../Engine/Shaders/Private/SingleLayerWaterComposite.usf" 2556
"../../../Engine/Shaders/Private/Froxel/FroxelBuild.ush" 2557
"../../../Engine/Shaders/Private/SingleLayerWaterRefractionCulling.usf" 2558
"../../../Engine/Shaders/Private/ScreenSpaceShadows.usf" 2559
"../../../Engine/Shaders/Private/bend_sss_gpu.ush" 2560
"../../../Engine/Shaders/Private/ShadowFactorsUpsampleCommon.ush" 2561
"../../../Engine/Shaders/Private/FirstPersonSelfShadow.usf" 2562
"../../../Engine/Shaders/Private/HZBTracing.ush" 2563
"../../../Engine/Shaders/Private/LateZDummyPS.usf" 2564
"../../../Engine/Shaders/Private/ShadowProjectionVertexShader.usf" 2565
"../../../Engine/Shaders/Private/ShadowProjectionPixelShader.usf" 2566
"../../../Engine/Shaders/Private/MobileLightingCommon.ush" 2567
"../../../Engine/Shaders/Private/PlanarReflectionShared.ush" 2568
"../../../Engine/Shaders/Private/MobileSSR.ush" 2569
"../../../Engine/Shaders/Private/SSRT/SSRTRayCast.ush" 2570
"../../../Engine/Shaders/Private/ShadowPercentageCloserFiltering.ush" 2571
"../../../Engine/Shaders/Private/TransmissionThickness.ush" 2572
"../../../Engine/Shaders/Private/CopyShadowMaps.usf" 2573
"../../../Engine/Shaders/Private/ShadowDepthPixelShader.usf" 2574
"../../../Engine/Shaders/Private/ShadowDepthVertexShader.usf" 2575
"../../../Engine/Shaders/Private/ShadingEnergyConservationTable.usf" 2576
"../../../Engine/Shaders/Shared/PathTracingDefinitions.h" 2577
"../../../Engine/Shaders/Private/ShadingFurnaceTest.usf" 2578
"../../../Engine/Shaders/Private/Substrate/SubstrateDeferredLighting.ush" 2579
"../../../Engine/Shaders/Private/ShaderPrintDraw.usf" 2580
"../../../Engine/Shaders/Private/ShaderPrintDrawPrimitive.usf" 2581
"../../../Engine/Shaders/Private/DefaultSSRTiles.usf" 2582
"../../../Engine/Shaders/Private/ScreenSpaceReflectionTileCommons.ush" 2583
"../../../Engine/Shaders/Private/SSRT/SSRTDiffuseIndirect.usf" 2584
"../../../Engine/Shaders/Private/SSRT/SSRTTileClassificationBuffer.ush" 2585
"../../../Engine/Shaders/Private/SSRT/SSRTReflections.usf" 2586
"../../../Engine/Shaders/Private/ScreenSpaceDenoise/SSDPublic.ush" 2587
"../../../Engine/Shaders/Private/SSRT/SSRTTileClassification.usf" 2588
"../../../Engine/Shaders/Private/SSRT/SSRTPrevFrameReduction.usf" 2589
"../../../Engine/Shaders/Private/ScreenSpaceDenoise/SSDComposeHarmonics.usf" 2590
"../../../Engine/Shaders/Private/ScreenSpaceDenoise/SSDPublicHarmonics.ush" 2591
"../../../Engine/Shaders/Private/ScreenSpaceDenoise/SSDSignalFramework.ush" 2592
"../../../Engine/Shaders/Private/ScreenSpaceDenoise/SSDCommon.ush" 2593
"../../../Engine/Shaders/Private/SphericalGaussian.ush" 2594
"../../../Engine/Shaders/Public/WaveBroadcastIntrinsics.ush" 2595
"../../../Engine/Shaders/Private/ScreenSpaceDenoise/SSDMetadata.ush" 2596
"../../../Engine/Shaders/Private/ScreenSpaceDenoise/SSDSignalCore.ush" 2597
"../../../Engine/Shaders/Private/ScreenSpaceDenoise/DenoisingCommon.ush" 2598
"../../../Engine/Shaders/Private/ScreenSpaceDenoise/SSDSignalArray.ush" 2599
"../../../Engine/Shaders/Private/ScreenSpaceDenoise/SSDSignalBufferEncoding.ush" 2600
"../../../Engine/Shaders/Private/ScreenSpaceDenoise/SSDPublicBufferEncoding.ush" 2601
"../../../Engine/Shaders/Private/Lumen/LumenBufferEncoding.ush" 2602
"../../../Engine/Shaders/Private/ScreenSpaceDenoise/SSDTemporalAccumulation.usf" 2603
"../../../Engine/Shaders/Private/ScreenSpaceDenoise/SSDSpatialKernel.ush" 2604
"../../../Engine/Shaders/Private/ScreenSpaceDenoise/SSDSignalAccumulatorArray.ush" 2605
"../../../Engine/Shaders/Private/ScreenSpaceDenoise/SSDSignalAccumulator.ush" 2606
"../../../Engine/Shaders/Private/ScreenSpaceDenoise/SSDSignalCompression.ush" 2607
"../../../Engine/Shaders/Private/ScreenSpaceDenoise/SSDSpatialAccumulation.usf" 2608
"../../../Engine/Shaders/Private/ScreenSpaceDenoise/SSDInjest.usf" 2609
"../../../Engine/Shaders/Private/ScreenSpaceDenoise/SSDCompressMetadata.usf" 2610
"../../../Engine/Shaders/Private/DownsampleDepthPixelShader.usf" 2611
"../../../Engine/Shaders/Private/ScreenPass.usf" 2612
"../../../Engine/Shaders/Private/HZB.usf" 2613
"../../../Engine/Shaders/Private/OcclusionFeedbackShaders.usf" 2614
"../../../Engine/Shaders/Private/HZBOcclusion.usf" 2615
"../../../Engine/Shaders/Private/OcclusionQueryPixelShader.usf" 2616
"../../../Engine/Shaders/Private/OcclusionQueryVertexShader.usf" 2617
"../../../Engine/Shaders/Private/HitProxyCopy.usf" 2618
"../../../Engine/Shaders/Private/HitProxyPixelShader.usf" 2619
"../../../Engine/Shaders/Private/HitProxyVertexShader.usf" 2620
"../../../Engine/Shaders/Private/SceneCulling/SceneCullingDebugRender.usf" 2621
"../../../Engine/Shaders/Private/SceneCulling/SceneCullingBuildExplicitBounds.usf" 2622
"../../../Engine/Shaders/Private/SceneCapturePixelShader.usf" 2623
"../../../Engine/Shaders/Private/RendererUtils.usf" 2624
"../../../Engine/Shaders/Private/RTWriteMaskDecode.usf" 2625
"../../../Engine/Shaders/Private/ReflectionEnvironmentShaders.usf" 2626
"../../../Engine/Shaders/Private/RectLightAtlas.usf" 2627
"../../../Engine/Shaders/Private/RayTracing/TraceRayInlineStatistics.usf" 2628
"../../../Engine/Shaders/Private/RayTracing/CompositeSkyLightPS.usf" 2629
"../../../Engine/Shaders/Private/RayTracing/GenerateSkyLightVisibilityRaysCS.usf" 2630
"../../../Engine/Shaders/Private/RayTracing/RayTracingSkyLightCommon.ush" 2631
"../../../Engine/Shaders/Private/RayTracing/SkyLightVisibilityRaysData.ush" 2632
"../../../Engine/Shaders/Private/Raytracing/RaytracingSkylightRGS.usf" 2633
"../../../Engine/Shaders/Private/HairStrands/HairStrandsRaytracing.ush" 2634
"../../../Engine/Shaders/Private/Raytracing/RayTracingSkyLightEvaluation.ush" 2635
"../../../Engine/Shaders/Private/Raytracing/RayTracingDeferredShadingCommon.ush" 2636
"../../../Engine/Shaders/Private/RayTracing/RayTracingOcclusionRGS.usf" 2637
"../../../Engine/Shaders/Private/RayTracing/RayTracingDirectionalLight.ush" 2638
"../../../Engine/Shaders/Private/RayTracing/RayTracingRectLight.ush" 2639
"../../../Engine/Shaders/Private/RayTracing/RayTracingSphereLight.ush" 2640
"../../../Engine/Shaders/Private/RayTracing/RayTracingCapsuleLight.ush" 2641
"../../../Engine/Shaders/Private/Raytracing/RayTracingFeedback.usf" 2642
"../../../Engine/Shaders/Shared/RayTracingDebugTypes.h" 2643
"../../../Engine/Shaders/Private/RayTracing/RayTracingPrimaryRays.usf" 2644
"../../../Engine/Shaders/Private/RayTracing/RayTracingLightingCommon.ush" 2645
"../../../Engine/Shaders/Private/RayTracing/RayTracingLightCullingCommon.ush" 2646
"../../../Engine/Shaders/Private/RayTracing/RayTracingMaterialDefaultHitShaders.usf" 2647
"../../../Engine/Shaders/Private/RayTracing/RayTracingMaterialHitShaders.usf" 2648
"../../../Engine/Shaders/Private/RayTracing/RayTracingShaderUtils.ush" 2649
"../../../Engine/Shaders/Private/RayTracing/RayTracingCalcInterpolants.ush" 2650
"../../../Engine/Shaders/Private/LightmapCommon.ush" 2651
"../../../Engine/Shaders/Private/Lumen/LumenHardwareRayTracingPayloadCommon.ush" 2652
"../../../Engine/Shaders/Shared/LumenDefinitions.h" 2653
"../../../Engine/Shaders/Private/Substrate/SubstrateExport.ush" 2654
"../../../Engine/Shaders/Private/RayTracing/RayTracingLightingMS.usf" 2655
"../../../Engine/Shaders/Private/Lumen/LumenDiffuseColorBoost.ush" 2656
"../../../Engine/Shaders/Private/RayTracing/RayTracingLightFunctionCommon.ush" 2657
"../../../Engine/Shaders/Private/RayTracing/RayTracingBuildLightGrid.usf" 2658
"../../../Engine/Shaders/Private/Raytracing/RayTracingInstanceBufferUtil.usf" 2659
"../../../Engine/Shaders/Private/RayTracing/RayTracingDynamicMesh.usf" 2660
"../../../Engine/Shaders/Private/RayTracing/RayTracingDefaultDecalHitShader.usf" 2661
"../../../Engine/Shaders/Private/RayTracing/RayTracingDecalMaterialShader.usf" 2662
"../../../Engine/Shaders/Private/PathTracing/PathTracingShaderUtils.ush" 2663
"../../../Engine/Shaders/Private/PathTracing/PathTracingCommon.ush" 2664
"../../../Engine/Shaders/Private/PathTracing/Material/PathTracingMaterialCommon.ush" 2665
"../../../Engine/Shaders/Private/PathTracing/Utilities/PathTracingRIS.ush" 2666
"../../../Engine/Shaders/Private/RayTracing/RayTracingBuildDecalGrid.usf" 2667
"../../../Engine/Shaders/Private/RayTracing/RayTracingDebugHitStatsUtils.usf" 2668
"../../../Engine/Shaders/Private/RayTracing/RayTracingDebugInstanceOverlap.usf" 2669
"../../../Engine/Shaders/Private/RayTracing/RayTracingDebugPicking.usf" 2670
"../../../Engine/Shaders/Private/RayTracing/RayTracingDebugUtils.ush" 2671
"../../../Engine/Shaders/Private/RayTracing/RayTracingDebugTraversal.usf" 2672
"../../../Engine/Shaders/Private/RayTracing/RayTracingDeferredMaterials.ush" 2673
"../../../Engine/Shaders/Shared/ThirdParty/AMD/ags_shader_intrinsics_dx12.h" 2674
"../../../Engine/Shaders/Shared/RayTracingDebugDefinitions.h" 2675
"../../../Engine/Shaders/Private/RayTracing/RayTracingDebugHitStatsCHS.usf" 2676
"../../../Engine/Shaders/Private/RayTracing/RayTracingDebugHitStats.usf" 2677
"../../../Engine/Shaders/Private/RayTracing/RayTracingDebugMS.usf" 2678
"../../../Engine/Shaders/Private/RayTracing/RayTracingDebugCHS.usf" 2679
"../../../Engine/Shaders/Private/RayTracing/RayTracingDebug.usf" 2680
"../../../Engine/Shaders/Private/RayTracing/RayTracingBuiltInShaders.usf" 2681
"../../../Engine/Shaders/Private/RayTracing/RayTracingBarycentrics.usf" 2682
"../../../Engine/Shaders/Private/RayTracing/RayTracingAmbientOcclusionRGS.usf" 2683
"../../../Engine/Shaders/Private/VisualizeShadingModels.usf" 2684
"../../../Engine/Shaders/Private/MotionBlur/VisualizeMotionVectors.usf" 2685
"../../../Engine/Shaders/Private/TemporalSuperResolution/TSRVisualize.usf" 2686
"../../../Engine/Shaders/Private/TemporalSuperResolution/TSRColorSpace.ush" 2687
"../../../Engine/Shaders/Private/TemporalSuperResolution/TSRCommon.ush" 2688
"../../../Engine/Shaders/Public/DualPixelVectorization.ush" 2689
"../../../Engine/Shaders/Private/TemporalSuperResolution/TSRReprojectionField.ush" 2690
"../../../Engine/Shaders/Private/TemporalSuperResolution/TSRResolveHistory.usf" 2691
"../../../Engine/Shaders/Private/TemporalSuperResolution/TSRConvolutionNetwork.ush" 2692
"../../../Engine/Shaders/Private/TemporalSuperResolution/TSRKernels.ush" 2693
"../../../Engine/Shaders/Public/LaneVectorization.ush" 2694
"../../../Engine/Shaders/Private/TemporalSuperResolution/TSRUpdateHistory.usf" 2695
"../../../Engine/Shaders/Private/TemporalSuperResolution/TSRSpatialAntiAliasing.ush" 2696
"../../../Engine/Shaders/Private/TemporalSuperResolution/TSRSpatialAntiAliasing.usf" 2697
"../../../Engine/Shaders/Private/TemporalSuperResolution/TSRRejectShading.usf" 2698
"../../../Engine/Shaders/Private/TemporalSuperResolution/TSRShadingAnalysis.ush" 2699
"../../../Engine/Shaders/Private/TemporalSuperResolution/TSRConvolutionNetworkPass.ush" 2700
"../../../Engine/Shaders/Private/TemporalSuperResolution/TSRDecimateHistory.usf" 2701
"../../../Engine/Shaders/Private/TemporalSuperResolution/TSRDepthVelocityAnalysis.ush" 2702
"../../../Engine/Shaders/Private/TemporalSuperResolution/TSRClosestOccluder.ush" 2703
"../../../Engine/Shaders/Private/TemporalSuperResolution/TSRWeightRelaxation.usf" 2704
"../../../Engine/Shaders/Private/TemporalSuperResolution/TSRThinGeometryCommon.ush" 2705
"../../../Engine/Shaders/Private/TemporalSuperResolution/TSRDetectThinGeometry.usf" 2706
"../../../Engine/Shaders/Private/TemporalSuperResolution/TSRDilateVelocity.usf" 2707
"../../../Engine/Shaders/Private/MotionBlur/MotionBlurVelocityFlatten.ush" 2708
"../../../Engine/Shaders/Private/MotionBlur/MotionBlurCommon.ush" 2709
"../../../Engine/Shaders/Private/TemporalSuperResolution/TSRClearPrevTextures.usf" 2710
"../../../Engine/Shaders/Private/TemporalSuperResolution/TSRMeasureCoverage.usf" 2711
"../../../Engine/Shaders/Private/TemporalSuperResolution/TSRMeasureFlickeringLuma.usf" 2712
"../../../Engine/Shaders/Private/TemporalAA.usf" 2713
"../../../Engine/Shaders/Private/SMAA/SMAADebugVisualization.usf" 2714
"../../../Engine/Shaders/Private/SMAA/SMAACommon.ush" 2715
"../../../Engine/Shaders/Private/SMAA/SMAA.ush" 2716
"../../../Engine/Shaders/Private/SMAA/SMAANeighborhoodBlendingShader.usf" 2717
"../../../Engine/Shaders/Private/SMAA/SMAABlendingWeightCalculationShader.usf" 2718
"../../../Engine/Shaders/Private/SMAA/SMAAEdgeDetectionShader.usf" 2719
"../../../Engine/Shaders/Private/FilterPixelShader.usf" 2720
"../../../Engine/Shaders/Private/FilterVertexShader.usf" 2721
"../../../Engine/Shaders/Private/VisualizeVirtualTexture.usf" 2722
"../../../Engine/Shaders/Private/PostProcessVisualizeBuffer.usf" 2723
"../../../Engine/Shaders/Private/PostProcessVisualizeLocalExposure.usf" 2724
"../../../Engine/Shaders/Private/PostProcessHistogramCommon.ush" 2725
"../../../Engine/Shaders/Private/TonemapCommon.ush" 2726
"../../../Engine/Shaders/Private/ACES/ACESCommon.ush" 2727
"../../../Engine/Shaders/Private/ACES/ACESOutputTransform.ush" 2728
"../../../Engine/Shaders/Private/ACES/ACESUtilities.ush" 2729
"../../../Engine/Shaders/Private/ACES/ACESTonescale.ush" 2730
"../../../Engine/Shaders/Private/ACES/ACESDisplayEncoding.ush" 2731
"../../../Engine/Shaders/Private/ACES/ACES_v1.3.ush" 2732
"../../../Engine/Shaders/Private/PostProcessVisualizeLevelInstance.usf" 2733
"../../../Engine/Shaders/Private/PostProcessVisualizeHDR.usf" 2734
"../../../Engine/Shaders/Private/ShaderComplexityApplyPixelShader.usf" 2735
"../../../Engine/Shaders/Private/QuadOverdraw.ush" 2736
"../../../Engine/Shaders/Private/PostProcessUpscale.usf" 2737
"../../../Engine/Shaders/Private/PostProcessTonemap.usf" 2738
"../../../Engine/Shaders/Private/PostProcessing/FilmGrainPackConstants.usf" 2739
"../../../Engine/Shaders/Private/PostProcessing/FilmGrainReduce.usf" 2740
"../../../Engine/Shaders/Private/PostProcessTestImage.usf" 2741
"../../../Engine/Shaders/Private/PostProcessSubsurface.usf" 2742
"../../../Engine/Shaders/Private/SeparableSSS.ush" 2743
"../../../Engine/Shaders/Private/SubsurfaceBurleyNormalized.ush" 2744
"../../../Engine/Shaders/Private/PostProcessSelectionOutline.usf" 2745
"../../../Engine/Shaders/Private/MotionBlur/MotionBlurVisualize.usf" 2746
"../../../Engine/Shaders/Private/MotionBlur/MotionBlurApply.usf" 2747
"../../../Engine/Shaders/Private/MotionBlur/MotionBlurFilterTileClassify.usf" 2748
"../../../Engine/Shaders/Private/MotionBlur/MotionBlurTileScatter.usf" 2749
"../../../Engine/Shaders/Private/MotionBlur/MotionBlurTileGather.usf" 2750
"../../../Engine/Shaders/Private/MotionBlur/MotionBlurVelocityFlatten.usf" 2751
"../../../Engine/Shaders/Private/PostProcessMobile.usf" 2752
"../../../Engine/Shaders/Private/PostProcessMitchellNetravali.usf" 2753
"../../../Engine/Shaders/Private/PostProcessMaterialShaders.usf" 2754
"../../../Engine/Shaders/Private/NeuralPostProcessCommon.usf" 2755
"../../../Engine/Shaders/Private/PostProcessLocalExposure.usf" 2756
"../../../Engine/Shaders/Private/PostProcessLensFlares.usf" 2757
"../../../Engine/Shaders/Private/PostProcessGBufferHints.usf" 2758
"../../../Engine/Shaders/Private/PostProcessHMD.usf" 2759
"../../../Engine/Shaders/Private/Histogram.usf" 2760
"../../../Engine/Shaders/Private/PostProcessExposureMaterial.ush" 2761
"../../../Engine/Shaders/Private/PostProcessHistogramReduce.usf" 2762
"../../../Engine/Shaders/Private/PostProcessHistogram.usf" 2763
"../../../Engine/Shaders/Private/Bloom/BloomFinalizeApplyConstants.usf" 2764
"../../../Engine/Shaders/Private/Bloom/BloomCommon.ush" 2765
"../../../Engine/Shaders/Private/Bloom/BloomResizeKernel.usf" 2766
"../../../Engine/Shaders/Private/Bloom/BloomDownsampleKernel.usf" 2767
"../../../Engine/Shaders/Private/Bloom/BloomClampKernel.usf" 2768
"../../../Engine/Shaders/Private/Bloom/BloomPackKernelConstants.usf" 2769
"../../../Engine/Shaders/Private/Bloom/BloomSumScatterDispersionEnergy.usf" 2770
"../../../Engine/Shaders/Private/Bloom/BloomReduceKernelSurvey.usf" 2771
"../../../Engine/Shaders/Private/Bloom/BloomSurveyKernelCenterEnergy.usf" 2772
"../../../Engine/Shaders/Private/Bloom/BloomSurveyMaxScatterDispersion.usf" 2773
"../../../Engine/Shaders/Private/Bloom/BloomFindKernelCenter.usf" 2774
"../../../Engine/Shaders/Private/PostProcessEyeAdaptation.usf" 2775
"../../../Engine/Shaders/Private/PostProcessEyeAdaptationUtils.usf" 2776
"../../../Engine/Shaders/Private/PostProcessDownsample.usf" 2777
"../../../Engine/Shaders/Private/PostProcessDOF.usf" 2778
"../../../Engine/Shaders/Private/PostProcessDeviceEncodingOnly.usf" 2779
"../../../Engine/Shaders/Private/PostProcessCompositePrimitives.usf" 2780
"../../../Engine/Shaders/Private/PostProcessCombineLUTs.usf" 2781
"../../../Engine/Shaders/Private/PostProcessVisualizeDOF.usf" 2782
"../../../Engine/Shaders/Private/PostProcessBloom.usf" 2783
"../../../Engine/Shaders/Private/PostProcessAmbientOcclusionMobile.usf" 2784
"../../../Engine/Shaders/Private/PostProcessAmbientOcclusionCommon.ush" 2785
"../../../Engine/Shaders/Private/FXAAShader.usf" 2786
"../../../Engine/Shaders/Private/Fxaa3_11.ush" 2787
"../../../Engine/Shaders/Private/PaniniProjection.usf" 2788
"../../../Engine/Shaders/Private/DiaphragmDOF/DOFRecombine.usf" 2789
"../../../Engine/Shaders/Private/DiaphragmDOF/DOFHybridScatterPixelShader.usf" 2790
"../../../Engine/Shaders/Private/DiaphragmDOF/DOFHybridScatterCommon.ush" 2791
"../../../Engine/Shaders/Private/DiaphragmDOF/DOFVignetteCommon.ush" 2792
"../../../Engine/Shaders/Private/DiaphragmDOF/DOFHybridScatterVertexShader.usf" 2793
"../../../Engine/Shaders/Private/DiaphragmDOF/DOFPostfiltering.usf" 2794
"../../../Engine/Shaders/Private/DiaphragmDOF/DOFGatherTileSuggest.ush" 2795
"../../../Engine/Shaders/Private/DiaphragmDOF/DOFCocTileCommon.ush" 2796
"../../../Engine/Shaders/Private/DiaphragmDOF/DOFGatherPass.usf" 2797
"../../../Engine/Shaders/Private/DiaphragmDOF/DOFGatherCommon.ush" 2798
"../../../Engine/Shaders/Private/DiaphragmDOF/DOFGatherAccumulator.ush" 2799
"../../../Engine/Shaders/Private/DiaphragmDOF/DOFGatherKernel.ush" 2800
"../../../Engine/Shaders/Private/DiaphragmDOF/DOFBokehLUT.usf" 2801
"../../../Engine/Shaders/Private/DiaphragmDOF/DOFHybridScatterCompilation.usf" 2802
"../../../Engine/Shaders/Private/DiaphragmDOF/DOFReduce.usf" 2803
"../../../Engine/Shaders/Private/DiaphragmDOF/DOFDownsample.ush" 2804
"../../../Engine/Shaders/Private/DiaphragmDOF/DOFHybridScatterCompilation.ush" 2805
"../../../Engine/Shaders/Private/DiaphragmDOF/DOFDownsample.usf" 2806
"../../../Engine/Shaders/Private/DiaphragmDOF/DOFCocTileDilate.usf" 2807
"../../../Engine/Shaders/Private/DiaphragmDOF/DOFCocTileFlatten.usf" 2808
"../../../Engine/Shaders/Private/DiaphragmDOF/DOFSetup.usf" 2809
"../../../Engine/Shaders/Private/Tools/DebugAlphaChannel.usf" 2810
"../../../Engine/Shaders/Private/PostProcessAlphaInvert.usf" 2811
"../../../Engine/Shaders/Private/PlanarReflectionShaders.usf" 2812
"../../../Engine/Shaders/Private/PhysicsFieldVisualizer.usf" 2813
"../../../Engine/Shaders/Private/PathTracing/PathTracingSpatialTemporalDenoising.usf" 2814
"../../../Engine/Shaders/Private/ColorDifference.ush" 2815
"../../../Engine/Shaders/Private/PathTracing/PathTracingCompositingPixelShader.usf" 2816
"../../../Engine/Shaders/Private/PathTracing/PathTracingAdaptiveUtils.ush" 2817
"../../../Engine/Shaders/Private/PathTracing/PathTracingDefaultHitShader.usf" 2818
"../../../Engine/Shaders/Private/PathTracing/PathTracingGPULightmassMaterialHitShader.usf" 2819
"../../../Engine/Shaders/Private/PathTracing/PathTracingMaterialHitShader.usf" 2820
"../../../Engine/Shaders/Private/PathTracing/Material/PathTracingSubstrateCommon.ush" 2821
"../../../Engine/Shaders/Private/PathTracing/PathTracingLightingMissShader.usf" 2822
"../../../Engine/Shaders/Private/PathTracing/PathTracingMissShader.usf" 2823
"../../../Engine/Shaders/Private/PathTracing/PathTracingAdaptiveStart.usf" 2824
"../../../Engine/Shaders/Private/PathTracing/PathTracingBuildAdaptiveError.usf" 2825
"../../../Engine/Shaders/Private/PathTracing/PathTracingVolumetricCloudMaterialShader.usf" 2826
"../../../Engine/Shaders/Private/PathTracing/Volume/PathTracingCloudsMaterialCommon.ush" 2827
"../../../Engine/Shaders/Private/PathTracing/Volume/PathTracingVolumeCommon.ush" 2828
"../../../Engine/Shaders/Private/PathTracing/Volume/PathTracingCloudsCommon.ush" 2829
"../../../Engine/Shaders/Private/PathTracing/Volume/PathTracingFog.ush" 2830
"../../../Engine/Shaders/Private/PathTracing/Volume/PathTracingAtmosphere.ush" 2831
"../../../Engine/Shaders/Private/PathTracing/Volume/PathTracingAtmosphereCommon.ush" 2832
"../../../Engine/Shaders/Private/PathTracing/Volume/PathTracingVolumeSampling.ush" 2833
"../../../Engine/Shaders/Private/PathTracing/PathTracingBuildCloudAccelerationMap.usf" 2834
"../../../Engine/Shaders/Private/PathTracing/PathTracingBuildAtmosphereLUT.usf" 2835
"../../../Engine/Shaders/Private/PathTracing/PathTracingSwizzleScanlines.usf" 2836
"../../../Engine/Shaders/Private/PathTracing/PathTracingInitExtinctionCoefficient.usf" 2837
"../../../Engine/Shaders/Private/PathTracing/PathTracingCopyDepth.usf" 2838
"../../../Engine/Shaders/Private/PathTracing/PathTracingDebug.usf" 2839
"../../../Engine/Shaders/Private/RayTracing/RayTracingDecalGrid.ush" 2840
"../../../Engine/Shaders/Private/PathTracing/Material/PathTracingMaterialSampling.ush" 2841
"../../../Engine/Shaders/Private/PathTracing/Material/PathTracingLambert.ush" 2842
"../../../Engine/Shaders/Private/PathTracing/Material/PathTracingSubstrate.ush" 2843
"../../../Engine/Shaders/Private/PathTracing/Material/PathTracingSubstrateFoliage.ush" 2844
"../../../Engine/Shaders/Private/PathTracing/Material/PathTracingSubstrateSolidGlass.ush" 2845
"../../../Engine/Shaders/Private/PathTracing/Material/PathTracingSubstrateThinGlass.ush" 2846
"../../../Engine/Shaders/Private/PathTracing/Material/PathTracingSolidGlass.ush" 2847
"../../../Engine/Shaders/Private/PathTracing/Material/PathTracingEnergyConservation.ush" 2848
"../../../Engine/Shaders/Private/PathTracing/Material/PathTracingThinGlass.ush" 2849
"../../../Engine/Shaders/Private/PathTracing/Material/PathTracingDefaultLit.ush" 2850
"../../../Engine/Shaders/Private/PathTracing/Material/PathTracingClearCoat.ush" 2851
"../../../Engine/Shaders/Private/PathTracing/Material/PathTracingTwoSidedFoliage.ush" 2852
"../../../Engine/Shaders/Private/PathTracing/Material/PathTracingCloth.ush" 2853
"../../../Engine/Shaders/Private/PathTracing/Material/PathTracingSubsurfaceProfile.ush" 2854
"../../../Engine/Shaders/Private/PathTracing/Material/PathTracingEye.ush" 2855
"../../../Engine/Shaders/Private/PathTracing/Material/PathTracingHair.ush" 2856
"../../../Engine/Shaders/Private/PathTracing/Material/PathTracingMedium.ush" 2857
"../../../Engine/Shaders/Private/PathTracing/Light/PathTracingLightSampling.ush" 2858
"../../../Engine/Shaders/Private/PathTracing/Light/PathTracingLightCommon.ush" 2859
"../../../Engine/Shaders/Private/PathTracing/Light/PathTracingDirectionalLight.ush" 2860
"../../../Engine/Shaders/Private/PathTracing/Light/PathTracingPointLight.ush" 2861
"../../../Engine/Shaders/Private/PathTracing/Light/PathTracingCapsuleLight.ush" 2862
"../../../Engine/Shaders/Private/PathTracing/Light/PathTracingRectLight.ush" 2863
"../../../Engine/Shaders/Private/PathTracing/Light/PathTracingSkyLight.ush" 2864
"../../../Engine/Shaders/Private/PathTracing/Light/PathTracingLightGrid.ush" 2865
"../../../Engine/Shaders/Private/PathTracing/PathTracing.usf" 2866
"../../../Engine/Shaders/Private/PathTracing/PathTracingCore.ush" 2867
"../../../Engine/Shaders/Private/HeterogeneousVolumes/HeterogeneousVolumesVoxelGridTypes.ush" 2868
"../../../Engine/Shaders/Private/PathTracing/Volume/PathTracingVolume.ush" 2869
"../../../Engine/Shaders/Private/PathTracing/Volume/PathTracingClouds.ush" 2870
"../../../Engine/Shaders/Private/PathTracing/Volume/PathTracingHeterogeneousVolumes.ush" 2871
"../../../Engine/Shaders/Private/HeterogeneousVolumes/HeterogeneousVolumesTracingUtils.ush" 2872
"../../../Engine/Shaders/Private/HeterogeneousVolumes/HeterogeneousVolumesVoxelGridTraversal.ush" 2873
"../../../Engine/Shaders/Private/HeterogeneousVolumes/HeterogeneousVolumesVoxelGridUtils.ush" 2874
"../../../Engine/Shaders/Private/HeterogeneousVolumes/HeterogeneousVolumesFrustumVoxelGridUtils.ush" 2875
"../../../Engine/Shaders/Private/PathTracing/PathTracingBuildLightGrid.usf" 2876
"../../../Engine/Shaders/Private/PathTracing/PathTracingSkylightMISCompensation.usf" 2877
"../../../Engine/Shaders/Private/PathTracing/PathTracingSkylightPrepare.usf" 2878
"../../../Engine/Shaders/Private/OIT/OITSorting.usf" 2879
"../../../Engine/Shaders/Private/OITCombine.usf" 2880
"../../../Engine/Shaders/Private/OITCommon.ush" 2881
"../../../Engine/Shaders/Private/Nanite/Voxel/RasterizeBricks.usf" 2882
"../../../Engine/Shaders/Private/Nanite/Voxel/Brick.ush" 2883
"../../../Engine/Shaders/Private/Nanite/Voxel/Voxel.ush" 2884
"../../../Engine/Shaders/Private/Nanite/Voxel/ScatterBricks.usf" 2885
"../../../Engine/Shaders/Private/Nanite/Voxel/TileBricks.usf" 2886
"../../../Engine/Shaders/Private/Nanite/Voxel/AutoVoxel.usf" 2887
"../../../Engine/Shaders/Private/Nanite/NaniteDebugViews.usf" 2888
"../../../Engine/Shaders/Private/Nanite/NaniteEditorCommon.ush" 2889
"../../../Engine/Shaders/Private/BinarySearch.ush" 2890
"../../../Engine/Shaders/Private/Nanite/NaniteDepthDecode.usf" 2891
"../../../Engine/Shaders/Private/HTileEncoding.ush" 2892
"../../../Engine/Shaders/Private/Nanite/NaniteVisualize.usf" 2893
"../../../Engine/Shaders/Private/Nanite/NaniteStreamOut.usf" 2894
"../../../Engine/Shaders/Private/Nanite/NaniteHierarchyTraversal.ush" 2895
"../../../Engine/Shaders/Private/Nanite/NaniteShadeBinning.usf" 2896
"../../../Engine/Shaders/Private/Nanite/NaniteShadeCommon.ush" 2897
"../../../Engine/Shaders/Private/Nanite/NaniteFastClear.usf" 2898
"../../../Engine/Shaders/Private/Nanite/NaniteRayTracing.usf" 2899
"../../../Engine/Shaders/Private/Nanite/NaniteExportGBuffer.usf" 2900
"../../../Engine/Shaders/Private/Nanite/NaniteClusterCulling.usf" 2901
"../../../Engine/Shaders/Private/Nanite/NanitePrintStats.usf" 2902
"../../../Engine/Shaders/Private/Nanite/NaniteRasterizer.usf" 2903
"../../../Engine/Shaders/Private/Nanite/NaniteRasterizationCommon.ush" 2904
"../../../Engine/Shaders/Private/Nanite/NaniteRasterizer.ush" 2905
"../../../Engine/Shaders/Private/Nanite/NaniteWritePixel.ush" 2906
"../../../Engine/Shaders/Private/Nanite/NaniteTessellation.ush" 2907
"../../../Engine/Shaders/Private/WorkDistribution.ush" 2908
"../../../Engine/Shaders/Private/Nanite/NaniteDice.ush" 2909
"../../../Engine/Shaders/Private/ShaderBundleWorkGraphCommon.ush" 2910
"../../../Engine/Shaders/Public/RootConstants.ush" 2911
"../../../Engine/Shaders/Public/Platform/D3D/D3DRootConstants.ush" 2912
"../../../Engine/Shaders/Private/Nanite/NaniteSplit.usf" 2913
"../../../Engine/Shaders/Private/Nanite/NaniteRasterBinning.usf" 2914
"../../../Engine/Shaders/Private/Nanite/NaniteInstanceCulling.usf" 2915
"../../../Engine/Shaders/Private/Nanite/NaniteImposter.ush" 2916
"../../../Engine/Shaders/Private/Nanite/NaniteInstanceHierarchyCulling.usf" 2917
"../../../Engine/Shaders/Private/WorkGroupLoadBalancer.ush" 2918
"../../../Engine/Shaders/Private/Nanite/NanitePrimitiveFilter.usf" 2919
"../../../Engine/Shaders/Private/Nanite/NaniteRasterClear.usf" 2920
"../../../Engine/Shaders/Private/Nanite/NaniteDepthExport.usf" 2921
"../../../Engine/Shaders/Private/Nanite/NaniteEmitShadow.usf" 2922
"../../../Engine/Shaders/Private/MobileDeferredUtils.usf" 2923
"../../../Engine/Shaders/Private/MobileLocalLightsBuffer.usf" 2924
"../../../Engine/Shaders/Private/MobileFog.usf" 2925
"../../../Engine/Shaders/Private/DistortApplyScreenPS.usf" 2926
"../../../Engine/Shaders/Private/MobileDeferredShading.usf" 2927
"../../../Engine/Shaders/Private/MobileBasePassPixelShader.usf" 2928
"../../../Engine/Shaders/Private/MobileBasePassCommon.ush" 2929
"../../../Engine/Shaders/Private/BasePassCommon.ush" 2930
"../../../Engine/Shaders/Private/ShadingModelsMaterial.ush" 2931
"../../../Engine/Shaders/Private/ThinTranslucentCommon.ush" 2932
"../../../Engine/Shaders/Private/SingleLayerWaterShading.ush" 2933
"../../../Engine/Shaders/Private/DistortionCommon.ush" 2934
"../../../Engine/Shaders/Private/Substrate/SubstrateMobileForwardLighting.ush" 2935
"../../../Engine/Shaders/Private/MobileBasePassVertexShader.usf" 2936
"../../../Engine/Shaders/Private/MeshEdges.usf" 2937
"../../../Engine/Shaders/Private/MegaLights/MegaLightsSampling.usf" 2938
"../../../Engine/Shaders/Shared/MegaLightsDefinitions.h" 2939
"../../../Engine/Shaders/Private/MegaLights/MegaLightsShading.ush" 2940
"../../../Engine/Shaders/Private/MegaLights/MegaLights.ush" 2941
"../../../Engine/Shaders/Private/MegaLights/MegaLightsMaterial.ush" 2942
"../../../Engine/Shaders/Private/MegaLights/MegaLightsRayTracing.ush" 2943
"../../../Engine/Shaders/Private/MegaLights/MegaLightsSampling.ush" 2944
"../../../Engine/Shaders/Private/MegaLights/MegaLightsVolumeSampling.usf" 2945
"../../../Engine/Shaders/Private/MegaLights/MegaLightsVolume.ush" 2946
"../../../Engine/Shaders/Private/MegaLights/MegaLights.usf" 2947
"../../../Engine/Shaders/Private/HairStrands/HairStrandsScreenTracing.ush" 2948
"../../../Engine/Shaders/Private/MegaLights/MegaLightsFilterVisibleLightHash.usf" 2949
"../../../Engine/Shaders/Private/MegaLights/MegaLightsShading.usf" 2950
"../../../Engine/Shaders/Private/Lumen/LumenReflectionDenoiserCommon.ush" 2951
"../../../Engine/Shaders/Private/MegaLights/MegaLightsVisibleLightHash.usf" 2952
"../../../Engine/Shaders/Private/MegaLights/MegaLightsVolumeShading.usf" 2953
"../../../Engine/Shaders/Private/MegaLights/MegaLightsVSMMarking.usf" 2954
"../../../Engine/Shaders/Private/MegaLights/MegaLightsVSMTracing.usf" 2955
"../../../Engine/Shaders/Private/MegaLights/MegaLightsRayTracing.usf" 2956
"../../../Engine/Shaders/Private/DistanceField/GlobalDistanceFieldUtils.ush" 2957
"../../../Engine/Shaders/Private/Lumen/LumenScreenTracing.ush" 2958
"../../../Engine/Shaders/Private/MegaLights/MegaLightsVolumeRayTracing.usf" 2959
"../../../Engine/Shaders/Private/MegaLights/MegaLightsVolumeHardwareRayTracing.usf" 2960
"../../../Engine/Shaders/Private/Lumen/LumenHardwareRayTracingCommon.ush" 2961
"../../../Engine/Shaders/Private/RayTracing/RayTracingReflectionEnvironment.ush" 2962
"../../../Engine/Shaders/Private/Lumen/LumenHardwareRayTracingPlatformCommon.ush" 2963
"../../../Engine/Shaders/Private/Lumen/LumenTracingCommon.ush" 2964
"../../../Engine/Shaders/Private/Lumen/SurfaceCache/LumenSurfaceCacheSampling.ush" 2965
"../../../Engine/Shaders/Private/Lumen/SurfaceCache/LumenSurfaceCache.ush" 2966
"../../../Engine/Shaders/Private/Lumen/LumenCardCommon.ush" 2967
"../../../Engine/Shaders/Private/Lumen/LumenCardTileShadowDownsampleFactor.ush" 2968
"../../../Engine/Shaders/Private/MegaLights/MegaLightsHardwareRayTracing.usf" 2969
"../../../Engine/Shaders/Private/MegaLights/MegaLightsDebug.usf" 2970
"../../../Engine/Shaders/Private/MegaLights/MegaLightsDenoiserSpatial.usf" 2971
"../../../Engine/Shaders/Private/MegaLights/MegaLightsDenoiserTemporal.usf" 2972
"../../../Engine/Shaders/Private/MaterialCache/MaterialCacheABufferPages.usf" 2973
"../../../Engine/Shaders/Private/MaterialCache/MaterialCacheShade.usf" 2974
"../../../Engine/Shaders/Private/MaterialCache/MaterialCacheShadeCommon.ush" 2975
"../../../Engine/Shaders/Private/MaterialCache/MaterialCacheUnwrapNaniteShade.usf" 2976
"../../../Engine/Shaders/Private/MaterialCache/MaterialCacheUnwrapPixelShader.usf" 2977
"../../../Engine/Shaders/Private/MaterialCache/MaterialCacheUnwrapVertexShader.usf" 2978
"../../../Engine/Shaders/Private/Lumen/LumenVisualizeRadianceCache.usf" 2979
"../../../Engine/Shaders/Private/Lumen/LumenRadianceCacheCommon.ush" 2980
"../../../Engine/Shaders/Private/Lumen/LumenVisualizeHardwareRayTracing.usf" 2981
"../../../Engine/Shaders/Private/Lumen/LumenVisualize.ush" 2982
"../../../Engine/Shaders/Private/Lumen/LumenHairTracing.ush" 2983
"../../../Engine/Shaders/Private/Lumen/LumenVisualize.usf" 2984
"../../../Engine/Shaders/Private/Lumen/LumenSoftwareRayTracing.ush" 2985
"../../../Engine/Shaders/Private/DistanceField/GlobalDistanceFieldObjectGrid.ush" 2986
"../../../Engine/Shaders/Private/DistanceFieldLightingShared.ush" 2987
"../../../Engine/Shaders/Private/Lumen/LumenVisualizeTraces.ush" 2988
"../../../Engine/Shaders/Private/Lumen/LumenTranslucencyVolumeLighting.usf" 2989
"../../../Engine/Shaders/Private/Lumen/LumenRadianceCacheMarkCommon.ush" 2990
"../../../Engine/Shaders/Private/Lumen/LumenTranslucencyVolumeLightingShared.ush" 2991
"../../../Engine/Shaders/Private/Lumen/LumenScreenProbeCommon.ush" 2992
"../../../Engine/Shaders/Private/RayTracing/RayGenUtils.ush" 2993
"../../../Engine/Shaders/Private/Lumen/LumenRadianceCacheTracingCommon.ush" 2994
"../../../Engine/Shaders/Private/Lumen/LumenTranslucencyVolumeHardwareRayTracing.usf" 2995
"../../../Engine/Shaders/Private/Lumen/LumenTranslucencyRadianceCacheMarkShaders.usf" 2996
"../../../Engine/Shaders/Private/Lumen/SurfaceCache/LumenSurfaceCache.usf" 2997
"../../../Engine/Shaders/Private/Lumen/LumenVirtualTextureCommon.ush" 2998
"../../../Engine/Shaders/Private/Lumen/LumenShortRangeAOHardwareRayTracing.usf" 2999
"../../../Engine/Shaders/Private/Lumen/LumenScreenSpaceBentNormal.ush" 3000
"../../../Engine/Shaders/Private/Lumen/LumenScreenSpaceBentNormal.usf" 3001
"../../../Engine/Shaders/Private/Lumen/LumenScreenProbeTracing.usf" 3002
"../../../Engine/Shaders/Private/Lumen/LumenScreenProbeTracingCommon.ush" 3003
"../../../Engine/Shaders/Private/Lumen/LumenFloatQuantization.ush" 3004
"../../../Engine/Shaders/Private/Lumen/LumenScreenProbeImportanceSampling.usf" 3005
"../../../Engine/Shaders/Private/Lumen/LumenScreenProbeImportanceSamplingShared.ush" 3006
"../../../Engine/Shaders/Private/Lumen/LumenScreenProbeHardwareRayTracing.usf" 3007
"../../../Engine/Shaders/Private/Lumen/LumenScreenProbeDebug.usf" 3008
"../../../Engine/Shaders/Private/Lumen/LumenScreenProbeGather.usf" 3009
"../../../Engine/Shaders/Private/Lumen/LumenScreenProbeGatherTemporal.usf" 3010
"../../../Engine/Shaders/Private/Lumen/LumenScreenProbeFiltering.usf" 3011
"../../../Engine/Shaders/Private/Lumen/LumenSceneLighting.usf" 3012
"../../../Engine/Shaders/Private/Lumen/LumenCardTile.ush" 3013
"../../../Engine/Shaders/Private/Lumen/LumenSceneLighting.ush" 3014
"../../../Engine/Shaders/Private/Lumen/Radiosity/LumenRadiosity.ush" 3015
"../../../Engine/Shaders/Private/Lumen/LumenSceneLightingDebug.usf" 3016
"../../../Engine/Shaders/Private/Lumen/LumenScene.usf" 3017
"../../../Engine/Shaders/Private/Lumen/LumenSceneDirectLightingHardwareRayTracing.usf" 3018
"../../../Engine/Shaders/Private/Lumen/LumenSceneDirectLightingStochastic.ush" 3019
"../../../Engine/Shaders/Private/Lumen/LumenSceneDirectLighting.ush" 3020
"../../../Engine/Shaders/Private/Lumen/LumenSceneDebugHardwareRayTracing.usf" 3021
"../../../Engine/Shaders/Private/Lumen/LumenSceneDirectLightingStochastic.usf" 3022
"../../../Engine/Shaders/Private/Lumen/LumenSceneDirectLightingSoftwareRayTracing.usf" 3023
"../../../Engine/Shaders/Private/DistanceFieldShadowingShared.ush" 3024
"../../../Engine/Shaders/Private/Lumen/LumenSceneDirectLightingPerLightShadowCommon.ush" 3025
"../../../Engine/Shaders/Private/Lumen/LumenSceneDirectLightingShadowMask.usf" 3026
"../../../Engine/Shaders/Private/Lumen/LumenSceneDirectLighting.usf" 3027
"../../../Engine/Shaders/Private/Lumen/LumenSceneDirectLightingCulling.usf" 3028
"../../../Engine/Shaders/Private/Lumen/LumenCardComputeShader.usf" 3029
"../../../Engine/Shaders/Private/Lumen/LumenCardBasePass.ush" 3030
"../../../Engine/Shaders/Private/Lumen/LumenCardPixelShader.usf" 3031
"../../../Engine/Shaders/Private/Lumen/LumenCardVertexShader.usf" 3032
"../../../Engine/Shaders/Private/Lumen/LumenReSTIRGather.usf" 3033
"../../../Engine/Shaders/Private/Lumen/LumenReflectionTracing.usf" 3034
"../../../Engine/Shaders/Private/Lumen/LumenReflectionDenoiserSpatial.usf" 3035
"../../../Engine/Shaders/Private/Lumen/LumenReflectionDenoiserClear.usf" 3036
"../../../Engine/Shaders/Private/Lumen/LumenReflectionDenoiserTemporal.usf" 3037
"../../../Engine/Shaders/Private/Lumen/LumenReflectionResolve.usf" 3038
"../../../Engine/Shaders/Private/Lumen/LumenReflections.usf" 3039
"../../../Engine/Shaders/Private/Lumen/RayTracedTranslucency.usf" 3040
"../../../Engine/Shaders/Private/Lumen/LumenReflectionHardwareRayTracing.usf" 3041
"../../../Engine/Shaders/Private/Lumen/Radiosity/LumenVisualizeRadiosityProbes.usf" 3042
"../../../Engine/Shaders/Private/Lumen/Radiosity/LumenRadiosity.usf" 3043
"../../../Engine/Shaders/Private/Lumen/Radiosity/LumenRadiosityHardwareRayTracing.usf" 3044
"../../../Engine/Shaders/Private/Lumen/Radiosity/LumenRadiosityCulling.usf" 3045
"../../../Engine/Shaders/Private/Lumen/LumenRadianceCacheHardwareRayTracing.usf" 3046
"../../../Engine/Shaders/Private/Lumen/LumenRadianceCache.usf" 3047
"../../../Engine/Shaders/Private/Lumen/LumenRadianceCacheUpdate.ush" 3048
"../../../Engine/Shaders/Private/Lumen/LumenRadianceCacheDebug.usf" 3049
"../../../Engine/Shaders/Private/Lumen/LumenRadianceCacheUpdate.usf" 3050
"../../../Engine/Shaders/Private/Lumen/LumenMeshSDFCulling.usf" 3051
"../../../Engine/Shaders/Private/HybridIndirectLighting.ush" 3052
"../../../Engine/Shaders/Private/MeshDistanceFieldCommon.ush" 3053
"../../../Engine/Shaders/Private/Lumen/LumenIrradianceFieldGather.usf" 3054
"../../../Engine/Shaders/Private/Lumen/LumenHardwareRayTracingMaterials.usf" 3055
"../../../Engine/Shaders/Private/Lumen/LumenFrontLayerTranslucency.usf" 3056
"../../../Engine/Shaders/Private/LocalFogVolumes/LocalFogVolumeSplat.usf" 3057
"../../../Engine/Shaders/Private/LocalFogVolumes/LocalFogVolumeTiledCulling.usf" 3058
"../../../Engine/Shaders/Private/LightShaftShader.usf" 3059
"../../../Engine/Shaders/Private/StationaryLightOverlapShaders.usf" 3060
"../../../Engine/Shaders/Private/DeferredLightPixelShaders.usf" 3061
"../../../Engine/Shaders/Private/DeferredLightVertexShaders.usf" 3062
"../../../Engine/Shaders/Private/LightMapDensityShader.usf" 3063
"../../../Engine/Shaders/Private/LightGridInjection.usf" 3064
"../../../Engine/Shaders/Shared/LightGridDefinitions.h" 3065
"../../../Engine/Shaders/Private/LightFunctionPixelShader.usf" 3066
"../../../Engine/Shaders/Private/LightFunctionVertexShader.usf" 3067
"../../../Engine/Shaders/Private/LightFunctionAtlas/LightFunctionAtlasRender.usf" 3068
"../../../Engine/Shaders/Private/InstanceCulling/InstanceCullingOcclusionQuery.usf" 3069
"../../../Engine/Shaders/Private/InstanceCulling/InstanceCullingSetup.ush" 3070
"../../../Engine/Shaders/Private/InstanceCulling/BuildInstanceDrawCommands.usf" 3071
"../../../Engine/Shaders/Private/InstanceCulling/InstanceCompactionCommon.ush" 3072
"../../../Engine/Shaders/Private/SceneDataMobileWriter.ush" 3073
"../../../Engine/Shaders/Private/InstanceCulling/CompactVisibleInstances.usf" 3074
"../../../Engine/Shaders/Private/ReflectionEnvironmentPixelShader.usf" 3075
"../../../Engine/Shaders/Private/AmbientCubemapComposite.usf" 3076
"../../../Engine/Shaders/Private/DiffuseIndirectComposite.usf" 3077
"../../../Engine/Shaders/Private/IESAtlas.usf" 3078
"../../../Engine/Shaders/Private/HeterogeneousVolumes/HeterogeneousVolumesVisualizeCascades.usf" 3079
"../../../Engine/Shaders/Private/HeterogeneousVolumes/HeterogeneousVolumesVoxelGridShadows.usf" 3080
"../../../Engine/Shaders/Private/HeterogeneousVolumes/HeterogeneousVolumesStochasticFiltering.ush" 3081
"../../../Engine/Shaders/Private/HeterogeneousVolumes/HeterogeneousVolumesVoxelGridRenderingUtils.ush" 3082
"../../../Engine/Shaders/Private/HeterogeneousVolumes/HeterogeneousVolumesLightingUtils.ush" 3083
"../../../Engine/Shaders/Private/HeterogeneousVolumes/HeterogeneousVolumesRayMarchingUtils.ush" 3084
"../../../Engine/Shaders/Private/HeterogeneousVolumes/HeterogeneousVolumesRayMarchingTypes.ush" 3085
"../../../Engine/Shaders/Private/HeterogeneousVolumes/HeterogeneousVolumesTransmittanceVolumeUtils.ush" 3086
"../../../Engine/Shaders/Private/HeterogeneousVolumes/HeterogeneousVolumesAdaptiveVolumetricShadowMapSampler.ush" 3087
"../../../Engine/Shaders/Private/HeterogeneousVolumes/HeterogeneousVolumesVoxelGridRendering.usf" 3088
"../../../Engine/Shaders/Private/HeterogeneousVolumes/HeterogeneousVolumesVoxelGridPipeline.usf" 3089
"../../../Engine/Shaders/Private/HeterogeneousVolumes/HeterogeneousVolumesMaterialBakingPipeline.usf" 3090
"../../../Engine/Shaders/Private/HeterogeneousVolumes/HeterogeneousVolumesLiveShadingUtils.ush" 3091
"../../../Engine/Shaders/Private/HeterogeneousVolumes/HeterogeneousVolumesFrustumVoxelGrid.usf" 3092
"../../../Engine/Shaders/Private/HeterogeneousVolumes/HeterogeneousVolumesSparseVoxelPipeline.usf" 3093
"../../../Engine/Shaders/Private/HeterogeneousVolumes/HeterogeneousVolumesSparseVoxelUtils.ush" 3094
"../../../Engine/Shaders/Private/HeterogeneousVolumes/HeterogeneousVolumesSparseVoxelUniformBufferUtils.ush" 3095
"../../../Engine/Shaders/Private/HeterogeneousVolumes/HeterogeneousVolumesPreshadingPipeline.usf" 3096
"../../../Engine/Shaders/Private/HeterogeneousVolumes/HeterogeneousVolumesShadowMask.usf" 3097
"../../../Engine/Shaders/Private/HeterogeneousVolumes/HeterogeneousVolumesLiveShadingShadows.usf" 3098
"../../../Engine/Shaders/Private/HeterogeneousVolumes/HeterogeneousVolumesLiveShadingGlobalPipeline.usf" 3099
"../../../Engine/Shaders/Private/HeterogeneousVolumes/HeterogeneousVolumesLiveShadingPipeline.usf" 3100
"../../../Engine/Shaders/Private/HeterogeneousVolumes/HeterogeneousVolumesHardwareRayTracing.usf" 3101
"../../../Engine/Shaders/Private/HeterogeneousVolumes/HeterogeneousVolumesAmbientOcclusionPipeline.usf" 3102
"../../../Engine/Shaders/Private/HeterogeneousVolumes/HeterogeneousVolumesComposite.usf" 3103
"../../../Engine/Shaders/Private/HdrCustomResolveShaders.usf" 3104
"../../../Engine/Shaders/Private/HairStrands/RenderCurveRaster.usf" 3105
"../../../Engine/Shaders/Shared/RenderCurveDefinitions.h" 3106
"../../../Engine/Shaders/Private/HairStrands/HairStrandsVoxelRasterCompute.usf" 3107
"../../../Engine/Shaders/Private/HairStrands/HairStrandsHitProxy.usf" 3108
"../../../Engine/Shaders/Private/HairStrands/HairStrandsVisibilityRasterComputeNaive.usf" 3109
"../../../Engine/Shaders/Private/HairStrands/HairStrandsVisibilityRasterHW.usf" 3110
"../../../Engine/Shaders/Private/HairStrands/HairStrandsVisibilityRasterCompute.usf" 3111
"../../../Engine/Shaders/Private/HairStrands/HairStrandsVisibilityRasterClassification.usf" 3112
"../../../Engine/Shaders/Private/HairStrands/HairStrandsCoverage.usf" 3113
"../../../Engine/Shaders/Private/HairStrands/HairStrandsVisibilityDepthPS.usf" 3114
"../../../Engine/Shaders/Private/HairStrands/HairStrandsVisibilityTransmittanceDepthPS.usf" 3115
"../../../Engine/Shaders/Private/HairStrands/HairStrandsVisibilityFillOpaqueDepthPS.usf" 3116
"../../../Engine/Shaders/Private/HairStrands/HairStrandsVisibilityCompactionComputeRaster.usf" 3117
"../../../Engine/Shaders/Private/HairStrands/HairStrandsVisibilityCompaction.usf" 3118
"../../../Engine/Shaders/Private/HairStrands/HairStrandsVisibilityCopyIndirectArg.usf" 3119
"../../../Engine/Shaders/Private/HairStrands/HairStrandsVisibilityClearPS.usf" 3120
"../../../Engine/Shaders/Private/HairStrands/HairStrandsVisibilityPS.usf" 3121
"../../../Engine/Shaders/Private/HairStrands/HairStrandsVisibilityVS.usf" 3122
"../../../Engine/Shaders/Private/HairStrands/HairStrandsVelocity.usf" 3123
"../../../Engine/Shaders/Private/HairStrands/HairStrandsVisibilityComputeSampleCoverage.usf" 3124
"../../../Engine/Shaders/Private/HairStrands/HairStrandsMaterialPS.usf" 3125
"../../../Engine/Shaders/Private/HairStrands/HairStrandsMaterialCommon.ush" 3126
"../../../Engine/Shaders/Private/HairStrands/HairStrandsMaterialVS.usf" 3127
"../../../Engine/Shaders/Private/HairStrands/HairStrandsLightSample.usf" 3128
"../../../Engine/Shaders/Private/HairStrands/HairStrandsDeepShadowMask.usf" 3129
"../../../Engine/Shaders/Private/HairStrands/HairStrandsDeepTransmittanceMask.usf" 3130
"../../../Engine/Shaders/Private/HairStrands/HairStrandsVisibilityTile.usf" 3131
"../../../Engine/Shaders/Private/HairStrands/HairStrandsDeepShadowPS.usf" 3132
"../../../Engine/Shaders/Private/HairStrands/HairStrandsDeepShadowVS.usf" 3133
"../../../Engine/Shaders/Private/HairStrands/HairStrandsAABB.usf" 3134
"../../../Engine/Shaders/Private/HairStrands/HairStrandsLUT.usf" 3135
"../../../Engine/Shaders/Private/HairStrands/HairStrandsForwardRaster.usf" 3136
"../../../Engine/Shaders/Private/HairStrands/HairStrandsForwardCulling.usf" 3137
"../../../Engine/Shaders/Private/HairStrands/HairStrandsEnvironmentLighting.usf" 3138
"../../../Engine/Shaders/Private/HairStrands/HairStrandsEnvironmentAO.usf" 3139
"../../../Engine/Shaders/Private/HairStrands/HairStrandsDeepShadowAllocation.usf" 3140
"../../../Engine/Shaders/Private/HairStrands/HairStrandsVoxelDebug.usf" 3141
"../../../Engine/Shaders/Private/HairStrands/HairStrandsComposition.usf" 3142
"../../../Engine/Shaders/Private/HairStrands/HairStrandsGBufferCommon.ush" 3143
"../../../Engine/Shaders/Private/GPUScene/GPUSceneDataManagement.usf" 3144
"../../../Engine/Shaders/Private/GPUSceneDebugRender.usf" 3145
"../../../Engine/Shaders/Private/GPUFeedbackCompaction.usf" 3146
"../../../Engine/Shaders/Private/GPUFastFourierTransform.usf" 3147
"../../../Engine/Shaders/Private/GPUFastFourierTransform2DCore.ush" 3148
"../../../Engine/Shaders/Private/GPUFastFourierTransformCore.ush" 3149
"../../../Engine/Shaders/Private/GPUBenchmark.usf" 3150
"../../../Engine/Shaders/Private/DistanceField/GlobalDistanceFieldDebug.usf" 3151
"../../../Engine/Shaders/Private/DistanceField/GlobalDistanceFieldUpdate.ush" 3152
"../../../Engine/Shaders/Private/DistanceField/GlobalDistanceFieldMip.usf" 3153
"../../../Engine/Shaders/Private/DistanceField/GlobalDistanceField.usf" 3154
"../../../Engine/Shaders/Private/DistanceField/GlobalDistanceFieldCompositeObjects.usf" 3155
"../../../Engine/Shaders/Private/DistanceField/GlobalDistanceFieldHeightfields.usf" 3156
"../../../Engine/Shaders/Private/HeightfieldLightingShared.ush" 3157
"../../../Engine/Shaders/Private/GenerateConservativeDepth.usf" 3158
"../../../Engine/Shaders/Private/HeightFogPixelShader.usf" 3159
"../../../Engine/Shaders/Private/HeightFogVertexShader.usf" 3160
"../../../Engine/Shaders/Private/DistortFiltering.usf" 3161
"../../../Engine/Shaders/Private/DistortAccumulatePS.usf" 3162
"../../../Engine/Shaders/Private/DistortAccumulateVS.usf" 3163
"../../../Engine/Shaders/Private/DistanceFieldVisualization.usf" 3164
"../../../Engine/Shaders/Private/DistanceFieldStreaming.usf" 3165
"../../../Engine/Shaders/Private/DistanceFieldShadowing.usf" 3166
"../../../Engine/Shaders/Private/DistanceFieldScreenGridLighting.usf" 3167
"../../../Engine/Shaders/Private/DistanceFieldObjectCulling.usf" 3168
"../../../Engine/Shaders/Private/DistanceFieldLightingPost.usf" 3169
"../../../Engine/Shaders/Private/DitheredTransitionStencil.usf" 3170
"../../../Engine/Shaders/Private/CopyDepthTexture.usf" 3171
"../../../Engine/Shaders/Private/CopyDepthTextureCS.usf" 3172
"../../../Engine/Shaders/Private/DeferredDecal.usf" 3173
"../../../Engine/Shaders/Private/DecalCommon.ush" 3174
"../../../Engine/Shaders/Private/DebugViewModeVertexShader.usf" 3175
"../../../Engine/Shaders/Private/DebugViewModeCommon.ush" 3176
"../../../Engine/Shaders/Private/DebugViewModePixelShader.usf" 3177
"../../../Engine/Shaders/Private/DebugProbes.usf" 3178
"../../../Engine/Shaders/Private/MeshDecals.usf" 3179
"../../../Engine/Shaders/Private/PostProcessAmbientOcclusion.usf" 3180
"../../../Engine/Shaders/Private/ClusteredDeferredShadingPixelShader.usf" 3181
"../../../Engine/Shaders/Private/ClusteredDeferredShadingVertexShader.usf" 3182
"../../../Engine/Shaders/Private/CapsuleShadowShaders.usf" 3183
"../../../Engine/Shaders/Private/BasePassPixelShader.usf" 3184
"../../../Engine/Shaders/Private/ForwardLightingCommon.ush" 3185
"../../../Engine/Shaders/Private/Substrate/SubstrateForwardLighting.ush" 3186
"../../../Engine/Shaders/Private/ComputeShaderOutputCommon.ush" 3187
"../../../Engine/Shaders/Private/BasePassVertexShader.usf" 3188
"../../../Engine/Shaders/Private/BasePassVertexCommon.ush" 3189
"../../../Engine/Shaders/Private/SimpleElementVolumeTexturePreviewPixelShader.usf" 3190
"../../../Engine/Shaders/Private/SimpleElementTexture2DPreviewPixelShader.usf" 3191
"../../../Engine/Shaders/Private/meshpaintdilatepixelshader.usf" 3192
"../../../Engine/Shaders/Private/meshpaintdilatevertexshader.usf" 3193
"../../../Engine/Shaders/Private/MeshPaintPixelShader.usf" 3194
"../../../Engine/Shaders/Private/MeshPaintVertexShader.usf" 3195
"../../../Engine/Shaders/Private/SlateElementPixelShader.usf" 3196
"../../../Engine/Shaders/Private/SlateShaderCommon.ush" 3197
"../../../Engine/Shaders/Private/SlateMaskingShader.usf" 3198
"../../../Engine/Shaders/Private/SlateVertexShader.usf" 3199
"../../../Engine/Shaders/Private/CompositeUIPixelShader.usf" 3200
"../../../Engine/Shaders/Private/ColorDeficiency.ush" 3201
"../../../Engine/Shaders/Private/SlatePostProcessColorDeficiencyPixelShader.usf" 3202
"../../../Engine/Shaders/Private/SlatePostProcessPixelShader.usf" 3203
"../../../Engine/Shaders/Private/Tools/VisualizeTexture.usf" 3204
"../../../Engine/Shaders/Private/UpdateDescriptorHandle.usf" 3205
"../../../Engine/Shaders/Private/ByteBuffer.usf" 3206
"../../../Engine/Shaders/Private/ShaderBundleWorkGraphDispatch.usf" 3207
"../../../Engine/Shaders/Private/ShaderBundleDispatch.usf" 3208
"../../../Engine/Shaders/Private/ResolveVertexShader.usf" 3209
"../../../Engine/Shaders/Private/ResolvePixelShader.usf" 3210
"../../../Engine/Shaders/Private/Tools/SetupIndirectArgs.usf" 3211
"../../../Engine/Shaders/Private/ClearReplacementShaders.usf" 3212
"../../../Engine/Shaders/Private/Tools/DrawTexture.usf" 3213
"../../../Engine/Shaders/Private/RayTracing/RayTracingValidation.usf" 3214
"../../../Engine/Shaders/Private/RenderGraphUtilities.usf" 3215
"../../../Engine/Shaders/Private/OneColorShader.usf" 3216
"../../../Engine/Shaders/Private/OculusShaders.usf" 3217
"../../../Engine/Shaders/Private/MediaShaders.usf" 3218
"../../../Engine/Shaders/Private/GPUMessaging.usf" 3219
"../../../Engine/Shaders/Private/Tools/GPUDebugCrashUtils.usf" 3220
"../../../Engine/Shaders/Private/NullPixelShader.usf" 3221
"../../../Engine/Shaders/Private/ComputeGenerateMips.usf" 3222
"../../../Engine/Shaders/Private/Tools/DumpTexture.usf" 3223
"../../../Engine/Shaders/Private/CopyTextureShaders.usf" 3224
"../../../Engine/Shaders/Private/Tools/FullscreenVertexShader.usf" 3225
"../../../Engine/Shaders/Private/RayTracing/RayTracingDispatchDesc.usf" 3226
"../../../Engine/Shaders/Private/Bink.usf" 3227
"../../../Engine/Shaders/Private/DepthOnlyPixelShader.usf" 3228
"../../../Engine/Shaders/Private/PositionOnlyDepthVertexShader.usf" 3229
"../../../Engine/Shaders/Private/DepthOnlyVertexShader.usf" 3230
"../../../Engine/Shaders/Private/AnisotropyPassShader.usf" 3231
"/Engine/EngineResources/WhiteSquareTexture" 3232
"../../../Engine/Content/EngineResources/WhiteSquareTexture.uasset" 3233
"/Engine/EngineResources/GradientTexture0" 3234
"../../../Engine/Content/EngineResources/GradientTexture0.uasset" 3235
"/Engine/EngineResources/Black" 3236
"../../../Engine/Content/EngineResources/Black.uasset" 3237
"/Engine/EditorResources/S_Actor" 3238
"../../../Engine/Content/EditorResources/S_Actor.uasset" 3239
"/Engine/EngineFonts/RobotoDistanceField" 3240
"../../../Engine/Content/EngineFonts/RobotoDistanceField.uasset" 3241
"/Engine/EngineMaterials/DefaultTextMaterialOpaque" 3242
"../../../Engine/Content/EngineMaterials/DefaultTextMaterialOpaque.uasset" 3243
"/Engine/Functions/Engine_MaterialFunctions01/Shading/PowerToRoughness" 3244
"../../../Engine/Content/Functions/Engine_MaterialFunctions01/Shading/PowerToRoughness.uasset" 3245
"/Engine/Functions/Engine_MaterialFunctions01/Shading/ConvertFromDiffSpec" 3246
"../../../Engine/Content/Functions/Engine_MaterialFunctions01/Shading/ConvertFromDiffSpec.uasset" 3247
"/Engine/EngineMaterials/WorldGridMaterial" 3248
"../../../Engine/Content/EngineMaterials/WorldGridMaterial.uasset" 3249
"../../../Engine/Content/Functions/Engine_MaterialFunctions01/Opacity/CameraDepthFade.uasset" 3250
"../../../Engine/Content/EngineMaterials/T_Default_Material_Grid_M.uasset" 3251
"../../../Engine/Content/EngineMaterials/T_Default_Material_Grid_N.uasset" 3252
"/Engine/EngineMaterials/DefaultDeferredDecalMaterial" 3253
"../../../Engine/Content/EngineMaterials/DefaultDeferredDecalMaterial.uasset" 3254
"../../../Engine/Content/EngineMaterials/DefaultDiffuse.uasset" 3255
"/Engine/EngineMaterials/DefaultLightFunctionMaterial" 3256
"../../../Engine/Content/EngineMaterials/DefaultLightFunctionMaterial.uasset" 3257
"/Engine/EngineMaterials/DefaultPostProcessMaterial" 3258
"../../../Engine/Content/EngineMaterials/DefaultPostProcessMaterial.uasset" 3259
"../../../Engine/Content/Functions/Engine_MaterialFunctions02/Utility/BreakOutFloat2Components.uasset" 3260
"/Engine/EditorResources/S_Trigger" 3261
"../../../Engine/Content/EditorResources/S_Trigger.uasset" 3262
"/Engine/EditorResources/S_BoxReflectionCapture" 3263
"../../../Engine/Content/EditorResources/S_BoxReflectionCapture.uasset" 3264
"/Engine/EngineResources/DefaultTexture" 3265
"../../../Engine/Content/EngineResources/DefaultTexture.uasset" 3266
"/Engine/EditorResources/S_TriggerBox" 3267
"../../../Engine/Content/EditorResources/S_TriggerBox.uasset" 3268
"/Engine/EditorResources/S_TriggerCapsule" 3269
"../../../Engine/Content/EditorResources/S_TriggerCapsule.uasset" 3270
"/Engine/EditorResources/S_TriggerSphere" 3271
"../../../Engine/Content/EditorResources/S_TriggerSphere.uasset" 3272
"/Engine/EngineMeshes/Sphere" 3273
"../../../Engine/Content/EngineMeshes/Sphere.uasset" 3274
"/Engine/EngineDamageTypes/DmgTypeBP_Environmental" 3275
"../../../Engine/Content/EngineDamageTypes/DmgTypeBP_Environmental.uasset" 3276
"/Engine/EngineResources/DefaultTextureCube" 3277
"../../../Engine/Content/EngineResources/DefaultTextureCube.uasset" 3278
"/Engine/EngineResources/DefaultVolumeTexture" 3279
"../../../Engine/Content/EngineResources/DefaultVolumeTexture.uasset" 3280
"../../../Engine/Content/EngineResources/DefaultVolumeTexture2D.uasset" 3281
"/Engine/EditorResources/S_Solver" 3282
"../../../Engine/Content/EditorResources/S_Solver.uasset" 3283
"/Engine/EngineDebugMaterials/VolumeToRender" 3284
"../../../Engine/Content/EngineDebugMaterials/VolumeToRender.uasset" 3285
"/Engine/EngineDebugMaterials/M_VolumeRenderSphereTracePP" 3286
"../../../Engine/Content/EngineDebugMaterials/M_VolumeRenderSphereTracePP.uasset" 3287
"../../../Engine/Content/Functions/Engine_MaterialFunctions02/Utility/CameraDirectionVector.uasset" 3288
"/Engine/EditorMeshes/Camera/SM_CraneRig_Base" 3289
"../../../Engine/Content/EditorMeshes/Camera/SM_CraneRig_Base.uasset" 3290
"../../../Engine/Content/EditorMaterials/Camera/MI_CineMat_Rig.uasset" 3291
"../../../Engine/Content/EditorMaterials/Camera/CineMat.uasset" 3292
"/Engine/EditorMeshes/Camera/SM_CraneRig_Arm" 3293
"../../../Engine/Content/EditorMeshes/Camera/SM_CraneRig_Arm.uasset" 3294
"/Engine/EditorMeshes/Camera/SM_CraneRig_Mount" 3295
"../../../Engine/Content/EditorMeshes/Camera/SM_CraneRig_Mount.uasset" 3296
"/Engine/EditorMeshes/Camera/SM_CraneRig_Body" 3297
"../../../Engine/Content/EditorMeshes/Camera/SM_CraneRig_Body.uasset" 3298
"/Engine/EditorMeshes/Camera/SM_RailRig_Track" 3299
"../../../Engine/Content/EditorMeshes/Camera/SM_RailRig_Track.uasset" 3300
"/Engine/EditorMeshes/Camera/SM_RailRig_Mount" 3301
"../../../Engine/Content/EditorMeshes/Camera/SM_RailRig_Mount.uasset" 3302
"/Engine/EditorLandscapeResources/SplineEditorMesh" 3303
"../../../Engine/Content/EditorLandscapeResources/SplineEditorMesh.uasset" 3304
"../../../Engine/Content/EditorLandscapeResources/SplineEditorMeshMat.uasset" 3305
"/HairStrands/Materials/HairDebugMaterial" 3306
"../../Plugins/Runtime/HairStrands/Content/Materials/HairDebugMaterial.uasset" 3307
"../../../Engine/Content/Functions/Engine_MaterialFunctions02/Utility/MakeFloat2.uasset" 3308
"../../../Engine/Content/Functions/Engine_MaterialFunctions02/Utility/MakeFloat3.uasset" 3309
"../../../Engine/Content/EngineMaterials/HairColorMap.uasset" 3310
"../../../Engine/Content/EngineMaterials/HairDebugColor.uasset" 3311
"../../Plugins/Runtime/HairStrands/Content/Materials/HairGroupColors.uasset" 3312
"/HairStrands/Materials/HairDefaultMaterial" 3313
"../../Plugins/Runtime/HairStrands/Content/Materials/HairDefaultMaterial.uasset" 3314
"/HairStrands/Materials/HairCardsDefaultMaterial" 3315
"../../Plugins/Runtime/HairStrands/Content/Materials/HairCardsDefaultMaterial.uasset" 3316
"/HairStrands/Materials/HairMeshesDefaultMaterial" 3317
"../../Plugins/Runtime/HairStrands/Content/Materials/HairMeshesDefaultMaterial.uasset" 3318
"/Engine/EngineMaterials/Widget3DPassThrough_Translucent" 3319
"../../../Engine/Content/EngineMaterials/Widget3DPassThrough_Translucent.uasset" 3320
"../../../Engine/Content/EngineMaterials/Widget3DPassThrough.uasset" 3321
"/Engine/EngineMaterials/Widget3DPassThrough_Translucent_OneSided" 3322
"../../../Engine/Content/EngineMaterials/Widget3DPassThrough_Translucent_OneSided.uasset" 3323
"/Engine/EngineMaterials/Widget3DPassThrough_Opaque" 3324
"../../../Engine/Content/EngineMaterials/Widget3DPassThrough_Opaque.uasset" 3325
"/Engine/EngineMaterials/Widget3DPassThrough_Opaque_OneSided" 3326
"../../../Engine/Content/EngineMaterials/Widget3DPassThrough_Opaque_OneSided.uasset" 3327
"/Engine/EngineMaterials/Widget3DPassThrough_Masked" 3328
"../../../Engine/Content/EngineMaterials/Widget3DPassThrough_Masked.uasset" 3329
"/Engine/EngineMaterials/Widget3DPassThrough_Masked_OneSided" 3330
"../../../Engine/Content/EngineMaterials/Widget3DPassThrough_Masked_OneSided.uasset" 3331
"/Engine/VREditor/ViewportInteractionAssetContainerData" 3332
"../../../Engine/Content/VREditor/ViewportInteractionAssetContainerData.uasset" 3333
"../../../Engine/Content/VREditor/SnapGrid/SnapGridMaterial.uasset" 3334
"../../../Engine/Content/VREditor/TransformGizmo/TransformGizmoMaterial_Inst.uasset" 3335
"../../../Engine/Content/VREditor/TransformGizmo/TranslucentTransformGizmoMaterial_Inst.uasset" 3336
"../../../Engine/Content/VREditor/SnapGrid/SnapGridPlaneMesh.uasset" 3337
"../../../Engine/Content/VREditor/Sounds/UI/Drop_Item_From_ContentBrowser.uasset" 3338
"../../../Engine/Content/VREditor/Sounds/UI/Gizmo_Handle_Clicked.uasset" 3339
"../../../Engine/Content/VREditor/Sounds/UI/Object_PickUp.uasset" 3340
"../../../Engine/Content/VREditor/Sounds/UI/Object_Snaps_To_Another_Actor.uasset" 3341
"../../../Engine/Content/VREditor/Sounds/UI/Object_Snaps_To_Grid.uasset" 3342
"../../../Engine/Content/VREditor/Sounds/UI/Scaling_Down.uasset" 3343
"../../../Engine/Content/VREditor/Sounds/UI/Scaling_Up.uasset" 3344
"../../../Engine/Content/VREditor/Sounds/UI/Selection_Changes.uasset" 3345
"../../../Engine/Content/VREditor/TransformGizmo/PlaneTranslationHandle.uasset" 3346
"../../../Engine/Content/VREditor/TransformGizmo/RotationHandleFull.uasset" 3347
"../../../Engine/Content/VREditor/TransformGizmo/RotationHandleIndicator.uasset" 3348
"../../../Engine/Content/VREditor/TransformGizmo/RotationHandleQuarter.uasset" 3349
"../../../Engine/Content/VREditor/TransformGizmo/StartRotationHandleIndicator.uasset" 3350
"../../../Engine/Content/VREditor/TransformGizmo/TransformGizmoFreeRotation.uasset" 3351
"../../../Engine/Content/VREditor/TransformGizmo/TranslateArrowHandle.uasset" 3352
"../../../Engine/Content/VREditor/TransformGizmo/UniformScaleHandle.uasset" 3353
"../../../Engine/Content/Functions/Engine_MaterialFunctions02/Math/Transform3x3Matrix.uasset" 3354
"../../../Engine/Content/Functions/Engine_MaterialFunctions02/SplitComponents.uasset" 3355
"../../../Engine/Content/VREditor/TransformGizmo/TransformGizmoMaterial.uasset" 3356
"../../../Engine/Content/VREditor/TransformGizmo/TranslucentTransformGizmoMaterial.uasset" 3357
"../../../Engine/Content/Functions/Engine_MaterialFunctions02/Utility/BreakOutFloat3Components.uasset" 3358
"../../../Engine/Content/VREditor/LaserPointer/VR_LaserPower_01.uasset" 3359
"/Engine/VREditor/TransformGizmo/BoundingBoxCorner" 3360
"../../../Engine/Content/VREditor/TransformGizmo/BoundingBoxCorner.uasset" 3361
"/Engine/VREditor/TransformGizmo/BoundingBoxEdge" 3362
"../../../Engine/Content/VREditor/TransformGizmo/BoundingBoxEdge.uasset" 3363
"/Engine/ArtTools/RenderToTexture/Meshes/S_1_Unit_Plane" 3364
"../../../Engine/Content/ArtTools/RenderToTexture/Meshes/S_1_Unit_Plane.uasset" 3365
"/Engine/EngineDebugMaterials/M_SimpleUnlitTranslucent" 3366
"../../../Engine/Content/EngineDebugMaterials/M_SimpleUnlitTranslucent.uasset" 3367
"/Engine/EngineFonts/Roboto" 3368
"../../../Engine/Content/EngineFonts/Roboto.uasset" 3369
"../../../Engine/Content/EngineFonts/Faces/DroidSansFallback.uasset" 3370
"../../../Engine/Content/EngineFonts/Faces/RobotoBold.uasset" 3371
"../../../Engine/Content/EngineFonts/Faces/RobotoBoldItalic.uasset" 3372
"../../../Engine/Content/EngineFonts/Faces/RobotoItalic.uasset" 3373
"../../../Engine/Content/EngineFonts/Faces/RobotoLight.uasset" 3374
"../../../Engine/Content/EngineFonts/Faces/RobotoRegular.uasset" 3375
"/Engine/EditorMaterials/ParticleSystems/PSysThumbnail_NoImage" 3376
"../../../Engine/Content/EditorMaterials/ParticleSystems/PSysThumbnail_NoImage.uasset" 3377
"/Engine/EditorMaterials/ParticleSystems/PSysThumbnail_OOD" 3378
"../../../Engine/Content/EditorMaterials/ParticleSystems/PSysThumbnail_OOD.uasset" 3379
"/Engine/EngineResources/LandscapeVisibilityLayerInfo" 3380
"../../../Engine/Content/EngineResources/LandscapeVisibilityLayerInfo.uasset" 3381
"../../../../../../Arcadia/Unreal/Projects/Ricochet2/Intermediate/ShaderAutogen/PCD3D_SM5/AutogenShaderHeaders.ush" 3382
"/ACLPlugin/ACLAnimBoneCompressionSettings" 3383
"../../Plugins/Animation/ACLPlugin/Content/ACLAnimBoneCompressionSettings.uasset" 3384
"/Engine/Animation/DefaultRecorderBoneCompression" 3385
"../../../Engine/Content/Animation/DefaultRecorderBoneCompression.uasset" 3386
"/ACLPlugin/ACLAnimCurveCompressionSettings" 3387
"../../Plugins/Animation/ACLPlugin/Content/ACLAnimCurveCompressionSettings.uasset" 3388
"/Engine/Animation/DefaultVariableFrameStrippingSettings" 3389
"../../../Engine/Content/Animation/DefaultVariableFrameStrippingSettings.uasset" 3390
"/ControlRig/Controls/ControlRigXRayMaterial" 3391
"../../Plugins/Animation/ControlRig/Content/Controls/ControlRigXRayMaterial.uasset" 3392
"/ControlRig/Controls/DefaultGizmoLibraryNormalized" 3393
"../../Plugins/Animation/ControlRig/Content/Controls/DefaultGizmoLibraryNormalized.uasset" 3394
"/Paper2D/MaskedUnlitSpriteMaterial" 3395
"../../Plugins/2D/Paper2D/Content/MaskedUnlitSpriteMaterial.uasset" 3396
"../../Plugins/2D/Paper2D/Content/DefaultSpriteMaterial.uasset" 3397
"../../Plugins/2D/Paper2D/Content/PlaceholderTextures/DummySpriteTexture.uasset" 3398
"/Paper2D/OpaqueUnlitSpriteMaterial" 3399
"../../Plugins/2D/Paper2D/Content/OpaqueUnlitSpriteMaterial.uasset" 3400
"/Paper2D/DefaultPaperTerrainMaterial" 3401
"../../Plugins/2D/Paper2D/Content/DefaultPaperTerrainMaterial.uasset" 3402
"../../Plugins/2D/Paper2D/Content/DummySprite.uasset" 3403
"/ControlRig/M_Manip" 3404
"../../Plugins/Animation/ControlRig/Content/M_Manip.uasset" 3405
"../../../Engine/Content/Functions/Engine_MaterialFunctions02/WorldPositionOffset/CameraOffset.uasset" 3406
"/AudioWidgets/Resources/ScrubHandleDown_Clamped" 3407
"../../Plugins/Runtime/AudioWidgets/Content/Resources/ScrubHandleDown_Clamped.uasset" 3408
"../../../Engine/Config/BaseUnrealInsightsSettings.ini" 3409
"/MediaPlate/SM_MediaPlateScreen" 3410
"../../Plugins/Media/MediaPlate/Content/SM_MediaPlateScreen.uasset" 3411
"../../../Engine/Intermediate/ProjectFiles/PrimaryProjectPath.txt" 3412
"/SpeedTreeImporter/SpeedTree9/SpeedTreeMaster" 3413
"../../Plugins/Editor/SpeedTreeImporter/Content/SpeedTree9/SpeedTreeMaster.uasset" 3414
"../../../Engine/Content/Functions/Engine_MaterialFunctions02/ObjectLocalBounds.uasset" 3415
"../../../Engine/Content/Functions/Engine_MaterialFunctions02/SafeNormalize.uasset" 3416
"../../../Engine/Content/Functions/Engine_MaterialFunctions02/Utility/VectorLength.uasset" 3417
"../../../Engine/Content/Functions/Engine_MaterialFunctions02/UVs/BoundingBoxBased_0-1_UVW.uasset" 3418
"../../../Engine/Content/Functions/Engine_MaterialFunctions02/WorldPositionOffset/ObjectScale.uasset" 3419
"../../Plugins/Editor/SpeedTreeImporter/Content/SpeedTree9/SpeedTreeBranchMotion.uasset" 3420
"../../Plugins/Editor/SpeedTreeImporter/Content/SpeedTree9/SpeedTreeCameraFacing.uasset" 3421
"../../Plugins/Editor/SpeedTreeImporter/Content/SpeedTree9/SpeedTreeWind.uasset" 3422
"../../Plugins/Editor/SpeedTreeImporter/Content/SpeedTree9/SpeedTreeWindMotion.uasset" 3423
"../../Plugins/Editor/SpeedTreeImporter/Content/SpeedTree9/UnpackDirection.uasset" 3424
"../../Plugins/Editor/SpeedTreeImporter/Content/SpeedTree9/UnpackInteger3.uasset" 3425
"../../Plugins/Editor/SpeedTreeImporter/Content/SpeedTree9/Empty.uasset" 3426
"../../Plugins/Editor/SpeedTreeImporter/Content/SpeedTree9/EmptyNormal.uasset" 3427
"../../Plugins/Editor/SpeedTreeImporter/Content/SpeedTree9/game_wind_noise.uasset" 3428
"/SpeedTreeImporter/SpeedTree9/SpeedTreeBillboardMaster" 3429
"../../Plugins/Editor/SpeedTreeImporter/Content/SpeedTree9/SpeedTreeBillboardMaster.uasset" 3430
"../../Plugins/Editor/SpeedTreeImporter/Content/SpeedTree9/SpeedTreeBillboard.uasset" 3431
"/Engine/BasicShapes/BasicShapeMaterial" 3432
"../../../Engine/Content/BasicShapes/BasicShapeMaterial.uasset" 3433
"/Engine/EditorMaterials/Dataflow/DataflowVertexMaterial" 3434
"../../../Engine/Content/EditorMaterials/Dataflow/DataflowVertexMaterial.uasset" 3435
"/Engine/EditorMaterials/Dataflow/DataflowTwoSidedVertexMaterial" 3436
"../../../Engine/Content/EditorMaterials/Dataflow/DataflowTwoSidedVertexMaterial.uasset" 3437
"/MeshModelingToolsetExp/Materials/PointSetOverlaidComponentMaterial" 3438
"../../Plugins/Experimental/MeshModelingToolsetExp/Content/Materials/PointSetOverlaidComponentMaterial.uasset" 3439
"../../../Engine/Content/Functions/Engine_MaterialFunctions02/Utility/FOV.uasset" 3440
"../../../Engine/Content/Functions/Engine_MaterialFunctions02/WorldPositionOffset/V2/ObjectScale.uasset" 3441
"../../../Engine/Content/Functions/Engine_MaterialFunctions03/Viewport/MF_OrthoWidth.uasset" 3442
"../../Plugins/Experimental/MeshModelingToolsetExp/Content/Materials/GetDisplacementVectorForDepthBias.uasset" 3443
"/Engine/EditorLandscapeResources/LayerVisMaterial" 3444
"../../../Engine/Content/EditorLandscapeResources/LayerVisMaterial.uasset" 3445
"../../../Engine/Content/EditorLandscapeResources/WhiteSquareTexture.uasset" 3446
"/Engine/EditorLandscapeResources/SelectBrushMaterial_Selected" 3447
"../../../Engine/Content/EditorLandscapeResources/SelectBrushMaterial_Selected.uasset" 3448
"../../../Engine/Content/EditorLandscapeResources/SelectBrushMaterial.uasset" 3449
"../../../Engine/Content/Functions/Engine_MaterialFunctions03/Math/WithinRangeFloat2.uasset" 3450
"../../../Engine/Content/EditorLandscapeResources/DefaultAlphaTexture.uasset" 3451
"/Engine/EditorLandscapeResources/SelectBrushMaterial_SelectedRegion" 3452
"../../../Engine/Content/EditorLandscapeResources/SelectBrushMaterial_SelectedRegion.uasset" 3453
"/Engine/EditorLandscapeResources/MaskBrushMaterial_MaskedRegion" 3454
"../../../Engine/Content/EditorLandscapeResources/MaskBrushMaterial_MaskedRegion.uasset" 3455
"../../../Engine/Content/EditorLandscapeResources/MaskBrushMaterial.uasset" 3456
"/Engine/EditorLandscapeResources/ColorMaskBrushMaterial_MaskedRegion" 3457
"../../../Engine/Content/EditorLandscapeResources/ColorMaskBrushMaterial_MaskedRegion.uasset" 3458
"../../../Engine/Content/EditorLandscapeResources/ColorMaskBrushMaterial.uasset" 3459
"/Engine/EditorLandscapeResources/LandscapeDirtyMaterial" 3460
"../../../Engine/Content/EditorLandscapeResources/LandscapeDirtyMaterial.uasset" 3461
"/Engine/EditorLandscapeResources/LandscapeLayerUsageMaterial" 3462
"../../../Engine/Content/EditorLandscapeResources/LandscapeLayerUsageMaterial.uasset" 3463
"../../../Engine/Content/Functions/Engine_MaterialFunctions01/Debug/DebugIntValues.uasset" 3464
"../../../Engine/Content/Functions/Engine_MaterialFunctions01/Texturing/ScaleUVsByCenter.uasset" 3465
"../../../Engine/Content/Functions/Engine_MaterialFunctions02/WorldPositionOffset/LocalPosition.uasset" 3466
"../../../Engine/Content/Functions/Engine_MaterialFunctions01/Texturing/TextureCropping.uasset" 3467
"../../../Engine/Content/Functions/Engine_MaterialFunctions02/ExampleContent/DebugNumberStrip.uasset" 3468
"C:/Users/whama/AppData/Local/UnrealEngine/Editor/UInteractiveToolsPresetCollectionAsset_DefaultCollection.json" 3469
"/Engine/EngineMaterials/NaniteHiddenSectionMaterial" 3470
"../../../Engine/Content/EngineMaterials/NaniteHiddenSectionMaterial.uasset" 3471
"/Engine/EngineMaterials/RemoveSurfaceMaterial" 3472
"../../../Engine/Content/EngineMaterials/RemoveSurfaceMaterial.uasset" 3473
"/Engine/EngineDebugMaterials/DebugMeshMaterial" 3474
"../../../Engine/Content/EngineDebugMaterials/DebugMeshMaterial.uasset" 3475
"/Engine/EngineMaterials/EmissiveMeshMaterial" 3476
"../../../Engine/Content/EngineMaterials/EmissiveMeshMaterial.uasset" 3477
"../../../Engine/Content/EngineMaterials/DefaultWhiteGrid_Low.uasset" 3478
"/Engine/EngineMaterials/M_InvalidLightmapSettings" 3479
"../../../Engine/Content/EngineMaterials/M_InvalidLightmapSettings.uasset" 3480
"../../../Engine/Content/EngineMaterials/InvalidLightmapSettings.uasset" 3481
"/Engine/EngineMaterials/GizmoMaterial" 3482
"../../../Engine/Content/EngineMaterials/GizmoMaterial.uasset" 3483
"/Engine/EngineMaterials/PhAT_JointLimitMaterial" 3484
"../../../Engine/Content/EngineMaterials/PhAT_JointLimitMaterial.uasset" 3485
"/Engine/EngineMaterials/FlattenMaterial" 3486
"../../../Engine/Content/EngineMaterials/FlattenMaterial.uasset" 3487
"../../../Engine/Content/EngineMaterials/BaseFlattenDiffuseMap.uasset" 3488
"../../../Engine/Content/EngineMaterials/BaseFlattenEmissiveMap.uasset" 3489
"../../../Engine/Content/EngineMaterials/BaseFlattenGrayscaleMap.uasset" 3490
"../../../Engine/Content/EngineMaterials/BaseFlattenLinearColor.uasset" 3491
"../../../Engine/Content/EngineMaterials/BaseFlattenNormalMap.uasset" 3492
"../../../Engine/Content/Functions/Engine_MaterialFunctions02/PivotPainter2/Black_1x1_EXR_Texture.uasset" 3493
"/Engine/EngineMaterials/FlattenMaterial_VT" 3494
"../../../Engine/Content/EngineMaterials/FlattenMaterial_VT.uasset" 3495
"../../../Engine/Content/EngineMaterials/BaseFlattenDiffuseMap_VT.uasset" 3496
"../../../Engine/Content/EngineMaterials/BaseFlattenEmissiveMap_VT.uasset" 3497
"../../../Engine/Content/EngineMaterials/BaseFlattenGrayscaleMap_VT.uasset" 3498
"../../../Engine/Content/EngineMaterials/BaseFlattenLinearColor_VT.uasset" 3499
"../../../Engine/Content/EngineMaterials/BaseFlattenNormalMap_VT.uasset" 3500
"../../../Engine/Content/EngineMaterials/Black_1x1_EXR_Texture_VT.uasset" 3501
"/Engine/EngineMaterials/FlattenMaterial_WS_Normal_VT" 3502
"../../../Engine/Content/EngineMaterials/FlattenMaterial_WS_Normal_VT.uasset" 3503
"/Engine/EngineMaterials/Good64x64TilingNoiseHighFreq" 3504
"../../../Engine/Content/EngineMaterials/Good64x64TilingNoiseHighFreq.uasset" 3505
"/Engine/EngineMaterials/DefaultBokeh" 3506
"../../../Engine/Content/EngineMaterials/DefaultBokeh.uasset" 3507
"/Engine/EngineMaterials/MiniFont" 3508
"../../../Engine/Content/EngineMaterials/MiniFont.uasset" 3509
"/Engine/EngineMaterials/WeightMapPlaceholderTexture" 3510
"../../../Engine/Content/EngineMaterials/WeightMapPlaceholderTexture.uasset" 3511
"/Engine/EngineMaterials/WeightMapArrayPlaceholderTexture" 3512
"../../../Engine/Content/EngineMaterials/WeightMapArrayPlaceholderTexture.uasset" 3513
"/Engine/EngineMaterials/DefaultWhiteGrid" 3514
"../../../Engine/Content/EngineMaterials/DefaultWhiteGrid.uasset" 3515
"/Engine/EngineMaterials/PreintegratedSkinBRDF" 3516
"../../../Engine/Content/EngineMaterials/PreintegratedSkinBRDF.uasset" 3517
"/Engine/EngineMaterials/LTC/GGX_LTCAmp" 3518
"../../../Engine/Content/EngineMaterials/LTC/GGX_LTCAmp.uasset" 3519
"/Engine/EngineMaterials/LTC/GGX_LTCMat" 3520
"../../../Engine/Content/EngineMaterials/LTC/GGX_LTCMat.uasset" 3521
"/Engine/EngineMaterials/LTC/Sheen_LTC" 3522
"../../../Engine/Content/EngineMaterials/LTC/Sheen_LTC.uasset" 3523
"/Engine/EngineMaterials/EnergyConservation/GGX_ReflectionEnergy" 3524
"../../../Engine/Content/EngineMaterials/EnergyConservation/GGX_ReflectionEnergy.uasset" 3525
"/Engine/EngineMaterials/EnergyConservation/GGX_TransmissionEnergyArray" 3526
"../../../Engine/Content/EngineMaterials/EnergyConservation/GGX_TransmissionEnergyArray.uasset" 3527
"/Engine/EngineMaterials/EnergyConservation/Sheen_Energy" 3528
"../../../Engine/Content/EngineMaterials/EnergyConservation/Sheen_Energy.uasset" 3529
"/Engine/EngineMaterials/EnergyConservation/Diffuse_Energy" 3530
"../../../Engine/Content/EngineMaterials/EnergyConservation/Diffuse_Energy.uasset" 3531
"/Engine/EngineMaterials/DefaultPhysicalMaterial" 3532
"../../../Engine/Content/EngineMaterials/DefaultPhysicalMaterial.uasset" 3533
"/Engine/EngineMaterials/DefaultDestructiblePhysicalMaterial" 3534
"../../../Engine/Content/EngineMaterials/DefaultDestructiblePhysicalMaterial.uasset" 3535
"/Niagara/ParameterDefinitions/CoreParameters" 3536
"../../Plugins/FX/Niagara/Content/ParameterDefinitions/CoreParameters.uasset" 3537
"/Niagara/ParameterDefinitions/DecalRenderer" 3538
"../../Plugins/FX/Niagara/Content/ParameterDefinitions/DecalRenderer.uasset" 3539
"/Niagara/ParameterDefinitions/LightRenderer" 3540
"../../Plugins/FX/Niagara/Content/ParameterDefinitions/LightRenderer.uasset" 3541
"/Niagara/ParameterDefinitions/MeshRenderer" 3542
"../../Plugins/FX/Niagara/Content/ParameterDefinitions/MeshRenderer.uasset" 3543
"/Niagara/ParameterDefinitions/RibbonRenderer" 3544
"../../Plugins/FX/Niagara/Content/ParameterDefinitions/RibbonRenderer.uasset" 3545
"/Niagara/ParameterDefinitions/SpriteRenderer" 3546
"../../Plugins/FX/Niagara/Content/ParameterDefinitions/SpriteRenderer.uasset" 3547
"/DeformerGraph/Deformers/DG_LinearBlendSkin_Morph_Cloth" 3548
"../../Plugins/Animation/DeformerGraph/Content/Deformers/DG_LinearBlendSkin_Morph_Cloth.uasset" 3549
"../../Plugins/Animation/DeformerGraph/Content/DeformerFunctions/DG_Function_LinearBlendSkin_Morph_Cloth.uasset" 3550
"/DeformerGraph/Deformers/DG_LinearBlendSkin_Morph_Cloth_RecomputeNormals" 3551
"../../Plugins/Animation/DeformerGraph/Content/Deformers/DG_LinearBlendSkin_Morph_Cloth_RecomputeNormals.uasset" 3552
"../../Plugins/Animation/DeformerGraph/Content/DeformerFunctions/DG_Function_ComputeNormalsTangents.uasset" 3553
"../../Plugins/Animation/DeformerGraph/Content/DeformerFunctions/DG_Function_LinearBlendSkin_Morph_Cloth_PositionOnly.uasset" 3554
"/Engine/EditorResources/SequenceRecorder/Countdown" 3555
"../../../Engine/Content/EditorResources/SequenceRecorder/Countdown.uasset" 3556
"/Engine/EditorResources/SequenceRecorder/RecordingIndicator" 3557
"../../../Engine/Content/EditorResources/SequenceRecorder/RecordingIndicator.uasset" 3558
"/Engine/EditorMaterials/PhAT_UnselectedMaterial" 3559
"../../../Engine/Content/EditorMaterials/PhAT_UnselectedMaterial.uasset" 3560
"/Engine/EditorMaterials/PhAT_NoCollisionMaterial" 3561
"../../../Engine/Content/EditorMaterials/PhAT_NoCollisionMaterial.uasset" 3562
"/Engine/BasicShapes/Cube" 3563
"../../../Engine/Content/BasicShapes/Cube.uasset" 3564
"/Engine/BasicShapes/Sphere" 3565
"../../../Engine/Content/BasicShapes/Sphere.uasset" 3566
"../../../Engine/Content/EngineMaterials/DefaultMaterial.uasset" 3567
"/Engine/BasicShapes/Cylinder" 3568
"../../../Engine/Content/BasicShapes/Cylinder.uasset" 3569
"/Engine/BasicShapes/Cone" 3570
"../../../Engine/Content/BasicShapes/Cone.uasset" 3571
"/Engine/BasicShapes/Plane" 3572
"../../../Engine/Content/BasicShapes/Plane.uasset" 3573
"../../../Engine/Documentation/Source/Shared/Types/ABrush/ABrush.INT.udn" 3574
"../../../Engine/Content/Internationalization/icudt64l/brkitr/en_US.res" 3575
"../../../Engine/Content/Internationalization/icudt64l/brkitr/en.res" 3576
"../../../Engine/Content/Internationalization/icudt64l/brkitr/root.res" 3577
"../../../Engine/Content/Internationalization/icudt64l/brkitr/char.brk" 3578
"../../../Engine/Content/Internationalization/icudt64l/brkitr/word.brk" 3579
"/Engine/EditorResources/S_Terrain" 3580
"../../../Engine/Content/EditorResources/S_Terrain.uasset" 3581
"../../../Engine/Plugins/FX/Niagara/Shaders/Private/NiagaraDataInterfaceTexture2DArrayTemplate.ush" 3582
"../../../Engine/Plugins/FX/Niagara/Shaders/Private/NiagaraDataInterfaceActorComponentTemplate.ush" 3583
"../../../Engine/Plugins/FX/Niagara/Shaders/Private/NiagaraDataInterfaceArrayTemplate.ush" 3584
"../../../Engine/Plugins/FX/Niagara/Shaders/Private/NiagaraDataInterfaceArrayRWTemplate.ush" 3585
"../../../Engine/Plugins/FX/Niagara/Shaders/Private/NiagaraDataInterfaceArrayDistributionIntTemplate.ush" 3586
"../../../Engine/Plugins/FX/Niagara/Shaders/Private/NiagaraDataInterfaceAsyncGpuTrace.ush" 3587
"../../../Engine/Plugins/FX/Niagara/Shaders/Private/NiagaraDataInterfaceAsyncGpuTraceTemplate.ush" 3588
"../../../Engine/Plugins/FX/Niagara/Shaders/Private/NiagaraDataInterfaceCamera.ush" 3589
"../../../Engine/Plugins/Experimental/ChaosNiagara/Shaders/NiagaraDataInterfaceChaosDestruction.ush" 3590
"../../../Engine/Plugins/FX/Niagara/Shaders/Private/NiagaraDataInterfaceCollisionQuery.ush" 3591
"C:/Arcadia/Unreal/Projects/Ricochet2/Intermediate/ShaderAutogen/PCD3D_SM5/AutogenShaderHeaders.ush" 3592
"../../../Engine/Plugins/FX/Niagara/Shaders/Private/NiagaraDataInterfaceCollisionQueryTemplate.ush" 3593
"../../../Engine/Plugins/FX/Niagara/Shaders/Private/NiagaraDataInterfaceCurveTemplate.ush" 3594
"../../../Engine/Plugins/FX/Niagara/Shaders/Private/NiagaraDataInterfaceCubeTextureTemplate.ush" 3595
"../../../Engine/Plugins/FX/Niagara/Shaders/Private/DataChannel/NiagaraDataInterfaceDataChannelCommon.ush" 3596
"../../../Engine/Plugins/FX/Niagara/Shaders/Private/DataChannel/NiagaraDataInterfaceDataChannelTemplateCommon.ush" 3597
"../../../Engine/Plugins/FX/Niagara/Shaders/Private/DataChannel/NiagaraDataInterfaceDataChannelTemplateReadCommon.ush" 3598
"../../../Engine/Plugins/FX/Niagara/Shaders/Private/DataChannel/NiagaraDataInterfaceDataChannelTemplate_Read.ush" 3599
"../../../Engine/Plugins/FX/Niagara/Shaders/Private/DataChannel/NiagaraDataInterfaceDataChannelTemplate_Consume.ush" 3600
"../../../Engine/Plugins/FX/Niagara/Shaders/Private/DataChannel/NiagaraDataInterfaceDataChannelTemplateWriteCommon.ush" 3601
"../../../Engine/Plugins/FX/Niagara/Shaders/Private/DataChannel/NiagaraDataInterfaceDataChannelTemplate_Append.ush" 3602
"../../../Engine/Plugins/FX/Niagara/Shaders/Private/NiagaraDataInterfaceDataTableTemplate.ush" 3603
"../../../Engine/Plugins/FX/Niagara/Shaders/Private/NiagaraDataInterfaceDebugDraw.ush" 3604
"../../../Engine/Plugins/FX/Niagara/Shaders/Private/NiagaraDataInterfaceDebugDrawTemplate.ush" 3605
"../../../Engine/Plugins/FX/Niagara/Shaders/Private/NiagaraDataInterfaceDynamicMeshTemplate.ush" 3606
"../../../Engine/Plugins/FX/Niagara/Shaders/Private/NiagaraDataInterfaceEmitterPropertiesTemplate.ush" 3607
"../../../Engine/Plugins/FX/Niagara/Shaders/Private/NiagaraDataInterfaceExportTemplate.ush" 3608
"../../../Engine/Plugins/FX/Niagara/Shaders/Private/NiagaraDataInterfaceGBufferTemplate.ush" 3609
"../../../Engine/Plugins/Experimental/ChaosNiagara/Shaders/NiagaraDataInterfaceGeometryCollection.ush" 3610
"../../../Engine/Plugins/FX/Niagara/Shaders/Private/NiagaraTransformUtils.ush" 3611
"../../../Engine/Plugins/Runtime/HairStrands/Shaders/Private/NiagaraStrandsExternalForce.ush" 3612
"../../../Engine/Plugins/Runtime/HairStrands/Shaders/Private/NiagaraHookeSpringMaterial.ush" 3613
"../../../Engine/Plugins/Runtime/HairStrands/Shaders/Private/NiagaraAngularSpringMaterial.ush" 3614
"../../../Engine/Plugins/Runtime/HairStrands/Shaders/Private/NiagaraConstantVolumeMaterial.ush" 3615
"../../../Engine/Plugins/Runtime/HairStrands/Shaders/Private/NiagaraCosseratRodMaterial.ush" 3616
"../../../Engine/Plugins/Runtime/HairStrands/Shaders/Private/NiagaraStaticCollisionConstraint.ush" 3617
"../../../Engine/Plugins/Runtime/HairStrands/Shaders/Private/NiagaraDataInterfaceHairStrands.ush" 3618
"../../../Engine/Plugins/Runtime/HairStrands/Shaders/Private/NiagaraDataInterfaceHairStrandsTemplate.ush" 3619
"../../../Engine/Plugins/FX/Niagara/Shaders/Private/NiagaraDataInterfaceIntRenderTarget2D.ush" 3620
"../../../Engine/Plugins/FX/Niagara/Shaders/Private/NiagaraDataInterfaceLandscape.ush" 3621
"../../../Engine/Plugins/FX/Niagara/Shaders/Private/NiagaraDataInterfaceMemoryBufferTemplate.ush" 3622
"../../../Engine/Plugins/FX/Niagara/Shaders/Private/NiagaraDataInterfaceMeshRendererInfoTemplate.ush" 3623
"../../../Engine/Plugins/FX/Niagara/Shaders/Private/NiagaraDataInterfaceOcclusion.ush" 3624
"../../../Engine/Plugins/FX/Niagara/Shaders/Private/NiagaraDataInterfacePhysicsAsset.ush" 3625
"../../../Engine/Plugins/Experimental/ChaosNiagara/Shaders/NiagaraDataInterfacePhysicsField.ush" 3626
"../../../Engine/Plugins/FX/Niagara/Shaders/Private/NiagaraDataInterfacePlatformSetTemplate.ush" 3627
"../../../Engine/Plugins/Runtime/HairStrands/Shaders/Private/NiagaraDataInterfaceVelocityGrid.ush" 3628
"../../../Engine/Plugins/Runtime/HairStrands/Shaders/Private/NiagaraDataInterfaceVelocityGridTemplate.ush" 3629
"../../../Engine/Plugins/Runtime/HairStrands/Shaders/Private/NiagaraDataInterfacePressureGrid.ush" 3630
"../../../Engine/Plugins/Runtime/HairStrands/Shaders/Private/NiagaraDataInterfacePressureGridTemplate.ush" 3631
"../../../Engine/Plugins/FX/Niagara/Shaders/Private/NiagaraDataInterfaceRenderTarget2DTemplate.ush" 3632
"../../../Engine/Plugins/FX/Niagara/Shaders/Private/NiagaraDataInterfaceRenderTarget2DArrayTemplate.ush" 3633
"../../../Engine/Plugins/FX/Niagara/Shaders/Private/NiagaraDataInterfaceRenderTargetCubeTemplate.ush" 3634
"../../../Engine/Plugins/FX/Niagara/Shaders/Private/NiagaraDataInterfaceRenderTargetVolumeTemplate.ush" 3635
"../../../Engine/Plugins/FX/Niagara/Shaders/Private/NiagaraDataInterfaceRigidMeshCollisionQuery.ush" 3636
"../../../Engine/Plugins/FX/Niagara/Shaders/Private/NiagaraDistanceFieldQueries.ush" 3637
"../../../Engine/Plugins/FX/Niagara/Shaders/Private/NiagaraDataInterfaceSceneCapture2DTemplate.ush" 3638
"../../../Engine/Plugins/FX/Niagara/Shaders/Private/NiagaraDataInterfaceSimCacheReaderTemplate.ush" 3639
"../../../Engine/Plugins/FX/Niagara/Shaders/Private/NiagaraDataInterfaceSimpleCounterTemplate.ush" 3640
"../../../Engine/Plugins/FX/Niagara/Shaders/Private/NiagaraDataInterfaceSkeletalMesh.ush" 3641
"../../../Engine/Plugins/FX/Niagara/Shaders/Private/NiagaraBaryCentricUtils.ush" 3642
"../../../Engine/Plugins/FX/Niagara/Shaders/Private/NiagaraDataInterfaceSkeletalMeshTemplate.ush" 3643
"../../../Engine/Plugins/FX/Niagara/Shaders/Private/NiagaraDataInterfaceSocketReaderTemplate.ush" 3644
"../../../Engine/Plugins/FX/Niagara/Shaders/Private/NiagaraDataInterfaceSparseVolumeTextureTemplate.ush" 3645
"../../../Engine/Plugins/FX/Niagara/Shaders/Private/NiagaraDataInterfaceSplineTemplate.ush" 3646
"../../../Engine/Plugins/FX/Niagara/Shaders/Private/NiagaraDataInterfaceSpriteRendererInfoTemplate.ush" 3647
"../../../Engine/Plugins/FX/Niagara/Shaders/Private/NiagaraDataInterfaceStaticMeshTemplate.ush" 3648
"../../../Engine/Plugins/FX/Niagara/Shaders/Private/NiagaraDataInterfaceTextureTemplate.ush" 3649
"../../../Engine/Plugins/FX/Niagara/Shaders/Private/NiagaraDataInterfaceVirtualTexture.ush" 3650
"../../../Engine/Plugins/FX/Niagara/Shaders/Private/NiagaraDataInterfaceVirtualTextureTemplate.ush" 3651
"../../../Engine/Plugins/FX/Niagara/Shaders/Private/NiagaraDataInterfaceVirtualTextureSampleTemplate.ush" 3652
"../../../Engine/Plugins/FX/Niagara/Shaders/Private/NiagaraDataInterfaceVolumeCache.ush" 3653
"../../../Engine/Plugins/FX/Niagara/Shaders/Private/NiagaraDataInterfaceVolumeTextureTemplate.ush" 3654
"C:/Users/whama/AppData/Local/Temp/UnrealShaderWorkingDir/4A7B91C24B889BABD9B0F584E5476D90/11/WorkerOutputOnly.out" 3655
"C:/Users/whama/AppData/Local/Temp/UnrealShaderWorkingDir/4A7B91C24B889BABD9B0F584E5476D90/12/WorkerOutputOnly.out" 3656
"C:/Users/whama/AppData/Local/Temp/UnrealShaderWorkingDir/4A7B91C24B889BABD9B0F584E5476D90/3/WorkerOutputOnly.out" 3657
"C:/Users/whama/AppData/Local/Temp/UnrealShaderWorkingDir/4A7B91C24B889BABD9B0F584E5476D90/16/WorkerOutputOnly.out" 3658
"C:/Users/whama/AppData/Local/Temp/UnrealShaderWorkingDir/4A7B91C24B889BABD9B0F584E5476D90/6/WorkerOutputOnly.out" 3659
"C:/Users/whama/AppData/Local/Temp/UnrealShaderWorkingDir/4A7B91C24B889BABD9B0F584E5476D90/4/WorkerOutputOnly.out" 3660
"C:/Users/whama/AppData/Local/Temp/UnrealShaderWorkingDir/4A7B91C24B889BABD9B0F584E5476D90/5/WorkerOutputOnly.out" 3661
"C:/Users/whama/AppData/Local/Temp/UnrealShaderWorkingDir/4A7B91C24B889BABD9B0F584E5476D90/7/WorkerOutputOnly.out" 3662
"C:/Users/whama/AppData/Local/Temp/UnrealShaderWorkingDir/4A7B91C24B889BABD9B0F584E5476D90/10/WorkerOutputOnly.out" 3663
"C:/Users/whama/AppData/Local/Temp/UnrealShaderWorkingDir/4A7B91C24B889BABD9B0F584E5476D90/8/WorkerOutputOnly.out" 3664
"C:/Users/whama/AppData/Local/Temp/UnrealShaderWorkingDir/4A7B91C24B889BABD9B0F584E5476D90/2/WorkerOutputOnly.out" 3665
"C:/Users/whama/AppData/Local/Temp/UnrealShaderWorkingDir/4A7B91C24B889BABD9B0F584E5476D90/9/WorkerOutputOnly.out" 3666
"C:/Users/whama/AppData/Local/Temp/UnrealShaderWorkingDir/4A7B91C24B889BABD9B0F584E5476D90/1/WorkerOutputOnly.out" 3667
"C:/Users/whama/AppData/Local/Temp/UnrealShaderWorkingDir/4A7B91C24B889BABD9B0F584E5476D90/27/WorkerOutputOnly.out" 3668
"C:/Users/whama/AppData/Local/Temp/UnrealShaderWorkingDir/4A7B91C24B889BABD9B0F584E5476D90/28/WorkerOutputOnly.out" 3669
"C:/Users/whama/AppData/Local/Temp/UnrealShaderWorkingDir/4A7B91C24B889BABD9B0F584E5476D90/0/WorkerOutputOnly.out" 3670
"C:/Users/whama/AppData/Local/Temp/UnrealShaderWorkingDir/4A7B91C24B889BABD9B0F584E5476D90/15/WorkerOutputOnly.out" 3671
"C:/Users/whama/AppData/Local/Temp/UnrealShaderWorkingDir/4A7B91C24B889BABD9B0F584E5476D90/14/WorkerOutputOnly.out" 3672
"C:/Users/whama/AppData/Local/Temp/UnrealShaderWorkingDir/4A7B91C24B889BABD9B0F584E5476D90/24/WorkerOutputOnly.out" 3673
"C:/Users/whama/AppData/Local/Temp/UnrealShaderWorkingDir/4A7B91C24B889BABD9B0F584E5476D90/13/WorkerOutputOnly.out" 3674
"C:/Users/whama/AppData/Local/Temp/UnrealShaderWorkingDir/4A7B91C24B889BABD9B0F584E5476D90/23/WorkerOutputOnly.out" 3675
"C:/Users/whama/AppData/Local/Temp/UnrealShaderWorkingDir/4A7B91C24B889BABD9B0F584E5476D90/21/WorkerOutputOnly.out" 3676
"C:/Users/whama/AppData/Local/Temp/UnrealShaderWorkingDir/4A7B91C24B889BABD9B0F584E5476D90/25/WorkerOutputOnly.out" 3677
"C:/Users/whama/AppData/Local/Temp/UnrealShaderWorkingDir/4A7B91C24B889BABD9B0F584E5476D90/26/WorkerOutputOnly.out" 3678
"C:/Users/whama/AppData/Local/Temp/UnrealShaderWorkingDir/4A7B91C24B889BABD9B0F584E5476D90/17/WorkerOutputOnly.out" 3679
"C:/Users/whama/AppData/Local/Temp/UnrealShaderWorkingDir/4A7B91C24B889BABD9B0F584E5476D90/19/WorkerOutputOnly.out" 3680
"C:/Users/whama/AppData/Local/Temp/UnrealShaderWorkingDir/4A7B91C24B889BABD9B0F584E5476D90/18/WorkerOutputOnly.out" 3681
"C:/Users/whama/AppData/Local/Temp/UnrealShaderWorkingDir/4A7B91C24B889BABD9B0F584E5476D90/20/WorkerOutputOnly.out" 3682
"C:/Users/whama/AppData/Local/Temp/UnrealShaderWorkingDir/4A7B91C24B889BABD9B0F584E5476D90/22/WorkerOutputOnly.out" 3683
"C:/Arcadia/Unreal/Projects/Ricochet2/Content/RicochetContent/Blueprints/Interactables/BP_LaserButton.uasset" 3684
"C:/Arcadia/Unreal/Projects/Ricochet2/Content/RicochetContent/Materials/MI_LaserButtonActivated.uasset" 3685
"C:/Arcadia/Unreal/Projects/Ricochet2/Content/RicochetContent/Blueprints/Interactables/BP_SplineMover.uasset" 3686
"C:/Arcadia/Unreal/Projects/Ricochet2/Content/RicochetContent/Blueprints/Enemies/AI/Tasks/BTT_Unfocus.uasset" 3687
"C:/Arcadia/Unreal/Projects/Ricochet2/Content/RicochetContent/Blueprints/Enemies/AI/Tasks/BTT_MoveToLOS.uasset" 3688
"C:/Arcadia/Unreal/Projects/Ricochet2/Content/RicochetContent/Blueprints/Enemies/AI/Tasks/BTT_SetMovementSpeed.uasset" 3689
"C:/Arcadia/Unreal/Projects/Ricochet2/Content/RicochetContent/Blueprints/Enemies/AI/Tasks/BTT_Attack.uasset" 3690
"C:/Arcadia/Unreal/Projects/Ricochet2/Content/RicochetContent/Materials/MI_InvincibleManny_02.uasset" 3691
"C:/Arcadia/Unreal/Projects/Ricochet2/Content/RicochetContent/Blueprints/UI/HUD_RicochetHUD.uasset" 3692
"C:/Arcadia/Unreal/Projects/Ricochet2/Content/RicochetContent/Blueprints/Interactables/BP_MoveableMirror.uasset" 3693
"C:/Arcadia/Unreal/Projects/Ricochet2/Content/RicochetContent/Input/IMC_Player.uasset" 3694
"C:/Arcadia/Unreal/Projects/Ricochet2/Content/RicochetContent/Blueprints/BP_RicochetPlayerController.uasset" 3695
"C:/Arcadia/Unreal/Projects/Ricochet2/Content/RicochetContent/Input/Actions/IA_Pause.uasset" 3696
"C:/Arcadia/Unreal/Projects/Ricochet2/Content/RicochetContent/Blueprints/UI/WB_PauseMenu.uasset" 3697
"C:/Arcadia/Unreal/Projects/Ricochet2/Content/RicochetContent/Blueprints/Enemies/AI/Tasks/BTT_SetPassiveState.uasset" 3698
"C:/Arcadia/Unreal/Projects/Ricochet2/Content/RicochetContent/Blueprints/Interactables/BP_Door.uasset" 3699
"C:/Arcadia/Unreal/Projects/Ricochet2/Content/RicochetContent/Materials/MI_InvincibleManny_01.uasset" 3700
"C:/Arcadia/Unreal/Projects/Ricochet2/Content/RicochetContent/Blueprints/Interactables/BPC_Trigger.uasset" 3701
"C:/Arcadia/Unreal/Projects/Ricochet2/Content/RicochetContent/Textures/Crosshair.uasset" 3702
"C:/Arcadia/Unreal/Projects/Ricochet2/Content/RicochetContent/Materials/Light.uasset" 3703
"C:/Arcadia/Unreal/Projects/Ricochet2/Content/RicochetContent/Blueprints/Enemies/BP_InvincibleEnemy.uasset" 3704
"C:/Arcadia/Unreal/Projects/Ricochet2/Content/RicochetContent/Blueprints/UI/WB_GameHUD.uasset" 3705
"C:/Arcadia/Unreal/Projects/Ricochet2/Content/RicochetContent/Audio/Button.uasset" 3706
"C:/Arcadia/Unreal/Projects/Ricochet2/Content/RicochetContent/Blueprints/CeilingLight.uasset" 3707
"C:/Arcadia/Unreal/Projects/Ricochet2/Content/RicochetContent/Blueprints/BP_LevelPortal.uasset" 3708
"C:/Arcadia/Unreal/Projects/Ricochet2/Content/RicochetContent/Blueprints/BP_RicochetGameMode.uasset" 3709
"C:/Arcadia/Unreal/Projects/Ricochet2/Content/RicochetContent/Blueprints/Interactables/BPI_Triggerable.uasset" 3710
"C:/Arcadia/Unreal/Projects/Ricochet2/Content/RicochetContent/Effects/NS_PortalEffects.uasset" 3711
"C:/Arcadia/Unreal/Projects/Ricochet2/Content/RicochetContent/Blueprints/UI/WB_WinText.uasset" 3712
"C:/Arcadia/Unreal/Projects/Ricochet2/Content/RicochetContent/Materials/MI_LaserButtonDeactivated.uasset" 3713
"C:/Arcadia/Unreal/Projects/Ricochet2/Content/RicochetContent/Blueprints/Enemies/AI/Tasks/BTT_MoveAlongPatrolRoute.uasset" 3714
"C:/Arcadia/Unreal/Projects/Ricochet2/Content/RicochetContent/Levels/LevelThree_BuiltData.uasset" 3715
"/Game/RicochetContent/Levels/LevelThree_BuiltData" 3716
"/Game/RicochetContent/Blueprints/Interactables/BP_MoveableMirror" 3717
"../../../../../../Arcadia/Unreal/Projects/Ricochet2/Content/RicochetContent/Blueprints/BP_Mirror.uasset" 3718
"../../../../../../Arcadia/Unreal/Projects/Ricochet2/Content/RicochetContent/Blueprints/BPI_Reflective.uasset" 3719
"../../../../../../Arcadia/Unreal/Projects/Ricochet2/Content/RicochetContent/Materials/Mirror.uasset" 3720
"../../../../../../Arcadia/Unreal/Projects/Ricochet2/Content/LevelPrototyping/Materials/MI_DefaultColorway.uasset" 3721
"../../../../../../Arcadia/Unreal/Projects/Ricochet2/Content/LevelPrototyping/Materials/M_FlatCol.uasset" 3722
"/Game/RicochetContent/Materials/MI_LaserButtonDeactivated" 3723
"../../../../../../Arcadia/Unreal/Projects/Ricochet2/Content/RicochetContent/Materials/M_EmmissiveMaterial.uasset" 3724
"/Game/RicochetContent/Materials/MI_LaserButtonActivated" 3725
"/Game/RicochetContent/Audio/Button" 3726
"/Game/RicochetContent/Blueprints/Interactables/BP_LaserButton" 3727
"../../../../../../Arcadia/Unreal/Projects/Ricochet2/Content/RicochetContent/Blueprints/BP_Laser.uasset" 3728
"../../../../../../Arcadia/Unreal/Projects/Ricochet2/Content/RicochetContent/Audio/Fade.uasset" 3729
"../../../Engine/Content/EditorBlueprintResources/StandardMacros.uasset" 3730
"../../../../../../Arcadia/Unreal/Projects/Ricochet2/Content/RicochetContent/Blueprints/BP_RicochetCharacter.uasset" 3731
"../../../../../../Arcadia/Unreal/Projects/Ricochet2/Content/RicochetContent/Blueprints/BPI_Damageable.uasset" 3732
"../../../../../../Arcadia/Unreal/Projects/Ricochet2/Content/RicochetContent/Materials/MI_Laser.uasset" 3733
"../../../../../../Arcadia/Unreal/Projects/Ricochet2/Content/RicochetContent/Effects/NS_LaserTrail.uasset" 3734
"../../Plugins/FX/Niagara/Content/DefaultAssets/Templates/Systems/DirectionalBurst.uasset" 3735
"../../../Engine/Content/VREditor/Sounds/UI/Laser_Push.uasset" 3736
"../../../../../../Arcadia/Unreal/Projects/Ricochet2/Content/RicochetContent/Audio/MirrorReflect.uasset" 3737
"../../../../../../Arcadia/Unreal/Projects/Ricochet2/Content/RicochetContent/Animations/ABP_TP_RicochetPistol.uasset" 3738
"../../../../../../Arcadia/Unreal/Projects/Ricochet2/Content/RicochetContent/Blueprints/Weapons/BP_Pistol.uasset" 3739
"../../../../../../Arcadia/Unreal/Projects/Ricochet2/Content/RicochetContent/Blueprints/Weapons/BP_Weapon.uasset" 3740
"../../Plugins/FX/Niagara/Content/DefaultAssets/Templates/Systems/SimpleExplosion.uasset" 3741
"../../../../../../Arcadia/Unreal/Projects/Ricochet2/Content/Characters/Mannequins/Meshes/SKM_Quinn_Simple.uasset" 3742
"../../../../../../Arcadia/Unreal/Projects/Ricochet2/Content/RicochetContent/Audio/DeathSound.uasset" 3743
"../../Plugins/FX/Niagara/Content/DefaultAssets/DefaultRIbbonMaterial.uasset" 3744
"../../Plugins/FX/Niagara/Content/Modules/Emitter/EmitterState.uasset" 3745
"../../Plugins/FX/Niagara/Content/Modules/Emitter/SpawnRate.uasset" 3746
"../../Plugins/FX/Niagara/Content/Modules/Spawn/Initialization/V2/InitializeParticle.uasset" 3747
"../../Plugins/FX/Niagara/Content/Modules/Spawn/Velocity/AddVelocity.uasset" 3748
"../../Plugins/FX/Niagara/Content/Modules/System/SystemState.uasset" 3749
"../../Plugins/FX/Niagara/Content/Modules/Update/Color/Color.uasset" 3750
"../../Plugins/FX/Niagara/Content/Modules/Update/Lifetime/ParticleState.uasset" 3751
"../../Plugins/FX/Niagara/Content/Enums/Angles/ENiagara_AngleInput.uasset" 3752
"../../Plugins/FX/Niagara/Content/Enums/ENiagara_ColorInitializationMode.uasset" 3753
"../../Plugins/FX/Niagara/Content/Enums/ENiagara_EmitterStateOptions.uasset" 3754
"../../Plugins/FX/Niagara/Content/Enums/ENiagara_InfiniteLoopDuration.uasset" 3755
"../../Plugins/FX/Niagara/Content/Enums/ENiagara_LifetimeMode.uasset" 3756
"../../Plugins/FX/Niagara/Content/Enums/ENiagara_MassInitializationMode.uasset" 3757
"../../Plugins/FX/Niagara/Content/Enums/ENiagara_PositionInitializationMode.uasset" 3758
"../../Plugins/FX/Niagara/Content/Enums/ENiagara_SizeScaleMode.uasset" 3759
"../../Plugins/FX/Niagara/Content/Enums/ENiagara_SpriteRotationMode.uasset" 3760
"../../Plugins/FX/Niagara/Content/Enums/ENiagara_UVFlippingMode.uasset" 3761
"../../Plugins/FX/Niagara/Content/Enums/ENiagaraChannelCorrelation.uasset" 3762
"../../Plugins/FX/Niagara/Content/Enums/ENiagaraEmitterLifeCycleMode.uasset" 3763
"../../Plugins/FX/Niagara/Content/Enums/ENiagaraEmitterScalabilityMode_Limited.uasset" 3764
"../../Plugins/FX/Niagara/Content/Enums/ENiagaraInactiveMode.uasset" 3765
"../../Plugins/FX/Niagara/Content/Enums/ENiagaraRandomnessMode.uasset" 3766
"../../Plugins/FX/Niagara/Content/Enums/ENiagaraSystemInactiveMode.uasset" 3767
"../../Plugins/FX/Niagara/Content/Enums/Ribbons/ENiagara_UnsetDirectSet.uasset" 3768
"../../Plugins/FX/Niagara/Content/Enums/Ribbons/ENiagara_UnsetDirectSetRandom.uasset" 3769
"../../Plugins/FX/Niagara/Content/Enums/Transforms/ENiagara_RotationMode.uasset" 3770
"../../Plugins/FX/Niagara/Content/Enums/Utility/ENiagara_VelocityMode.uasset" 3771
"../../Plugins/FX/Niagara/Content/DefaultAssets/DefaultSpriteMaterial.uasset" 3772
"../../Plugins/FX/Niagara/Content/DynamicInputs/UniformRange/V2/RandomRangeFloat.uasset" 3773
"../../Plugins/FX/Niagara/Content/DynamicInputs/ValueFromCurve/FloatFromCurve.uasset" 3774
"../../Plugins/FX/Niagara/Content/Modules/Emitter/SpawnBurst_Instantaneous.uasset" 3775
"../../Plugins/FX/Niagara/Content/Modules/Events/GenerateLocationEvent.uasset" 3776
"../../Plugins/FX/Niagara/Content/Modules/Events/ReceiveLocationEvent.uasset" 3777
"../../Plugins/FX/Niagara/Content/Modules/Solvers/SolveForcesAndVelocity.uasset" 3778
"../../Plugins/FX/Niagara/Content/Modules/Spawn/Velocity/AddVelocityInCone.uasset" 3779
"../../Plugins/FX/Niagara/Content/Modules/Update/Color/ScaleColor.uasset" 3780
"../../Plugins/FX/Niagara/Content/Modules/Update/Forces/Drag.uasset" 3781
"../../Plugins/FX/Niagara/Content/Modules/Update/Forces/GravityForce.uasset" 3782
"../../Plugins/FX/Niagara/Content/Modules/Update/Size/ScaleSpriteSizeBySpeed.uasset" 3783
"../../Plugins/FX/Niagara/Content/Enums/ENiagara_AttributeSamplingApplyOutput.uasset" 3784
"../../Plugins/FX/Niagara/Content/Enums/ENiagaraRandomnessEvaluation.uasset" 3785
"../../Plugins/FX/Niagara/Content/Enums/ENiagaraScaleColorMode.uasset" 3786
"../../Plugins/FX/Niagara/Content/Enums/Events/ENiagara_LocEventType.uasset" 3787
"../../../../../../Arcadia/Unreal/Projects/Ricochet2/Content/RicochetContent/Animations/Pistol/Aim/AO_Pistol.uasset" 3788
"../../../../../../Arcadia/Unreal/Projects/Ricochet2/Content/Characters/Mannequins/Anims/Unarmed/Jump/MM_Fall_Loop.uasset" 3789
"../../../../../../Arcadia/Unreal/Projects/Ricochet2/Content/Characters/Mannequins/Anims/Unarmed/Jump/MM_Jump.uasset" 3790
"../../../../../../Arcadia/Unreal/Projects/Ricochet2/Content/Characters/Mannequins/Anims/Unarmed/Jump/MM_Land.uasset" 3791
"../../../../../../Arcadia/Unreal/Projects/Ricochet2/Content/Characters/Mannequins/Anims/Unarmed/MM_Idle.uasset" 3792
"../../../../../../Arcadia/Unreal/Projects/Ricochet2/Content/RicochetContent/Animations/Pistol/MF_Pistol_Idle_ADS.uasset" 3793
"../../../../../../Arcadia/Unreal/Projects/Ricochet2/Content/Characters/Mannequins/Anims/Unarmed/BS_Idle_Walk_Run.uasset" 3794
"../../../../../../Arcadia/Unreal/Projects/Ricochet2/Content/Characters/Mannequins/Meshes/SK_Mannequin.uasset" 3795
"../../../../../../Arcadia/Unreal/Projects/Ricochet2/Content/Weapons/Pistol/Meshes/SM_Pistol.uasset" 3796
"../../../../../../Arcadia/Unreal/Projects/Ricochet2/Content/RicochetContent/Animations/Pistol/MM_Pistol_Fire_Montage.uasset" 3797
"../../../../../../Arcadia/Unreal/Projects/Ricochet2/Content/RicochetContent/Audio/Shoot.uasset" 3798
"../../Plugins/FX/Niagara/Content/DefaultAssets/M_Gnomon_Alpha.uasset" 3799
"../../Plugins/FX/Niagara/Content/DynamicInputs/TypeConversions/Vector2DFromFloat.uasset" 3800
"../../Plugins/FX/Niagara/Content/DynamicInputs/TypeConversions/VectorFromFloat.uasset" 3801
"../../Plugins/FX/Niagara/Content/Modules/Spawn/Location/V2/ShapeLocation.uasset" 3802
"../../Plugins/FX/Niagara/Content/Modules/Update/Size/ScaleMeshSize.uasset" 3803
"../../Plugins/FX/Niagara/Content/Modules/Update/Size/ScaleSpriteSize.uasset" 3804
"../../Plugins/FX/Niagara/Content/DefaultAssets/S_Arrow.uasset" 3805
"../../Plugins/FX/Niagara/Content/Enums/ENiagaraShapeTorusMode.uasset" 3806
"../../Plugins/FX/Niagara/Content/Enums/ENiagaraSphereDistributionMode.uasset" 3807
"../../Plugins/FX/Niagara/Content/Enums/ENiagaraTorusDistributionMode.uasset" 3808
"../../Plugins/FX/Niagara/Content/Enums/Location/ENiagara_BoxPlaneMode.uasset" 3809
"../../Plugins/FX/Niagara/Content/Enums/Location/ENiagara_ConeMode.uasset" 3810
"../../Plugins/FX/Niagara/Content/Enums/Location/ENiagara_CylinderMode.uasset" 3811
"../../Plugins/FX/Niagara/Content/Enums/Location/ENiagara_LocationShapes.uasset" 3812
"../../Plugins/FX/Niagara/Content/Enums/Location/ENiagaraRingDiscMode.uasset" 3813
"../../Plugins/FX/Niagara/Content/Enums/Transforms/ENiagara_OffsetMode.uasset" 3814
"../../Plugins/FX/Niagara/Content/Enums/Transforms/ENiagara_ScaleMode.uasset" 3815
"../../Plugins/FX/Niagara/Content/Enums/Transforms/ENiagara_TransformOrder.uasset" 3816
"../../Plugins/FX/Niagara/Content/Enums/Transforms/ENiagara_TransformType.uasset" 3817
"../../../../../../Arcadia/Unreal/Projects/Ricochet2/Content/Characters/Mannequins/Materials/Quinn/MI_Quinn_01.uasset" 3818
"../../../../../../Arcadia/Unreal/Projects/Ricochet2/Content/Characters/Mannequins/Materials/Quinn/MI_Quinn_02.uasset" 3819
"../../../../../../Arcadia/Unreal/Projects/Ricochet2/Content/Characters/Mannequins/Rigs/PA_Mannequin.uasset" 3820
"../../Plugins/FX/Niagara/Content/Functions/Emitter/EmitterChangeState.uasset" 3821
"../../Plugins/FX/Niagara/Content/Icons/Modules/T_Icon_Scalability_Emitter.uasset" 3822
"../../Plugins/FX/Niagara/Content/Icons/Modules/T_Icon_Scalability_System.uasset" 3823
"../../Plugins/FX/Niagara/Content/Functions/RandomRangeFloat.uasset" 3824
"../../Plugins/FX/Niagara/Content/Functions/LinearColor/HueShiftLinearColor.uasset" 3825
"../../Plugins/FX/Niagara/Content/Functions/Localspace/SimulationPosition.uasset" 3826
"../../Plugins/FX/Niagara/Content/Functions/Localspace/TransformVector.uasset" 3827
"../../Plugins/FX/Niagara/Content/Functions/V2/CalculateRandomBool.uasset" 3828
"../../Plugins/FX/Niagara/Content/Functions/V2/CalculateRandomRange.uasset" 3829
"../../Plugins/FX/Niagara/Content/Functions/V2/CalculateRandomRangeFloat.uasset" 3830
"../../Plugins/FX/Niagara/Content/Functions/V2/CalculateRandomRangeInteger.uasset" 3831
"../../Plugins/FX/Niagara/Content/Functions/DirectionAndLengthSafe.uasset" 3832
"../../Plugins/FX/Niagara/Content/Functions/Math/CalculateRandomPointInConeSphereIntersection.uasset" 3833
"../../Plugins/FX/Niagara/Content/Functions/Math/SaturateFloat.uasset" 3834
"../../Plugins/FX/Niagara/Content/Functions/Rotation/AngleUnitConverter.uasset" 3835
"../../Plugins/FX/Niagara/Content/Functions/Rotation/AxisAngleToQuaternion.uasset" 3836
"../../Plugins/FX/Niagara/Content/Functions/Rotation/FindQuatBetween.uasset" 3837
"../../Plugins/FX/Niagara/Content/Functions/Rotation/InvertQuaternion.uasset" 3838
"../../Plugins/FX/Niagara/Content/Functions/Rotation/MakeQuaternionFrom3BasisVectors.uasset" 3839
"../../Plugins/FX/Niagara/Content/Functions/Rotation/MultiplyQuaternion.uasset" 3840
"../../Plugins/FX/Niagara/Content/Functions/Rotation/MultiplyVectorWithQuaternion.uasset" 3841
"../../Plugins/FX/Niagara/Content/Functions/Rotation/TransformStack/TransformStack_Rotation.uasset" 3842
"../../Plugins/FX/Niagara/Content/Functions/Rotation/XYZRotationToQuaternion.uasset" 3843
"../../Plugins/FX/Niagara/Content/Functions/V2/CalculateRandomUnitVector.uasset" 3844
"../../Plugins/FX/Niagara/Content/Functions/V2/DistanceBasedFalloff.uasset" 3845
"../../Plugins/FX/Niagara/Content/Functions/System/SystemChangeState.uasset" 3846
"../../Plugins/FX/Niagara/Content/Icons/Modules/T_Icon_Particle_InfiniteLife.uasset" 3847
"../../Plugins/FX/Niagara/Content/Functions/Helpers/AdvancePositionWithAcceleration.uasset" 3848
"../../Plugins/FX/Niagara/Content/DefaultAssets/Structs/LocationEvent_V2.uasset" 3849
"../../Plugins/FX/Niagara/Content/Functions/Localspace/TransformPosition.uasset" 3850
"../../Plugins/FX/Niagara/Content/Functions/Drag/DragVelocity.uasset" 3851
"../../Plugins/FX/Niagara/Content/Functions/Math/CentimeterMeterConversion.uasset" 3852
"../../Plugins/FX/Niagara/Content/Modules/Solvers/ApplyRotationVector.uasset" 3853
"../../Plugins/FX/Niagara/Content/Icons/Modules/T_Icon_Solver_LimitAccel.uasset" 3854
"../../Plugins/FX/Niagara/Content/Icons/Modules/T_Icon_Solver_LimitSpeed.uasset" 3855
"../../Plugins/FX/Niagara/Content/Icons/Modules/T_Icon_Solver_RotationalSolve.uasset" 3856
"../../Plugins/FX/Niagara/Content/Functions/Math/RemapValueRange.uasset" 3857
"../../Plugins/FX/Niagara/Content/Functions/RandomVectorInCone.uasset" 3858
"../../../../../../Arcadia/Unreal/Projects/Ricochet2/Content/RicochetContent/Animations/Pistol/Aim/MF_Pistol_Idle_ADS1.uasset" 3859
"../../../../../../Arcadia/Unreal/Projects/Ricochet2/Content/RicochetContent/Animations/Pistol/Aim/MF_Pistol_Idle_ADS_AO_CD.uasset" 3860
"../../../../../../Arcadia/Unreal/Projects/Ricochet2/Content/RicochetContent/Animations/Pistol/Aim/MF_Pistol_Idle_ADS_AO_CU.uasset" 3861
"../../../Engine/Content/Animation/DefaultAnimBoneCompressionSettings.uasset" 3862
"../../../Engine/Content/Animation/DefaultAnimCurveCompressionSettings.uasset" 3863
"../../../../../../Arcadia/Unreal/Projects/Ricochet2/Content/Characters/Mannequins/Anims/Unarmed/Jog/MF_Unarmed_Jog_Bwd.uasset" 3864
"../../../../../../Arcadia/Unreal/Projects/Ricochet2/Content/Characters/Mannequins/Anims/Unarmed/Jog/MF_Unarmed_Jog_Bwd_Left.uasset" 3865
"../../../../../../Arcadia/Unreal/Projects/Ricochet2/Content/Characters/Mannequins/Anims/Unarmed/Jog/MF_Unarmed_Jog_Bwd_Right.uasset" 3866
"../../../../../../Arcadia/Unreal/Projects/Ricochet2/Content/Characters/Mannequins/Anims/Unarmed/Jog/MF_Unarmed_Jog_Fwd.uasset" 3867
"../../../../../../Arcadia/Unreal/Projects/Ricochet2/Content/Characters/Mannequins/Anims/Unarmed/Jog/MF_Unarmed_Jog_Fwd_Left.uasset" 3868
"../../../../../../Arcadia/Unreal/Projects/Ricochet2/Content/Characters/Mannequins/Anims/Unarmed/Jog/MF_Unarmed_Jog_Fwd_Right.uasset" 3869
"../../../../../../Arcadia/Unreal/Projects/Ricochet2/Content/Characters/Mannequins/Anims/Unarmed/Jog/MF_Unarmed_Jog_Left.uasset" 3870
"../../../../../../Arcadia/Unreal/Projects/Ricochet2/Content/Characters/Mannequins/Anims/Unarmed/Jog/MF_Unarmed_Jog_Right.uasset" 3871
"../../../../../../Arcadia/Unreal/Projects/Ricochet2/Content/Characters/Mannequins/Anims/Unarmed/Walk/MF_Unarmed_Walk_Bwd.uasset" 3872
"../../../../../../Arcadia/Unreal/Projects/Ricochet2/Content/Characters/Mannequins/Anims/Unarmed/Walk/MF_Unarmed_Walk_Bwd_Left.uasset" 3873
"../../../../../../Arcadia/Unreal/Projects/Ricochet2/Content/Characters/Mannequins/Anims/Unarmed/Walk/MF_Unarmed_Walk_Bwd_Right.uasset" 3874
"../../../../../../Arcadia/Unreal/Projects/Ricochet2/Content/Characters/Mannequins/Anims/Unarmed/Walk/MF_Unarmed_Walk_Fwd.uasset" 3875
"../../../../../../Arcadia/Unreal/Projects/Ricochet2/Content/Characters/Mannequins/Anims/Unarmed/Walk/MF_Unarmed_Walk_Fwd_Left.uasset" 3876
"../../../../../../Arcadia/Unreal/Projects/Ricochet2/Content/Characters/Mannequins/Anims/Unarmed/Walk/MF_Unarmed_Walk_Fwd_Right.uasset" 3877
"../../../../../../Arcadia/Unreal/Projects/Ricochet2/Content/Characters/Mannequins/Anims/Unarmed/Walk/MF_Unarmed_Walk_Left.uasset" 3878
"../../../../../../Arcadia/Unreal/Projects/Ricochet2/Content/Characters/Mannequins/Anims/Unarmed/Walk/MF_Unarmed_Walk_Right.uasset" 3879
"../../../../../../Arcadia/Unreal/Projects/Ricochet2/Content/Weapons/Pistol/Materials/MI_Weapon_Pistol.uasset" 3880
"../../../../../../Arcadia/Unreal/Projects/Ricochet2/Content/RicochetContent/Animations/Pistol/MM_Pistol_Fire.uasset" 3881
"../../Plugins/FX/Niagara/Content/Functions/NormalizedExecutionIndex.uasset" 3882
"../../Plugins/FX/Niagara/Content/Functions/ParametricTorus.uasset" 3883
"../../Plugins/FX/Niagara/Content/Functions/ParametricTorusKnot.uasset" 3884
"../../Plugins/FX/Niagara/Content/Functions/PolarToCartesianCoordinates.uasset" 3885
"../../Plugins/FX/Niagara/Content/Functions/RandomPointInBox.uasset" 3886
"../../Plugins/FX/Niagara/Content/Functions/Rotation/RotateVector2D.uasset" 3887
"../../Plugins/FX/Niagara/Content/Functions/SphericalToCartesianCoordinates.uasset" 3888
"../../Plugins/FX/Niagara/Content/Functions/V2/RemapRange.uasset" 3889
"../../Plugins/FX/Niagara/Content/Enums/ENiagaraExpansionMode.uasset" 3890
"../../Plugins/FX/Niagara/Content/Enums/SpriteRenderer/ENiagara_ScaleSpriteSize.uasset" 3891
"../../Plugins/FX/Niagara/Content/DefaultAssets/M_Gnomon.uasset" 3892
"../../../../../../Arcadia/Unreal/Projects/Ricochet2/Content/Characters/Mannequins/Materials/M_Mannequin.uasset" 3893
"../../../../../../Arcadia/Unreal/Projects/Ricochet2/Content/Characters/Mannequins/Textures/Quinn/T_Quinn_01_D.uasset" 3894
"../../../../../../Arcadia/Unreal/Projects/Ricochet2/Content/Characters/Mannequins/Textures/Quinn/T_Quinn_01_MRA.uasset" 3895
"../../../../../../Arcadia/Unreal/Projects/Ricochet2/Content/Characters/Mannequins/Textures/Quinn/T_Quinn_01_N.uasset" 3896
"../../../../../../Arcadia/Unreal/Projects/Ricochet2/Content/Characters/Mannequins/Textures/Quinn/T_Quinn_02_D.uasset" 3897
"../../../../../../Arcadia/Unreal/Projects/Ricochet2/Content/Characters/Mannequins/Textures/Quinn/T_Quinn_02_MRA.uasset" 3898
"../../../../../../Arcadia/Unreal/Projects/Ricochet2/Content/Characters/Mannequins/Textures/Quinn/T_Quinn_02_N.uasset" 3899
"../../Plugins/FX/Niagara/Content/Functions/GetRandomInfo.uasset" 3900
"../../Plugins/FX/Niagara/Content/Functions/Localspace/TransformBase.uasset" 3901
"../../Plugins/FX/Niagara/Content/Functions/Rotation/MatrixToQuaternion.uasset" 3902
"../../Plugins/FX/Niagara/Content/Functions/NormalizeDistanceRange.uasset" 3903
"../../../../../../Arcadia/Unreal/Projects/Ricochet2/Content/Weapons/Rifle/Materials/M_Weapon.uasset" 3904
"../../../../../../Arcadia/Unreal/Projects/Ricochet2/Content/Weapons/Pistol/Textures/T_Pistol_AORM.uasset" 3905
"../../../../../../Arcadia/Unreal/Projects/Ricochet2/Content/Weapons/Pistol/Textures/T_Pistol_D.uasset" 3906
"../../../../../../Arcadia/Unreal/Projects/Ricochet2/Content/Weapons/Pistol/Textures/T_Pistol_Masks.uasset" 3907
"../../../../../../Arcadia/Unreal/Projects/Ricochet2/Content/Weapons/Pistol/Textures/T_Pistol_N.uasset" 3908
"../../Plugins/FX/Niagara/Content/Functions/IsolateLongestVectorComponent.uasset" 3909
"../../../../../../Arcadia/Unreal/Projects/Ricochet2/Content/Characters/Mannequins/Textures/Manny/T_Manny_01_BN.uasset" 3910
"../../../../../../Arcadia/Unreal/Projects/Ricochet2/Content/Characters/Mannequins/Textures/Manny/T_Manny_01_D.uasset" 3911
"../../../../../../Arcadia/Unreal/Projects/Ricochet2/Content/Characters/Mannequins/Textures/Manny/T_Manny_01_MRA.uasset" 3912
"../../../../../../Arcadia/Unreal/Projects/Ricochet2/Content/Characters/Mannequins/Textures/Shared/T_UE_Logo_M.uasset" 3913
"../../../Engine/Content/Engine_MI_Shaders/T_Normal.uasset" 3914
"../../../Engine/Content/MaterialTemplates/LayerBlends/T_DefaultMaskTexture.uasset" 3915
"/Game/RicochetContent/Blueprints/Interactables/BP_Door" 3916
"/Game/RicochetContent/Materials/MI_InvincibleManny_02" 3917
"../../../../../../Arcadia/Unreal/Projects/Ricochet2/Content/RicochetContent/Materials/MI_Manny_01_New.uasset" 3918
"../../../../../../Arcadia/Unreal/Projects/Ricochet2/Content/Characters/Mannequins/Textures/Manny/T_Manny_02_BN.uasset" 3919
"../../../../../../Arcadia/Unreal/Projects/Ricochet2/Content/Characters/Mannequins/Textures/Manny/T_Manny_02_D.uasset" 3920
"../../../../../../Arcadia/Unreal/Projects/Ricochet2/Content/Characters/Mannequins/Textures/Manny/T_Manny_02_MRA.uasset" 3921
"/Game/RicochetContent/Materials/MI_InvincibleManny_01" 3922
"/Game/RicochetContent/Blueprints/Enemies/BP_InvincibleEnemy" 3923
"../../../../../../Arcadia/Unreal/Projects/Ricochet2/Content/RicochetContent/Blueprints/Enemies/BP_Enemy.uasset" 3924
"../../../../../../Arcadia/Unreal/Projects/Ricochet2/Content/RicochetContent/Animations/ABP_TP_Rifle.uasset" 3925
"../../../../../../Arcadia/Unreal/Projects/Ricochet2/Content/RicochetContent/Blueprints/Enemies/AI/AIC_Enemy.uasset" 3926
"../../../../../../Arcadia/Unreal/Projects/Ricochet2/Content/RicochetContent/Blueprints/Enemies/AI/BPI_EnemyAI.uasset" 3927
"../../../../../../Arcadia/Unreal/Projects/Ricochet2/Content/RicochetContent/Blueprints/Enemies/BP_PatrolRoute.uasset" 3928
"../../../../../../Arcadia/Unreal/Projects/Ricochet2/Content/RicochetContent/Blueprints/Weapons/BP_Rifle.uasset" 3929
"../../../../../../Arcadia/Unreal/Projects/Ricochet2/Content/Characters/Mannequins/Meshes/SKM_Manny_Simple.uasset" 3930
"../../../../../../Arcadia/Unreal/Projects/Ricochet2/Content/RicochetContent/Blueprints/Enemies/AI/Enums/E_MovementSpeed.uasset" 3931
"../../../../../../Arcadia/Unreal/Projects/Ricochet2/Content/Characters/Mannequins/Anims/Rifle/AIM/AO_Rifle.uasset" 3932
"../../../../../../Arcadia/Unreal/Projects/Ricochet2/Content/Characters/Mannequins/Anims/Rifle/MF_Rifle_Idle_ADS.uasset" 3933
"../../../../../../Arcadia/Unreal/Projects/Ricochet2/Content/RicochetContent/Blueprints/Enemies/AI/BT_Enemy.uasset" 3934
"../../../../../../Arcadia/Unreal/Projects/Ricochet2/Content/RicochetContent/Blueprints/BP_Player.uasset" 3935
"../../../../../../Arcadia/Unreal/Projects/Ricochet2/Content/RicochetContent/Blueprints/Enemies/AI/Enums/E_AISense.uasset" 3936
"../../../../../../Arcadia/Unreal/Projects/Ricochet2/Content/RicochetContent/Blueprints/Enemies/AI/Enums/E_EnemyState.uasset" 3937
"../../../../../../Arcadia/Unreal/Projects/Ricochet2/Content/RicochetContent/Animations/FP_Rifle_Shoot_Montage.uasset" 3938
"../../../../../../Arcadia/Unreal/Projects/Ricochet2/Content/RicochetContent/Blueprints/BPC_LaserSight.uasset" 3939
"../../../../../../Arcadia/Unreal/Projects/Ricochet2/Content/Weapons/Rifle/Meshes/SM_Rifle.uasset" 3940
"../../../../../../Arcadia/Unreal/Projects/Ricochet2/Content/RicochetContent/Materials/MI_Manny_02_New.uasset" 3941
"../../../../../../Arcadia/Unreal/Projects/Ricochet2/Content/Characters/Mannequins/Anims/Rifle/AIM/MM_Rifle_Idle_ADS_AO_CC.uasset" 3942
"../../../../../../Arcadia/Unreal/Projects/Ricochet2/Content/Characters/Mannequins/Anims/Rifle/AIM/MM_Rifle_Idle_ADS_AO_CD.uasset" 3943
"../../../../../../Arcadia/Unreal/Projects/Ricochet2/Content/Characters/Mannequins/Anims/Rifle/AIM/MM_Rifle_Idle_ADS_AO_CU.uasset" 3944
"../../../../../../Arcadia/Unreal/Projects/Ricochet2/Content/RicochetContent/Blueprints/Enemies/AI/BP_Enemy.uasset" 3945
"../../../../../../Arcadia/Unreal/Projects/Ricochet2/Content/RicochetContent/Blueprints/Enemies/AI/BTT_FocusTarget.uasset" 3946
"../../../../../../Arcadia/Unreal/Projects/Ricochet2/Content/RicochetContent/Blueprints/Enemies/AI/Decorators/BTD_HasPatrolRoute.uasset" 3947
"../../../../../../Arcadia/Unreal/Projects/Ricochet2/Content/RicochetContent/Animations/ABP_FP_RicochetPistol.uasset" 3948
"../../../../../../Arcadia/Unreal/Projects/Ricochet2/Content/RicochetContent/Blueprints/BP_Checkpoint.uasset" 3949
"../../../../../../Arcadia/Unreal/Projects/Ricochet2/Content/RicochetContent/Blueprints/GI_RicochetGameInstance.uasset" 3950
"../../../../../../Arcadia/Unreal/Projects/Ricochet2/Content/RicochetContent/Input/Actions/IA_Jump.uasset" 3951
"../../../../../../Arcadia/Unreal/Projects/Ricochet2/Content/RicochetContent/Input/Actions/IA_MouseLook.uasset" 3952
"../../../../../../Arcadia/Unreal/Projects/Ricochet2/Content/RicochetContent/Input/Actions/IA_Move.uasset" 3953
"../../../../../../Arcadia/Unreal/Projects/Ricochet2/Content/RicochetContent/Input/Actions/IA_Shoot.uasset" 3954
"../../../../../../Arcadia/Unreal/Projects/Ricochet2/Content/Characters/Mannequins/Anims/Rifle/MM_Rifle_Fire.uasset" 3955
"../../../../../../Arcadia/Unreal/Projects/Ricochet2/Content/RicochetContent/Effects/NS_LaserSight.uasset" 3956
"../../../../../../Arcadia/Unreal/Projects/Ricochet2/Content/Weapons/Rifle/Materials/M_Rifle.uasset" 3957
"../../../../../../Arcadia/Unreal/Projects/Ricochet2/Content/FirstPerson/Blueprints/BP_FirstPersonCharacter.uasset" 3958
"../../../../../../Arcadia/Unreal/Projects/Ricochet2/Content/Variant_Shooter/Blueprints/BP_ShooterCharacter.uasset" 3959
"../../../../../../Arcadia/Unreal/Projects/Ricochet2/Content/Variant_Shooter/Anims/Ctrl_HandAdjusment_Pistol.uasset" 3960
"../../../../../../Arcadia/Unreal/Projects/Ricochet2/Content/RicochetContent/Materials/MI_Portal.uasset" 3961
"../../../../../../Arcadia/Unreal/Projects/Ricochet2/Content/RicochetContent/Effects/NS_CheckpointEffects.uasset" 3962
"../../Plugins/Animation/ControlRig/Content/Controls/ControlRig_Circle_solid.uasset" 3963
"../../../../../../Arcadia/Unreal/Projects/Ricochet2/Content/RicochetContent/Audio/CheckPoint.uasset" 3964
"../../Plugins/FX/Niagara/Content/DefaultAssets/Templates/CascadeConversion/CompletelyEmpty.uasset" 3965
"../../Plugins/FX/Niagara/Content/Modules/Beams/BeamEmitterSetup.uasset" 3966
"../../Plugins/FX/Niagara/Content/Modules/Beams/BeamWidth.uasset" 3967
"../../Plugins/FX/Niagara/Content/Modules/Beams/SpawnBeam.uasset" 3968
"../../Plugins/FX/Niagara/Content/Modules/Beams/UpdateBeam.uasset" 3969
"../../../../../../Arcadia/Unreal/Projects/Ricochet2/Content/Weapons/Rifle/Textures/T_Rifle_BC.uasset" 3970
"../../../../../../Arcadia/Unreal/Projects/Ricochet2/Content/Weapons/Rifle/Textures/T_Rifle_N.uasset" 3971
"../../../../../../Arcadia/Unreal/Projects/Ricochet2/Content/Characters/Mannequins/Anims/Unarmed/ABP_Unarmed.uasset" 3972
"../../../../../../Arcadia/Unreal/Projects/Ricochet2/Content/FirstPerson/Anims/ABP_FP_Copy.uasset" 3973
"../../../../../../Arcadia/Unreal/Projects/Ricochet2/Content/Input/Touch/BPI_TouchInterface.uasset" 3974
"../../../../../../Arcadia/Unreal/Projects/Ricochet2/Content/Input/Actions/IA_Look.uasset" 3975
"../../../../../../Arcadia/Unreal/Projects/Ricochet2/Content/Input/Touch/UI_TouchSimple.uasset" 3976
"../../../../../../Arcadia/Unreal/Projects/Ricochet2/Content/Variant_Shooter/Blueprints/BPI_Shooter.uasset" 3977
"../../../../../../Arcadia/Unreal/Projects/Ricochet2/Content/Variant_Shooter/Blueprints/Pickups/BP_ShooterWeaponBase.uasset" 3978
"../../../../../../Arcadia/Unreal/Projects/Ricochet2/Content/Variant_Shooter/Blueprints/Pickups/BPI_Pickups.uasset" 3979
"../../../../../../Arcadia/Unreal/Projects/Ricochet2/Content/Variant_Shooter/Blueprints/Pickups/BPI_WeaponHolder.uasset" 3980
"../../../../../../Arcadia/Unreal/Projects/Ricochet2/Content/Variant_Shooter/Input/BPI_Touch_Shooter.uasset" 3981
"../../../../../../Arcadia/Unreal/Projects/Ricochet2/Content/Variant_Shooter/Input/Actions/IA_SwapWeapon.uasset" 3982
"../../../../../../Arcadia/Unreal/Projects/Ricochet2/Content/Variant_Shooter/Input/UI_TouchInterface_Shooter.uasset" 3983
"../../../../../../Arcadia/Unreal/Projects/Ricochet2/Content/RicochetContent/Materials/LevelPortal.uasset" 3984
"../../Plugins/FX/Niagara/Content/DynamicInputs/UniformRange/V2/RandomRangeVector.uasset" 3985
"../../Plugins/FX/Niagara/Content/Modules/Update/Forces/AerodynamicDrag.uasset" 3986
"../../Plugins/FX/Niagara/Content/Modules/Update/Forces/VortexForce.uasset" 3987
"../../Plugins/FX/Niagara/Content/Modules/Update/Forces/WindForce.uasset" 3988
"../../Plugins/FX/Niagara/Content/Enums/ENiagaraAerodynamicDragPivotMode.uasset" 3989
"../../Plugins/FX/Niagara/Content/Enums/ENiagaraCurlNoiseQuality.uasset" 3990
"../../Plugins/FX/Niagara/Content/Enums/ENiagaraDragCoefficientShapeMode.uasset" 3991
"../../Plugins/FX/Niagara/Content/Enums/Wind/ENiagaraWindCombingMode.uasset" 3992
"../../Plugins/FX/Niagara/Content/Enums/Wind/ENiagaraWindFrictionDistanceMode.uasset" 3993
"../../Plugins/FX/Niagara/Content/Enums/Wind/ENiagaraWindFrictionMode.uasset" 3994
"../../Plugins/FX/Niagara/Content/Enums/Wind/ENiagaraWindGroundMaskMode.uasset" 3995
"../../Plugins/FX/Niagara/Content/Enums/Wind/ENiagaraWindOffsetMode.uasset" 3996
"../../Plugins/FX/Niagara/Content/Enums/Wind/ENiagaraWindTurbulenceContributionMode.uasset" 3997
"../../Plugins/FX/Niagara/Content/Enums/Wind/ENiagaraWindTurbulenceFrequencyMode.uasset" 3998
"../../Plugins/FX/Niagara/Content/Enums/Wind/ENiagaraWindTurbulenceMode.uasset" 3999
"../../Plugins/FX/Niagara/Content/DynamicInputs/Helpers/SimulationPosition.uasset" 4000
"../../Plugins/FX/Niagara/Content/DynamicInputs/Multiply/Multiply_VectorByFloat.uasset" 4001
"../../Plugins/FX/Niagara/Content/Functions/Spline/FindPositionOnBezierSpline.uasset" 4002
"../../../../../../Arcadia/Unreal/Projects/Ricochet2/Content/Characters/Mannequins/Rigs/CR_Mannequin_FootIK.uasset" 4003
"../../../../../../Arcadia/Unreal/Projects/Ricochet2/Content/FirstPerson/Anims/CtrlRig_FPWarp.uasset" 4004
"../../../Engine/Content/MobileResources/HUD/VirtualJoystick_Thumb.uasset" 4005
"../../../../../../Arcadia/Unreal/Projects/Ricochet2/Content/Input/Touch/UI_Thumbstick.uasset" 4006
"../../../../../../Arcadia/Unreal/Projects/Ricochet2/Content/Variant_Shooter/Anims/ABP_FP_Weapon.uasset" 4007
"../../../../../../Arcadia/Unreal/Projects/Ricochet2/Content/Variant_Shooter/Blueprints/Pickups/Projectiles/BP_ShooterProjectile_Bullet.uasset" 4008
"../../../../../../Arcadia/Unreal/Projects/Ricochet2/Content/Variant_Shooter/Blueprints/Pickups/Projectiles/BP_ShooterProjectileBase.uasset" 4009
"../../../../../../Arcadia/Unreal/Projects/Ricochet2/Content/Weapons/Rifle/Meshes/SKM_Rifle.uasset" 4010
"../../Plugins/FX/Niagara/Content/Functions/Localspace/PositionToVector.uasset" 4011
"../../Plugins/FX/Niagara/Content/Functions/ProjectVectorOnPlane.uasset" 4012
"../../Plugins/FX/Niagara/Content/Functions/DirectionAndLength.uasset" 4013
"../../Plugins/FX/Niagara/Content/VectorFields/Assets/TilingCurl16.uasset" 4014
"../../Plugins/FX/Niagara/Content/VectorFields/Assets/TilingCurl32.uasset" 4015
"../../Plugins/FX/Niagara/Content/VectorFields/Assets/TilingCurl64.uasset" 4016
"../../../Engine/Content/MobileResources/HUD/VirtualJoystick_Background.uasset" 4017
"../../../../../../Arcadia/Unreal/Projects/Ricochet2/Content/Variant_Shooter/Anims/Ctrl_HandAdjusment.uasset" 4018
"../../../../../../Arcadia/Unreal/Projects/Ricochet2/Content/Variant_Shooter/Blueprints/Pickups/Projectiles/Meshes/SM_FoamBullet.uasset" 4019
"../../../../../../Arcadia/Unreal/Projects/Ricochet2/Content/FirstPerson/MI_FirstPersonColorway.uasset" 4020
"../../../../../../Arcadia/Unreal/Projects/Ricochet2/Content/Weapons/GrenadeLauncher/Meshes/FirstPersonProjectileMesh.uasset" 4021
"../../../../../../Arcadia/Unreal/Projects/Ricochet2/Content/Weapons/Rifle/Meshes/PA_Rifle.uasset" 4022
"../../../../../../Arcadia/Unreal/Projects/Ricochet2/Content/Weapons/Rifle/Meshes/SK_Rifle.uasset" 4023
"../../Plugins/FX/Niagara/Content/Functions/ChannelMasks/SelectV4Channel.uasset" 4024
"../../Plugins/FX/Niagara/Content/Enums/ENiagaraVector4_Channels.uasset" 4025
"../../../../../../Arcadia/Unreal/Projects/Ricochet2/Content/Weapons/GrenadeLauncher/Materials/M_ProjectileBullet.uasset" 4026
"/Game/RicochetContent/Materials/Light" 4027
"/Game/RicochetContent/Blueprints/CeilingLight" 4028
"../../../../../../Arcadia/Unreal/Projects/Ricochet2/Content/LevelPrototyping/Materials/M_PrototypeGrid.uasset" 4029
"../../../Engine/Content/Functions/Engine_MaterialFunctions01/Gradient/LinearGradient.uasset" 4030
"../../../Engine/Content/Functions/Engine_MaterialFunctions01/ImageAdjustment/CheapContrast.uasset" 4031
"../../../Engine/Content/Functions/Engine_MaterialFunctions03/Math/RemapValueRange.uasset" 4032
"../../../../../../Arcadia/Unreal/Projects/Ricochet2/Content/LevelPrototyping/Materials/MF_ProcGrid.uasset" 4033
"../../../../../../Arcadia/Unreal/Projects/Ricochet2/Content/LevelPrototyping/Textures/T_GridChecker_A.uasset" 4034
"/Game/RicochetContent/Textures/Crosshair" 4035
"/Game/RicochetContent/Blueprints/UI/WB_GameHUD" 4036
"/Game/RicochetContent/Blueprints/UI/HUD_RicochetHUD" 4037
"/Game/RicochetContent/Blueprints/UI/WB_PauseMenu" 4038
"/Game/RicochetContent/Blueprints/BP_RicochetGameMode" 4039
"/Game/RicochetContent/Blueprints/UI/WB_WinText" 4040
"/Game/RicochetContent/Effects/NS_PortalEffects" 4041
"/Game/RicochetContent/Blueprints/BP_LevelPortal" 4042
"../../../Engine/Content/OpenWorldTemplate/LandscapeMaterial/T_GridChecker_A.uasset" 4043
"../../../Engine/Content/OpenWorldTemplate/LandscapeMaterial/M_ProcGrid.uasset" 4044
"../../../Engine/Content/EngineMaterials/BlendFunc_DefBlend.uasset" 4045
"../../../Engine/Content/EngineSky/VolumetricClouds/VT_PerlinWorley_Balanced.uasset" 4046
"../../../Engine/Content/EngineSky/VolumetricClouds/T_Profile_08.uasset" 4047
"../../../Engine/Content/EngineSky/VolumetricClouds/T_CloudMask.uasset" 4048
"../../../Engine/Content/EngineSky/VolumetricClouds/m_SimpleVolumetricCloud.uasset" 4049
"../../../Engine/Content/EngineSky/SM_SkySphere.uasset" 4050
"../../../Engine/Content/EngineSky/T_Sky_Blue.uasset" 4051
"../../../Engine/Content/Functions/Engine_MaterialFunctions03/Blends/Blend_Overlay.uasset" 4052
"../../../Engine/Content/EngineMaterials/BlendFunc_DefBase.uasset" 4053
"C:/Arcadia/Unreal/Projects/Ricochet2/Content/RicochetContent/Levels/LevelOne.umap" 4054
"../../../Engine/Content/EngineSky/VolumetricClouds/m_SimpleVolumetricCloud_Inst.uasset" 4055
"../../../Engine/Content/EngineSounds/Submixes/MasterReverbEffectPreset.uasset" 4056
"C:/Arcadia/Unreal/Projects/Ricochet2/Content/RicochetContent/Textures/WarningPoster.uasset" 4057
"C:/Arcadia/Unreal/Projects/Ricochet2/Content/RicochetContent/Levels/LevelTwo.umap" 4058
"../../../Engine/Content/EngineSounds/Submixes/MasterEQEffectPreset.uasset" 4059
"C:/Arcadia/Unreal/Projects/Ricochet2/Content/RicochetContent/Materials/Glass.uasset" 4060
"../../../Engine/Content/Functions/Engine_MaterialFunctions02/Utility/MakeFloat4.uasset" 4061
"C:/Arcadia/Unreal/Projects/Ricochet2/Content/RicochetContent/Materials/M_TextureMaterial.uasset" 4062
"../../../Engine/Content/EngineSky/T_Sky_Clouds_M.uasset" 4063
"../../../Engine/Content/EngineSky/M_SimpleSkyDome.uasset" 4064
"../../../Engine/Content/Functions/Engine_MaterialFunctions02/Utility/BreakOutFloat4Components.uasset" 4065
"../../../Engine/Content/EngineSky/M_Sky_Panning_Clouds2.uasset" 4066
"../../../Engine/Content/Functions/Engine_MaterialFunctions01/Units/Km-to-Cm.uasset" 4067
"../../../Engine/Content/OpenWorldTemplate/LandscapeMaterial/MF_ProcGrid.uasset" 4068
"../../../Engine/Content/OpenWorldTemplate/LandscapeMaterial/MI_ProcGrid.uasset" 4069
"C:/Arcadia/Unreal/Projects/Ricochet2/Content/RicochetContent/Levels/LevelThree.umap" 4070
"../../../Engine/Content/EngineSky/VolumetricClouds/T_CloudPattern.uasset" 4071
"../../../Engine/Content/EngineSky/T_Sky_Stars.uasset" 4072
"../../../Engine/Content/MapTemplates/SM_Template_Map_Floor.uasset" 4073
"../../../Engine/Content/EngineSky/VolumetricClouds/VT_Lightning.uasset" 4074
"/Engine/OpenWorldTemplate/LandscapeMaterial/T_GridChecker_A" 4075
"/Engine/OpenWorldTemplate/LandscapeMaterial/MF_ProcGrid" 4076
"/Engine/Functions/Engine_MaterialFunctions03/Blends/Blend_Overlay" 4077
"/Engine/Functions/Engine_MaterialFunctions01/Units/Km-to-Cm" 4078
"/Engine/Functions/Engine_MaterialFunctions02/Utility/MakeFloat4" 4079
"/Engine/Functions/Engine_MaterialFunctions02/Utility/BreakOutFloat4Components" 4080
"/Engine/EngineSky/T_Sky_Stars" 4081
"/Engine/EngineSky/T_Sky_Clouds_M" 4082
"/Engine/EngineSky/T_Sky_Blue" 4083
"/Game/RicochetContent/Textures/WarningPoster" 4084
"/Engine/OpenWorldTemplate/LandscapeMaterial/M_ProcGrid" 4085
"/Engine/EngineSky/VolumetricClouds/VT_PerlinWorley_Balanced" 4086
"/Engine/EngineSky/VolumetricClouds/T_Profile_08" 4087
"/Engine/EngineSky/VolumetricClouds/T_CloudPattern" 4088
"/Engine/EngineSky/VolumetricClouds/T_CloudMask" 4089
"/Engine/EngineSky/M_Sky_Panning_Clouds2" 4090
"/Engine/EngineSky/VolumetricClouds/VT_Lightning" 4091
"/Game/RicochetContent/Materials/M_TextureMaterial" 4092
"/Engine/EngineSky/VolumetricClouds/m_SimpleVolumetricCloud" 4093
"/Engine/EngineSky/VolumetricClouds/m_SimpleVolumetricCloud_Inst" 4094
"/Engine/MapTemplates/SM_Template_Map_Floor" 4095
"/Game/RicochetContent/Materials/Glass" 4096
"/Engine/OpenWorldTemplate/LandscapeMaterial/MI_ProcGrid" 4097
"/Engine/EngineSky/M_SimpleSkyDome" 4098
"/Engine/EngineSky/SM_SkySphere" 4099
"/Game/RicochetContent/Levels/LevelThree" 4100
"../../../../../../Arcadia/Unreal/Projects/Ricochet2/Content/RicochetContent/Levels/LevelThree.umap" 4101
"/Game/RicochetContent/Levels/LevelTwo" 4102
"../../../../../../Arcadia/Unreal/Projects/Ricochet2/Content/RicochetContent/Levels/LevelTwo.umap" 4103
"/Engine/EngineSounds/Submixes/MasterReverbEffectPreset" 4104
"/Game/RicochetContent/Levels/LevelOne" 4105
"../../../../../../Arcadia/Unreal/Projects/Ricochet2/Content/RicochetContent/Levels/LevelOne.umap" 4106
"/Engine/EngineSounds/Submixes/MasterEQEffectPreset" 4107
"../../../Engine/Content/EngineSounds/Submixes/MasterEQSubmixDefault.uasset" 4108
"../../../Engine/Content/EngineSounds/Submixes/MasterSubmixDefault.uasset" 4109
"../../../Engine/Content/EngineSounds/Submixes/MasterReverbSubmixDefault.uasset" 4110
"../../../Engine/Plugins/Interchange/Assets/Content/gltf/MaterialFunctions/MF_MetallicRoughness.uasset" 4111
"../../../Engine/Plugins/Interchange/Assets/Content/gltf/MaterialFunctions/MF_RotateV2.uasset" 4112
"../../../Engine/Plugins/Interchange/Assets/Content/gltf/MaterialFunctions/MF_Emissive.uasset" 4113
"C:/Arcadia/Unreal/Projects/Ricochet2/Content/FirstPerson/Blueprints/BP_FirstPersonCameraManager.uasset" 4114
"../../../Engine/Plugins/Interchange/Assets/Content/gltf/MaterialFunctions/MF_Clearcoat.uasset" 4115
"../../../Engine/Plugins/Interchange/Assets/Content/gltf/MaterialFunctions/MF_BaseColor.uasset" 4116
"../../../Engine/Plugins/Interchange/Assets/Content/gltf/MaterialFunctions/MF_Iridescence.uasset" 4117
"../../../Engine/Plugins/Interchange/Assets/Content/gltf/Textures/T_White_Linear.uasset" 4118
"../../../Engine/Plugins/Interchange/Assets/Content/gltf/MaterialFunctions/MF_RotateNormals_TS.uasset" 4119
"C:/Arcadia/Unreal/Projects/Ricochet2/Content/FirstPerson/Blueprints/BP_FirstPersonPlayerController.uasset" 4120
"C:/Arcadia/Unreal/Projects/Ricochet2/Content/Input/IMC_MouseLook.uasset" 4121
"../../../Engine/Plugins/Interchange/Assets/Content/Functions/MF_IridescenceNoLUT.uasset" 4122
"../../../Engine/Plugins/Interchange/Assets/Content/gltf/MaterialFunctions/MF_IOR.uasset" 4123
"C:/Arcadia/Unreal/Projects/Ricochet2/Content/FirstPerson/Blueprints/BP_FirstPersonGameMode.uasset" 4124
"../../../Engine/Plugins/Interchange/Assets/Content/gltf/Textures/T_Generic_N.uasset" 4125
"../../../Engine/Content/Functions/Engine_MaterialFunctions01/Texturing/FlattenNormal.uasset" 4126
"../../../Engine/Plugins/Interchange/Assets/Content/Functions/MF_Iridescence.uasset" 4127
"../../../Engine/Plugins/Interchange/Assets/Content/gltf/MaterialFunctions/MF_Specular.uasset" 4128
"../../../Engine/Plugins/Interchange/Assets/Content/gltf/MaterialBodies/MF_ClearCoat_Body.uasset" 4129
"C:/Arcadia/Unreal/Projects/Ricochet2/Content/Input/IMC_Default.uasset" 4130
"../../../Engine/Plugins/Interchange/Assets/Content/gltf/MaterialFunctions/MF_TransformUVs.uasset" 4131
"../../../Engine/Plugins/Interchange/Assets/Content/gltf/MaterialFunctions/MF_Normals.uasset" 4132
"../../../Engine/Plugins/Interchange/Assets/Content/gltf/Textures/T_Anisotropy_Direction_Linear.uasset" 4133
"../../../Engine/Plugins/Interchange/Assets/Content/gltf/MaterialFunctions/MF_ScaleNormal.uasset" 4134
"../../../Engine/Plugins/Interchange/Assets/Content/gltf/Textures/T_White_srgb.uasset" 4135
"../../../Engine/Plugins/Interchange/Assets/Content/gltf/MaterialFunctions/MF_Occlusion.uasset" 4136
"../../../Engine/Plugins/Interchange/Assets/Content/Utilities/New_LUT.uasset" 4137
"../../../Engine/Plugins/Interchange/Assets/Content/gltf/MaterialFunctions/MF_SpecularAnisotropy.uasset" 4138
"../../../Engine/Plugins/Interchange/Assets/Content/gltf/M_ClearCoat.uasset" 4139
"/Engine/EditorResources/EmptyActor" 4140
"../../../Engine/Content/EditorResources/EmptyActor.uasset" 4141
"/Engine/EngineMaterials/LineSetComponentMaterial" 4142
"../../../Engine/Content/EngineMaterials/LineSetComponentMaterial.uasset" 4143
"../../../Engine/Content/Functions/Engine_MaterialFunctions02/Math/ProjectVectorOntoPlane.uasset" 4144
"/Game/RicochetContent/Blueprints/BP_Checkpoint" 4145
"/Game/RicochetContent/Audio/MirrorReflect" 4146
"/Game/Characters/Mannequins/Anims/Rifle/AIM/MM_Rifle_Idle_ADS_AO_CD" 4147
"/Game/Variant_Shooter/Input/UI_TouchInterface_Shooter" 4148
"/Game/FirstPerson/MI_FirstPersonColorway" 4149
"/Game/RicochetContent/Blueprints/Enemies/AI/Tasks/BTT_MoveAlongPatrolRoute" 4150
"/Game/RicochetContent/Blueprints/Enemies/AI/Tasks/BTT_SetMovementSpeed" 4151
"/Game/RicochetContent/Blueprints/Enemies/AI/Decorators/BTD_HasPatrolRoute" 4152
"/Engine/EngineSounds/Submixes/MasterSubmixDefault" 4153
"/InterchangeAssets/gltf/M_ClearCoat" 4154
"../../../Engine/Plugins/Interchange/Assets/Content/gltf/MaterialInstances/MI_ClearCoat_Opaque.uasset" 4155
"../../../Engine/Plugins/Interchange/Assets/Content/gltf/MaterialInstances/MI_ClearCoat_Mask.uasset" 4156
"../../../Engine/Plugins/Interchange/Assets/Shaders/ThinFilmFunctions.usf" 4157
"/Game/FirstPerson/Blueprints/BP_FirstPersonGameMode" 4158
"/InterchangeAssets/gltf/MaterialInstances/MI_ClearCoat_Mask" 4159
"/InterchangeAssets/gltf/MaterialInstances/MI_ClearCoat_Opaque" 4160
"../../../Engine/Plugins/Interchange/Assets/Content/gltf/MaterialInstances/MI_ClearCoat_Blend_DS.uasset" 4161
"../../../Engine/Plugins/Interchange/Assets/Content/gltf/MaterialInstances/MI_Sheen_Blend.uasset" 4162
"../../../Engine/Content/Functions/Engine_MaterialFunctions02/Texturing/ScreenAlignedPixelToPixelUVs.uasset" 4163
"../../../Engine/Plugins/Interchange/Assets/Content/gltf/MaterialInstances/MI_Sheen_Blend_DS.uasset" 4164
"../../../Engine/Plugins/Interchange/Assets/Content/gltf/M_Default.uasset" 4165
"../../../Engine/Plugins/Interchange/Assets/Content/gltf/MaterialFunctions/MF_Fresnel_DS.uasset" 4166
"../../../Engine/Plugins/Interchange/Assets/Content/gltf/MaterialInstances/MI_Transmission_DS.uasset" 4167
"../../../Engine/Plugins/Interchange/Assets/Content/gltf/MaterialBodies/MF_Default_Body.uasset" 4168
"../../../Engine/Plugins/Interchange/Assets/Content/gltf/MaterialBodies/MF_Sheen_Body.uasset" 4169
"../../../Engine/Plugins/Interchange/Assets/Content/gltf/MaterialFunctions/MF_Sheen.uasset" 4170
"../../../Engine/Plugins/Interchange/Assets/Content/gltf/MaterialBodies/MF_Transmission_Body.uasset" 4171
"../../../Engine/Plugins/Interchange/Assets/Content/gltf/MaterialInstances/MI_Sheen_Mask.uasset" 4172
"../../../Engine/Plugins/Interchange/Assets/Content/gltf/M_Sheen.uasset" 4173
"../../../Engine/Plugins/Interchange/Assets/Content/gltf/MaterialInstances/MI_Default_Mask_DS.uasset" 4174
"../../../Engine/Plugins/Interchange/Assets/Content/gltf/MaterialInstances/MI_ClearCoat_Mask_DS.uasset" 4175
"../../../Engine/Plugins/Interchange/Assets/Content/gltf/MaterialInstances/MI_Sheen_Opaque.uasset" 4176
"../../../Engine/Plugins/Interchange/Assets/Content/gltf/MaterialInstances/MI_Sheen_Opaque_DS.uasset" 4177
"../../../Engine/Plugins/Interchange/Assets/Content/gltf/MaterialInstances/MI_Default_Mask.uasset" 4178
"../../../Engine/Plugins/Interchange/Assets/Content/gltf/MaterialInstances/MI_ClearCoat_Opaque_DS.uasset" 4179
"../../../Engine/Plugins/Interchange/Assets/Content/gltf/MaterialFunctions/MF_Temporal_Blur.uasset" 4180
"../../../Engine/Plugins/Interchange/Assets/Content/gltf/MaterialInstances/MI_ClearCoat_Blend.uasset" 4181
"../../../Engine/Plugins/Interchange/Assets/Content/gltf/MaterialInstances/MI_Default_Opaque.uasset" 4182
"../../../Engine/Plugins/Interchange/Assets/Content/gltf/MaterialInstances/MI_Sheen_Mask_DS.uasset" 4183
"../../../Engine/Plugins/Interchange/Assets/Content/gltf/M_Transmission.uasset" 4184
"../../../Engine/Plugins/Interchange/Assets/Content/gltf/MaterialInstances/MI_Default_Opaque_DS.uasset" 4185
"../../../Engine/Plugins/Interchange/Assets/Content/gltf/MaterialInstances/MI_Default_Blend_DS.uasset" 4186
"../../../Engine/Plugins/Interchange/Assets/Content/gltf/MaterialFunctions/MF_Transmission.uasset" 4187
"../../../Engine/Plugins/Interchange/Assets/Content/gltf/MaterialInstances/MI_Default_Blend.uasset" 4188
"../../../Engine/Content/Functions/Engine_MaterialFunctions02/Math/AddComponents.uasset" 4189
"../../../Engine/Plugins/Interchange/Assets/Content/gltf/MaterialInstances/MI_Transmission.uasset" 4190
"../../../Engine/Plugins/Interchange/Assets/Content/gltf/MaterialFunctions/MF_SpecGlossToMetalRoughness.uasset" 4191
"../../../Engine/Plugins/Interchange/Assets/Content/gltf/MaterialFunctions/MF_PerceivedBrightness.uasset" 4192
"/Engine/Functions/Engine_MaterialFunctions02/Math/AddComponents" 4193
"/InterchangeAssets/gltf/MaterialInstances/MI_Transmission_DS" 4194
"/InterchangeAssets/gltf/MaterialInstances/MI_Transmission" 4195
"/InterchangeAssets/gltf/MaterialInstances/MI_Sheen_Blend_DS" 4196
"/InterchangeAssets/gltf/MaterialInstances/MI_Sheen_Mask_DS" 4197
"/InterchangeAssets/gltf/MaterialInstances/MI_Sheen_Opaque_DS" 4198
"/InterchangeAssets/gltf/MaterialInstances/MI_Sheen_Blend" 4199
"/InterchangeAssets/gltf/MaterialInstances/MI_Sheen_Mask" 4200
"/InterchangeAssets/gltf/MaterialInstances/MI_Sheen_Opaque" 4201
"/InterchangeAssets/gltf/MaterialInstances/MI_Default_Blend_DS" 4202
"/InterchangeAssets/gltf/MaterialInstances/MI_Default_Mask_DS" 4203
"/InterchangeAssets/gltf/MaterialInstances/MI_Default_Opaque_DS" 4204
"/InterchangeAssets/gltf/MaterialInstances/MI_Default_Blend" 4205
"/InterchangeAssets/gltf/MaterialInstances/MI_Default_Mask" 4206
"/InterchangeAssets/gltf/MaterialInstances/MI_Default_Opaque" 4207
"/InterchangeAssets/gltf/MaterialInstances/MI_ClearCoat_Blend_DS" 4208
"/InterchangeAssets/gltf/MaterialInstances/MI_ClearCoat_Mask_DS" 4209
"/InterchangeAssets/gltf/MaterialInstances/MI_ClearCoat_Opaque_DS" 4210
"/InterchangeAssets/gltf/MaterialInstances/MI_ClearCoat_Blend" 4211
"/InterchangeAssets/gltf/MaterialFunctions/MF_SpecGlossToMetalRoughness" 4212
"../../../Engine/Plugins/Interchange/Assets/Content/gltf/MaterialInstances/MI_SpecularGlossiness_Mask.uasset" 4213
"../../../Engine/Plugins/Interchange/Assets/Content/gltf/MaterialFunctions/MF_MaxComponentValue.uasset" 4214
"../../../Engine/Plugins/Interchange/Assets/Content/gltf/MaterialBodies/MF_SpecularGlossiness_Body.uasset" 4215
"../../../Engine/Plugins/Interchange/Assets/Content/gltf/MaterialInstances/MI_SpecularGlossiness_Opaque.uasset" 4216
"../../../Engine/Plugins/Interchange/Assets/Content/gltf/M_SpecularGlossiness.uasset" 4217
"../../../Engine/Plugins/Interchange/Assets/Content/gltf/MaterialFunctions/MF_DiffuseSpecGloss.uasset" 4218
"../../../Engine/Plugins/Interchange/Assets/Content/gltf/MaterialInstances/MI_SpecularGlossiness_Blend_DS.uasset" 4219
"../../../Engine/Plugins/Interchange/Assets/Content/gltf/MaterialBodies/MF_Unlit_Body.uasset" 4220
"../../../Engine/Plugins/Interchange/Assets/Content/gltf/M_Unlit.uasset" 4221
"../../../Engine/Plugins/Interchange/Assets/Content/gltf/MaterialInstances/MI_SpecularGlossiness_Mask_DS.uasset" 4222
"../../../Engine/Plugins/Interchange/Assets/Content/gltf/MaterialInstances/MI_Unlit_Opaque.uasset" 4223
"../../../Engine/Plugins/Interchange/Assets/Content/gltf/MaterialInstances/MI_SpecularGlossiness_Blend.uasset" 4224
"../../../Engine/Plugins/Interchange/Assets/Content/gltf/MaterialInstances/MI_Unlit_Mask.uasset" 4225
"../../../Engine/Content/Functions/Substrate/MF_SchlickInternal.uasset" 4226
"../../../Engine/Plugins/Interchange/Assets/Content/Functions/MX_OpenPBR_Translucent.uasset" 4227
"../../../Engine/Content/Functions/Engine_MaterialFunctions01/Volumetrics/BeersLaw.uasset" 4228
"../../../Engine/Plugins/Interchange/Assets/Content/gltf/MaterialInstances/MI_Unlit_Blend_DS.uasset" 4229
"../../../Engine/Plugins/Interchange/Assets/Content/Functions/MX_Transmission.uasset" 4230
"../../../Engine/Plugins/Interchange/Assets/Content/Functions/MX_TransmissionSurface.uasset" 4231
"../../../Engine/Plugins/Interchange/Assets/Content/gltf/MaterialInstances/MI_Unlit_Mask_DS.uasset" 4232
"../../../Engine/Plugins/Interchange/Assets/Content/Functions/MX_StandardSurface.uasset" 4233
"../../../Engine/Plugins/Interchange/Assets/Content/Functions/MX_OpenPBR_Opaque.uasset" 4234
"../../../Engine/Plugins/Animation/ControlRig/Content/Controls/ControlRig_Arrow4_1mm.uasset" 4235
"../../../Engine/Plugins/Animation/ControlRig/Content/Controls/ControlRig_Arrow4_3mm.uasset" 4236
"../../../Engine/Plugins/Animation/ControlRig/Content/Controls/ControlRig_Sphere_solid.uasset" 4237
"../../../Engine/Plugins/Animation/ControlRig/Content/Controls/ControlRig_Arrow2_1mm.uasset" 4238
"../../../Engine/Plugins/Interchange/Assets/Content/gltf/MaterialInstances/MI_Unlit_Blend.uasset" 4239
"../../../Engine/Plugins/Animation/ControlRig/Content/Controls/ControlRig_Arrow2_3mm.uasset" 4240
"../../../Engine/Plugins/Interchange/Assets/Content/gltf/MaterialInstances/MI_SpecularGlossiness_Opaque_DS.uasset" 4241
"../../../Engine/Plugins/Interchange/Assets/Content/gltf/MaterialInstances/MI_Unlit_Opaque_DS.uasset" 4242
"../../../Engine/Plugins/Animation/ControlRig/Content/Controls/ControlRig_Arrow2_solid.uasset" 4243
"../../../Engine/Plugins/Interchange/Assets/Content/Functions/MF_OrenNayerView.uasset" 4244
"/ControlRig/Controls/ControlRig_Arrow4_3mm" 4245
"/ControlRig/Controls/ControlRig_Arrow4_1mm" 4246
"/ControlRig/Controls/ControlRig_Arrow2_solid" 4247
"/ControlRig/Controls/ControlRig_Arrow2_3mm" 4248
"/ControlRig/Controls/ControlRig_Arrow2_1mm" 4249
"/ControlRig/Controls/ControlRig_Sphere_solid" 4250
"/InterchangeAssets/Functions/MX_OpenPBR_Opaque" 4251
"/InterchangeAssets/Functions/MX_OpenPBR_Translucent" 4252
"/InterchangeAssets/gltf/MaterialInstances/MI_Unlit_Blend_DS" 4253
"/InterchangeAssets/gltf/MaterialInstances/MI_Unlit_Mask_DS" 4254
"/InterchangeAssets/gltf/MaterialInstances/MI_Unlit_Opaque_DS" 4255
"/InterchangeAssets/gltf/MaterialInstances/MI_Unlit_Blend" 4256
"/InterchangeAssets/gltf/MaterialInstances/MI_Unlit_Mask" 4257
"/InterchangeAssets/gltf/MaterialInstances/MI_Unlit_Opaque" 4258
"/InterchangeAssets/gltf/MaterialInstances/MI_SpecularGlossiness_Blend_DS" 4259
"/InterchangeAssets/gltf/MaterialInstances/MI_SpecularGlossiness_Mask_DS" 4260
"/InterchangeAssets/gltf/MaterialInstances/MI_SpecularGlossiness_Opaque_DS" 4261
"/InterchangeAssets/gltf/MaterialInstances/MI_SpecularGlossiness_Blend" 4262
"/InterchangeAssets/gltf/MaterialInstances/MI_SpecularGlossiness_Mask" 4263
"/InterchangeAssets/gltf/MaterialInstances/MI_SpecularGlossiness_Opaque" 4264
"../../../Engine/Plugins/Animation/ControlRig/Content/Controls/ControlRig_Circle_3mm.uasset" 4265
"../../../Engine/Plugins/Animation/ControlRig/Content/Controls/ControlRig_Arrow_1mm.uasset" 4266
"../../../Engine/Plugins/Animation/ControlRig/Content/Controls/ControlRig_Arrow_3mm.uasset" 4267
"../../../Engine/Plugins/Animation/ControlRig/Content/Controls/ControlRig_Diamond_solid.uasset" 4268
"../../../Engine/Plugins/Animation/ControlRig/Content/Controls/ControlRig_Diamond_3mm.uasset" 4269
"../../../Engine/Plugins/Animation/ControlRig/Content/Controls/ControlRig_Circle_1mm.uasset" 4270
"../../../Engine/Plugins/Animation/ControlRig/Content/Controls/ControlRig_HalfCircle_solid.uasset" 4271
"../../../Engine/Plugins/Animation/ControlRig/Content/Controls/ControlRig_Pyramid_3mm.uasset" 4272
"../../../Engine/Plugins/Animation/ControlRig/Content/Controls/ControlRig_Octagon_solid.uasset" 4273
"../../../Engine/Plugins/Animation/ControlRig/Content/Controls/ControlRig_QuarterCircle_1mm.uasset" 4274
"../../../Engine/Plugins/Animation/ControlRig/Content/Controls/ControlRig_Pyramid_solid.uasset" 4275
"../../../Engine/Plugins/Animation/ControlRig/Content/Controls/ControlRig_Diamond_1mm.uasset" 4276
"../../../Engine/Plugins/Animation/ControlRig/Content/Controls/ControlRig_QuarterCircle_3mm.uasset" 4277
"../../../Engine/Plugins/Animation/ControlRig/Content/Controls/ControlRig_Pyramid_1mm.uasset" 4278
"../../../Engine/Plugins/Animation/ControlRig/Content/Controls/ControlRig_RoundedSquare_3mm.uasset" 4279
"../../../Engine/Plugins/Animation/ControlRig/Content/Controls/ControlRig_Hexagon_3mm.uasset" 4280
"../../../Engine/Plugins/Animation/ControlRig/Content/Controls/ControlRig_Octagon_1mm.uasset" 4281
"../../../Engine/Plugins/Animation/ControlRig/Content/Controls/ControlRig_Hexagon_1mm.uasset" 4282
"../../../Engine/Plugins/Animation/ControlRig/Content/Controls/ControlRig_Box_1mm.uasset" 4283
"../../../Engine/Plugins/Animation/ControlRig/Content/Controls/ControlRig_RoundedSquare_1mm.uasset" 4284
"../../../Engine/Plugins/Animation/ControlRig/Content/Controls/ControlRig_Arrow_solid.uasset" 4285
"../../../Engine/Plugins/Animation/ControlRig/Content/Controls/ControlRig_Box_3mm.uasset" 4286
"../../../Engine/Plugins/Animation/ControlRig/Content/Controls/ControlRig_Arrow4_solid.uasset" 4287
"../../../Engine/Plugins/Animation/ControlRig/Content/Controls/ControlRig_Box_solid.uasset" 4288
"../../../Engine/Plugins/Animation/ControlRig/Content/Controls/ControlRig_HalfCircle_3mm.uasset" 4289
"../../../Engine/Plugins/Animation/ControlRig/Content/Controls/ControlRig_Hexagon_solid.uasset" 4290
"../../../Engine/Plugins/Animation/ControlRig/Content/Controls/ControlRig_Octagon_3mm.uasset" 4291
"../../../Engine/Plugins/Animation/ControlRig/Content/Controls/ControlRig_RoundedSquare_solid.uasset" 4292
"../../../Engine/Plugins/Animation/ControlRig/Content/Controls/ControlRig_HalfCircle_1mm.uasset" 4293
"../../../Engine/Plugins/Animation/ControlRig/Content/Controls/ControlRig_RoundedTriangle_1mm.uasset" 4294
"../../../Engine/Plugins/Animation/ControlRig/Content/Controls/ControlRig_RoundedTriangle_3mm.uasset" 4295
"../../../Engine/Plugins/Animation/ControlRig/Content/Controls/ControlRig_QuarterCircle_solid.uasset" 4296
"/ControlRig/Controls/ControlRig_RoundedTriangle_3mm" 4297
"/ControlRig/Controls/ControlRig_RoundedTriangle_1mm" 4298
"/ControlRig/Controls/ControlRig_RoundedSquare_solid" 4299
"/ControlRig/Controls/ControlRig_RoundedSquare_3mm" 4300
"/ControlRig/Controls/ControlRig_RoundedSquare_1mm" 4301
"/ControlRig/Controls/ControlRig_QuarterCircle_solid" 4302
"/ControlRig/Controls/ControlRig_QuarterCircle_3mm" 4303
"/ControlRig/Controls/ControlRig_QuarterCircle_1mm" 4304
"/ControlRig/Controls/ControlRig_Pyramid_solid" 4305
"/ControlRig/Controls/ControlRig_Pyramid_3mm" 4306
"/ControlRig/Controls/ControlRig_Pyramid_1mm" 4307
"/ControlRig/Controls/ControlRig_Octagon_solid" 4308
"/ControlRig/Controls/ControlRig_Octagon_3mm" 4309
"/ControlRig/Controls/ControlRig_Octagon_1mm" 4310
"/ControlRig/Controls/ControlRig_Hexagon_solid" 4311
"/ControlRig/Controls/ControlRig_Hexagon_3mm" 4312
"/ControlRig/Controls/ControlRig_Hexagon_1mm" 4313
"/ControlRig/Controls/ControlRig_HalfCircle_solid" 4314
"/ControlRig/Controls/ControlRig_HalfCircle_3mm" 4315
"/ControlRig/Controls/ControlRig_HalfCircle_1mm" 4316
"/ControlRig/Controls/ControlRig_Diamond_solid" 4317
"/ControlRig/Controls/ControlRig_Diamond_3mm" 4318
"/ControlRig/Controls/ControlRig_Diamond_1mm" 4319
"/ControlRig/Controls/ControlRig_Circle_3mm" 4320
"/ControlRig/Controls/ControlRig_Circle_1mm" 4321
"/ControlRig/Controls/ControlRig_Box_solid" 4322
"/ControlRig/Controls/ControlRig_Box_3mm" 4323
"/ControlRig/Controls/ControlRig_Box_1mm" 4324
"/ControlRig/Controls/ControlRig_Arrow_solid" 4325
"/ControlRig/Controls/ControlRig_Arrow_3mm" 4326
"/ControlRig/Controls/ControlRig_Arrow_1mm" 4327
"/ControlRig/Controls/ControlRig_Arrow4_solid" 4328
"../../../Engine/Plugins/Animation/ControlRig/Content/Controls/ControlRig_Triangle_1mm.uasset" 4329
"../../../Engine/Plugins/Animation/ControlRig/Content/Controls/ControlRig_Star4_1mm.uasset" 4330
"../../../Engine/Plugins/Animation/ControlRig/Content/Controls/ControlRig_Triangle_3mm.uasset" 4331
"../../../Engine/Plugins/Animation/ControlRig/Content/Controls/ControlRig_Square_1mm.uasset" 4332
"../../../Engine/Plugins/Animation/ControlRig/Content/Controls/ControlRig_Star4_solid.uasset" 4333
"../../../Engine/Plugins/Animation/ControlRig/Content/Controls/ControlRig_Sphere_1mm.uasset" 4334
"../../../Engine/Plugins/Animation/ControlRig/Content/Controls/ControlRig_Square_3mm.uasset" 4335
"../../../Engine/Plugins/Animation/ControlRig/Content/Controls/ControlRig_Star4_3mm.uasset" 4336
"../../../Engine/Plugins/Animation/ControlRig/Content/Controls/ControlRig_RoundedTriangle_solid.uasset" 4337
"../../../Engine/Plugins/Animation/ControlRig/Content/Controls/ControlRig_Wedge_solid.uasset" 4338
"../../../Engine/Plugins/Animation/ControlRig/Content/Controls/ControlRig_Wedge_3mm.uasset" 4339
"../../../Engine/Plugins/Animation/ControlRig/Content/Controls/ControlRig_Square_solid.uasset" 4340
"../../../Engine/Content/Maps/Entry_BuiltData.uasset" 4341
"../../../Engine/Plugins/Animation/ControlRig/Content/Controls/ControlRig_Wedge_1mm.uasset" 4342
"../../../Engine/Plugins/Animation/ControlRig/Content/Controls/ControlRig_Sphere_3mm.uasset" 4343
"../../../Engine/Plugins/Animation/ControlRig/Content/Controls/ControlRig_Triangle_solid.uasset" 4344
"../../../Engine/Content/Maps/Entry.umap" 4345
"../../../Engine/Content/EditorMaterials/PreviewShadowIndicator.uasset" 4346
"../../../Engine/Content/EditorMaterials/PreviewShadowIndicatorMaterial.uasset" 4347
"../../../Engine/Content/EngineMaterials/Substrate/GLints/dict_16_192_64_0p5_0p02_0063_0015.uasset" 4348
"../../../Engine/Content/EngineMaterials/Substrate/GLints/dict_16_192_64_0p5_0p02_0063_0014.uasset" 4349
"../../../Engine/Content/EngineMaterials/Substrate/GLints/dict_16_192_64_0p5_0p02_0063_0013.uasset" 4350
"../../../Engine/Content/EngineMaterials/Substrate/GLints/dict_16_192_64_0p5_0p02_0063_0008.uasset" 4351
"../../../Engine/Content/EngineMaterials/Substrate/GLints/dict_16_192_64_0p5_0p02_0063_0010.uasset" 4352
"../../../Engine/Content/EngineMaterials/Substrate/GLints/dict_16_192_64_0p5_0p02_0063_0012.uasset" 4353
"../../../Engine/Content/EngineMaterials/Substrate/GLints/dict_16_192_64_0p5_0p02_0063_0006.uasset" 4354
"../../../Engine/Content/EngineMaterials/Substrate/GLints/dict_16_192_64_0p5_0p02_0063_0004.uasset" 4355
"../../../Engine/Content/EngineMaterials/Substrate/GLints/dict_16_192_64_0p5_0p02_0063_0009.uasset" 4356
"../../../Engine/Content/EngineMaterials/Substrate/GLints/dict_16_192_64_0p5_0p02_0063_0011.uasset" 4357
"../../../Engine/Content/EngineMaterials/Substrate/GLints/dict_16_192_64_0p5_0p02_0063_0005.uasset" 4358
"../../../Engine/Content/EngineMaterials/Substrate/GLints/dict_16_192_64_0p5_0p02_0063_0003.uasset" 4359
"../../../Engine/Content/EngineMaterials/Substrate/GLints/dict_16_192_64_0p5_0p02_0063_0007.uasset" 4360
"/Engine/EngineMaterials/Substrate/GLints/dict_16_192_64_0p5_0p02_0063_0003" 4361
"/Engine/EngineMaterials/Substrate/GLints/dict_16_192_64_0p5_0p02_0063_0004" 4362
"/Engine/EngineMaterials/Substrate/GLints/dict_16_192_64_0p5_0p02_0063_0005" 4363
"/Engine/EngineMaterials/Substrate/GLints/dict_16_192_64_0p5_0p02_0063_0006" 4364
"/Engine/EngineMaterials/Substrate/GLints/dict_16_192_64_0p5_0p02_0063_0007" 4365
"/Engine/EngineMaterials/Substrate/GLints/dict_16_192_64_0p5_0p02_0063_0008" 4366
"/Engine/EngineMaterials/Substrate/GLints/dict_16_192_64_0p5_0p02_0063_0009" 4367
"/Engine/EngineMaterials/Substrate/GLints/dict_16_192_64_0p5_0p02_0063_0010" 4368
"/Engine/EngineMaterials/Substrate/GLints/dict_16_192_64_0p5_0p02_0063_0011" 4369
"/Engine/EngineMaterials/Substrate/GLints/dict_16_192_64_0p5_0p02_0063_0012" 4370
"/Engine/EngineMaterials/Substrate/GLints/dict_16_192_64_0p5_0p02_0063_0013" 4371
"/Engine/EngineMaterials/Substrate/GLints/dict_16_192_64_0p5_0p02_0063_0014" 4372
"/Engine/EngineMaterials/Substrate/GLints/dict_16_192_64_0p5_0p02_0063_0015" 4373
"/Engine/EditorMaterials/PreviewShadowIndicatorMaterial" 4374
"/Engine/Maps/Entry" 4375
"/ControlRig/Controls/ControlRig_Wedge_solid" 4376
"/ControlRig/Controls/ControlRig_Wedge_3mm" 4377
"/ControlRig/Controls/ControlRig_Wedge_1mm" 4378
"/ControlRig/Controls/ControlRig_Triangle_solid" 4379
"/ControlRig/Controls/ControlRig_Triangle_3mm" 4380
"/ControlRig/Controls/ControlRig_Triangle_1mm" 4381
"/ControlRig/Controls/ControlRig_Star4_solid" 4382
"/ControlRig/Controls/ControlRig_Star4_3mm" 4383
"/ControlRig/Controls/ControlRig_Star4_1mm" 4384
"/ControlRig/Controls/ControlRig_Square_solid" 4385
"/ControlRig/Controls/ControlRig_Square_3mm" 4386
"/ControlRig/Controls/ControlRig_Square_1mm" 4387
"/ControlRig/Controls/ControlRig_Sphere_3mm" 4388
"/ControlRig/Controls/ControlRig_Sphere_1mm" 4389
"/ControlRig/Controls/ControlRig_RoundedTriangle_solid" 4390
"../../../Engine/Content/EngineMaterials/Substrate/GLints/dict_16_192_64_0p5_0p02_0062_0013.uasset" 4391
"../../../Engine/Content/EngineMaterials/Substrate/GLints/dict_16_192_64_0p5_0p02_0062_0010.uasset" 4392
"../../../Engine/Content/EngineMaterials/Substrate/GLints/dict_16_192_64_0p5_0p02_0062_0009.uasset" 4393
"../../../Engine/Content/EngineMaterials/Substrate/GLints/dict_16_192_64_0p5_0p02_0063_0002.uasset" 4394
"../../../Engine/Content/EngineMaterials/Substrate/GLints/dict_16_192_64_0p5_0p02_0062_0012.uasset" 4395
"../../../Engine/Content/EngineMaterials/Substrate/GLints/dict_16_192_64_0p5_0p02_0063_0001.uasset" 4396
"../../../Engine/Content/EngineMaterials/Substrate/GLints/dict_16_192_64_0p5_0p02_0062_0011.uasset" 4397
"../../../Engine/Content/EngineMaterials/Substrate/GLints/dict_16_192_64_0p5_0p02_0062_0015.uasset" 4398
"../../../Engine/Content/EngineMaterials/Substrate/GLints/dict_16_192_64_0p5_0p02_0063_0000.uasset" 4399
"../../../Engine/Content/EngineMaterials/Substrate/GLints/dict_16_192_64_0p5_0p02_0062_0007.uasset" 4400
"../../../Engine/Content/EngineMaterials/Substrate/GLints/dict_16_192_64_0p5_0p02_0062_0014.uasset" 4401
"../../../Engine/Content/EngineMaterials/Substrate/GLints/dict_16_192_64_0p5_0p02_0062_0008.uasset" 4402
"../../../Engine/Content/EngineMaterials/Substrate/GLints/dict_16_192_64_0p5_0p02_0062_0005.uasset" 4403
"../../../Engine/Content/EngineMaterials/Substrate/GLints/dict_16_192_64_0p5_0p02_0062_0003.uasset" 4404
"../../../Engine/Content/EngineMaterials/Substrate/GLints/dict_16_192_64_0p5_0p02_0062_0004.uasset" 4405
"../../../Engine/Content/EngineMaterials/Substrate/GLints/dict_16_192_64_0p5_0p02_0062_0002.uasset" 4406
"../../../Engine/Content/EngineMaterials/Substrate/GLints/dict_16_192_64_0p5_0p02_0062_0001.uasset" 4407
"../../../Engine/Content/EngineMaterials/Substrate/GLints/dict_16_192_64_0p5_0p02_0061_0015.uasset" 4408
"../../../Engine/Content/EngineMaterials/Substrate/GLints/dict_16_192_64_0p5_0p02_0062_0000.uasset" 4409
"../../../Engine/Content/EngineMaterials/Substrate/GLints/dict_16_192_64_0p5_0p02_0061_0014.uasset" 4410
"../../../Engine/Content/EngineMaterials/Substrate/GLints/dict_16_192_64_0p5_0p02_0061_0011.uasset" 4411
"../../../Engine/Content/EngineMaterials/Substrate/GLints/dict_16_192_64_0p5_0p02_0061_0010.uasset" 4412
"../../../Engine/Content/EngineMaterials/Substrate/GLints/dict_16_192_64_0p5_0p02_0061_0007.uasset" 4413
"../../../Engine/Content/EngineMaterials/Substrate/GLints/dict_16_192_64_0p5_0p02_0061_0012.uasset" 4414
"../../../Engine/Content/EngineMaterials/Substrate/GLints/dict_16_192_64_0p5_0p02_0061_0005.uasset" 4415
"../../../Engine/Content/EngineMaterials/Substrate/GLints/dict_16_192_64_0p5_0p02_0061_0003.uasset" 4416
"../../../Engine/Content/EngineMaterials/Substrate/GLints/dict_16_192_64_0p5_0p02_0061_0008.uasset" 4417
"../../../Engine/Content/EngineMaterials/Substrate/GLints/dict_16_192_64_0p5_0p02_0061_0004.uasset" 4418
"../../../Engine/Content/EngineMaterials/Substrate/GLints/dict_16_192_64_0p5_0p02_0061_0013.uasset" 4419
"../../../Engine/Content/EngineMaterials/Substrate/GLints/dict_16_192_64_0p5_0p02_0061_0009.uasset" 4420
"../../../Engine/Content/EngineMaterials/Substrate/GLints/dict_16_192_64_0p5_0p02_0061_0006.uasset" 4421
"../../../Engine/Content/EngineMaterials/Substrate/GLints/dict_16_192_64_0p5_0p02_0062_0006.uasset" 4422
"../../../Engine/Plugins/Animation/DeformerGraph/Shaders/Private/DataInterfaceCustomComputeKernel.ush" 4423
"../../../Engine/Plugins/Animation/DeformerGraph/Shaders/Private/DataInterfaceCloth.ush" 4424
"../../../Engine/Plugins/Animation/DeformerGraph/Shaders/Private/DataInterfaceSkinnedMeshRead.ush" 4425
"../../../Engine/Plugins/Animation/DeformerGraph/Shaders/Private/DataInterfaceSkeleton.ush" 4426
"../../../Engine/Plugins/Animation/DeformerGraph/Shaders/Private/DataInterfaceSkeletonCommon.ush" 4427
"../../../Engine/Plugins/Animation/DeformerGraph/Shaders/Private/DataInterfaceMorphTarget.ush" 4428
"../../../Engine/Plugins/Animation/DeformerGraph/Shaders/Private/DataInterfaceSkinnedMeshWrite.ush" 4429
"../../../Engine/Plugins/Animation/DeformerGraph/Shaders/Private/DataInterfaceRawBuffer.ush" 4430
"../../../Engine/Plugins/Runtime/ComputeFramework/Shaders/Private/BufferAlias.ush" 4431
"../../../Engine/Plugins/Animation/DeformerGraph/Shaders/Private/DataInterfaceSkinnedMesh.ush" 4432
"../../../Engine/Plugins/Animation/DeformerGraph/Shaders/Private/DataInterfaceHalfEdge.ush" 4433
"/Engine/EngineMaterials/Substrate/GLints/dict_16_192_64_0p5_0p02_0061_0003" 4434
"/Engine/EngineMaterials/Substrate/GLints/dict_16_192_64_0p5_0p02_0061_0004" 4435
"/Engine/EngineMaterials/Substrate/GLints/dict_16_192_64_0p5_0p02_0061_0005" 4436
"/Engine/EngineMaterials/Substrate/GLints/dict_16_192_64_0p5_0p02_0061_0006" 4437
"/Engine/EngineMaterials/Substrate/GLints/dict_16_192_64_0p5_0p02_0061_0007" 4438
"/Engine/EngineMaterials/Substrate/GLints/dict_16_192_64_0p5_0p02_0061_0008" 4439
"/Engine/EngineMaterials/Substrate/GLints/dict_16_192_64_0p5_0p02_0061_0009" 4440
"/Engine/EngineMaterials/Substrate/GLints/dict_16_192_64_0p5_0p02_0061_0010" 4441
"/Engine/EngineMaterials/Substrate/GLints/dict_16_192_64_0p5_0p02_0061_0011" 4442
"/Engine/EngineMaterials/Substrate/GLints/dict_16_192_64_0p5_0p02_0061_0012" 4443
"/Engine/EngineMaterials/Substrate/GLints/dict_16_192_64_0p5_0p02_0061_0013" 4444
"/Engine/EngineMaterials/Substrate/GLints/dict_16_192_64_0p5_0p02_0061_0014" 4445
"/Engine/EngineMaterials/Substrate/GLints/dict_16_192_64_0p5_0p02_0061_0015" 4446
"/Engine/EngineMaterials/Substrate/GLints/dict_16_192_64_0p5_0p02_0062_0000" 4447
"/Engine/EngineMaterials/Substrate/GLints/dict_16_192_64_0p5_0p02_0062_0001" 4448
"/Engine/EngineMaterials/Substrate/GLints/dict_16_192_64_0p5_0p02_0062_0002" 4449
"/Engine/EngineMaterials/Substrate/GLints/dict_16_192_64_0p5_0p02_0062_0003" 4450
"/Engine/EngineMaterials/Substrate/GLints/dict_16_192_64_0p5_0p02_0062_0004" 4451
"/Engine/EngineMaterials/Substrate/GLints/dict_16_192_64_0p5_0p02_0062_0005" 4452
"/Engine/EngineMaterials/Substrate/GLints/dict_16_192_64_0p5_0p02_0062_0006" 4453
"/Engine/EngineMaterials/Substrate/GLints/dict_16_192_64_0p5_0p02_0062_0007" 4454
"/Engine/EngineMaterials/Substrate/GLints/dict_16_192_64_0p5_0p02_0062_0008" 4455
"/Engine/EngineMaterials/Substrate/GLints/dict_16_192_64_0p5_0p02_0062_0009" 4456
"/Engine/EngineMaterials/Substrate/GLints/dict_16_192_64_0p5_0p02_0062_0010" 4457
"/Engine/EngineMaterials/Substrate/GLints/dict_16_192_64_0p5_0p02_0062_0011" 4458
"/Engine/EngineMaterials/Substrate/GLints/dict_16_192_64_0p5_0p02_0062_0012" 4459
"/Engine/EngineMaterials/Substrate/GLints/dict_16_192_64_0p5_0p02_0062_0013" 4460
"/Engine/EngineMaterials/Substrate/GLints/dict_16_192_64_0p5_0p02_0062_0014" 4461
"/Engine/EngineMaterials/Substrate/GLints/dict_16_192_64_0p5_0p02_0062_0015" 4462
"/Engine/EngineMaterials/Substrate/GLints/dict_16_192_64_0p5_0p02_0063_0000" 4463
"/Engine/EngineMaterials/Substrate/GLints/dict_16_192_64_0p5_0p02_0063_0001" 4464
"/Engine/EngineMaterials/Substrate/GLints/dict_16_192_64_0p5_0p02_0063_0002" 4465
"../../../Engine/Content/EngineMaterials/Substrate/GLints/dict_16_192_64_0p5_0p02_0061_0001.uasset" 4466
"../../../Engine/Content/EngineMaterials/Substrate/GLints/dict_16_192_64_0p5_0p02_0061_0000.uasset" 4467
"../../../Engine/Content/EngineMaterials/Substrate/GLints/dict_16_192_64_0p5_0p02_0060_0014.uasset" 4468
"../../../Engine/Content/EngineMaterials/Substrate/GLints/dict_16_192_64_0p5_0p02_0060_0008.uasset" 4469
"../../../Engine/Content/EngineMaterials/Substrate/GLints/dict_16_192_64_0p5_0p02_0060_0013.uasset" 4470
"../../../Engine/Content/EngineMaterials/Substrate/GLints/dict_16_192_64_0p5_0p02_0060_0002.uasset" 4471
"../../../Engine/Content/EngineMaterials/Substrate/GLints/dict_16_192_64_0p5_0p02_0060_0006.uasset" 4472
"../../../Engine/Content/EngineMaterials/Substrate/GLints/dict_16_192_64_0p5_0p02_0060_0007.uasset" 4473
"../../../Engine/Content/EngineMaterials/Substrate/GLints/dict_16_192_64_0p5_0p02_0060_0005.uasset" 4474
"../../../Engine/Content/EngineMaterials/Substrate/GLints/dict_16_192_64_0p5_0p02_0061_0002.uasset" 4475
"../../../Engine/Content/EngineMaterials/Substrate/GLints/dict_16_192_64_0p5_0p02_0060_0004.uasset" 4476
"../../../Engine/Content/EngineMaterials/Substrate/GLints/dict_16_192_64_0p5_0p02_0060_0001.uasset" 4477
"../../../Engine/Content/EngineMaterials/Substrate/GLints/dict_16_192_64_0p5_0p02_0060_0000.uasset" 4478
"../../../Engine/Content/EngineMaterials/Substrate/GLints/dict_16_192_64_0p5_0p02_0059_0014.uasset" 4479
"../../../Engine/Content/EngineMaterials/Substrate/GLints/dict_16_192_64_0p5_0p02_0059_0011.uasset" 4480
"../../../Engine/Content/EngineMaterials/Substrate/GLints/dict_16_192_64_0p5_0p02_0060_0003.uasset" 4481
"../../../Engine/Content/EngineMaterials/Substrate/GLints/dict_16_192_64_0p5_0p02_0059_0010.uasset" 4482
"../../../Engine/Content/EngineMaterials/Substrate/GLints/dict_16_192_64_0p5_0p02_0060_0015.uasset" 4483
"../../../Engine/Content/EngineMaterials/Substrate/GLints/dict_16_192_64_0p5_0p02_0059_0009.uasset" 4484
"../../../Engine/Content/EngineMaterials/Substrate/GLints/dict_16_192_64_0p5_0p02_0059_0008.uasset" 4485
"../../../Engine/Content/EngineMaterials/Substrate/GLints/dict_16_192_64_0p5_0p02_0059_0007.uasset" 4486
"../../../Engine/Content/EngineMaterials/Substrate/GLints/dict_16_192_64_0p5_0p02_0060_0012.uasset" 4487
"../../../Engine/Content/EngineMaterials/Substrate/GLints/dict_16_192_64_0p5_0p02_0059_0006.uasset" 4488
"../../../Engine/Content/EngineMaterials/Substrate/GLints/dict_16_192_64_0p5_0p02_0059_0005.uasset" 4489
"../../../Engine/Content/EngineMaterials/Substrate/GLints/dict_16_192_64_0p5_0p02_0059_0004.uasset" 4490
"../../../Engine/Content/EngineMaterials/Substrate/GLints/dict_16_192_64_0p5_0p02_0059_0003.uasset" 4491
"/Engine/EngineMaterials/Substrate/GLints/dict_16_192_64_0p5_0p02_0060_0001" 4492
"/Engine/EngineMaterials/Substrate/GLints/dict_16_192_64_0p5_0p02_0060_0002" 4493
"/Engine/EngineMaterials/Substrate/GLints/dict_16_192_64_0p5_0p02_0060_0004" 4494
"/Engine/EngineMaterials/Substrate/GLints/dict_16_192_64_0p5_0p02_0060_0005" 4495
"/Engine/EngineMaterials/Substrate/GLints/dict_16_192_64_0p5_0p02_0060_0006" 4496
"/Engine/EngineMaterials/Substrate/GLints/dict_16_192_64_0p5_0p02_0060_0007" 4497
"/Engine/EngineMaterials/Substrate/GLints/dict_16_192_64_0p5_0p02_0060_0008" 4498
"/Engine/EngineMaterials/Substrate/GLints/dict_16_192_64_0p5_0p02_0060_0013" 4499
"/Engine/EngineMaterials/Substrate/GLints/dict_16_192_64_0p5_0p02_0060_0014" 4500
"/Engine/EngineMaterials/Substrate/GLints/dict_16_192_64_0p5_0p02_0061_0000" 4501
"/Engine/EngineMaterials/Substrate/GLints/dict_16_192_64_0p5_0p02_0061_0001" 4502
"/Engine/EngineMaterials/Substrate/GLints/dict_16_192_64_0p5_0p02_0061_0002" 4503
"../../../Engine/Content/EngineMaterials/Substrate/GLints/dict_16_192_64_0p5_0p02_0059_0013.uasset" 4504
"/Engine/EngineMaterials/Substrate/GLints/dict_16_192_64_0p5_0p02_0059_0003" 4505
"/Engine/EngineMaterials/Substrate/GLints/dict_16_192_64_0p5_0p02_0059_0004" 4506
"/Engine/EngineMaterials/Substrate/GLints/dict_16_192_64_0p5_0p02_0059_0005" 4507
"/Engine/EngineMaterials/Substrate/GLints/dict_16_192_64_0p5_0p02_0059_0006" 4508
"/Engine/EngineMaterials/Substrate/GLints/dict_16_192_64_0p5_0p02_0059_0007" 4509
"/Engine/EngineMaterials/Substrate/GLints/dict_16_192_64_0p5_0p02_0059_0008" 4510
"/Engine/EngineMaterials/Substrate/GLints/dict_16_192_64_0p5_0p02_0059_0009" 4511
"/Engine/EngineMaterials/Substrate/GLints/dict_16_192_64_0p5_0p02_0059_0010" 4512
"/Engine/EngineMaterials/Substrate/GLints/dict_16_192_64_0p5_0p02_0059_0011" 4513
"/Engine/EngineMaterials/Substrate/GLints/dict_16_192_64_0p5_0p02_0059_0013" 4514
"/Engine/EngineMaterials/Substrate/GLints/dict_16_192_64_0p5_0p02_0059_0014" 4515
"../../../Engine/Content/EngineMaterials/Substrate/GLints/dict_16_192_64_0p5_0p02_0059_0015.uasset" 4516
"/Engine/EngineMaterials/Substrate/GLints/dict_16_192_64_0p5_0p02_0060_0000" 4517
"/Engine/EngineMaterials/Substrate/GLints/dict_16_192_64_0p5_0p02_0060_0003" 4518
"/Engine/EngineMaterials/Substrate/GLints/dict_16_192_64_0p5_0p02_0060_0012" 4519
"/Engine/EngineMaterials/Substrate/GLints/dict_16_192_64_0p5_0p02_0060_0015" 4520
"../../../Engine/Content/EngineMaterials/Substrate/GLints/dict_16_192_64_0p5_0p02_0060_0009.uasset" 4521
"/Engine/EngineMaterials/Substrate/GLints/dict_16_192_64_0p5_0p02_0059_0015" 4522
"/Engine/EngineMaterials/Substrate/GLints/dict_16_192_64_0p5_0p02_0060_0009" 4523
"../../../Engine/Content/EngineMaterials/Substrate/GLints/dict_16_192_64_0p5_0p02_0059_0001.uasset" 4524
"/Engine/EngineMaterials/Substrate/GLints/dict_16_192_64_0p5_0p02_0059_0001" 4525
"../../../Engine/Content/EngineMaterials/Substrate/GLints/dict_16_192_64_0p5_0p02_0059_0002.uasset" 4526
"../../../Engine/Content/EngineMaterials/Substrate/GLints/dict_16_192_64_0p5_0p02_0059_0000.uasset" 4527
"/Engine/EngineMaterials/Substrate/GLints/dict_16_192_64_0p5_0p02_0059_0000" 4528
"../../../Engine/Content/EngineMaterials/Substrate/GLints/dict_16_192_64_0p5_0p02_0058_0014.uasset" 4529
"/Engine/EngineMaterials/Substrate/GLints/dict_16_192_64_0p5_0p02_0059_0002" 4530
"/Engine/EngineMaterials/Substrate/GLints/dict_16_192_64_0p5_0p02_0058_0014" 4531
"../../../Engine/Content/EngineMaterials/Substrate/GLints/dict_16_192_64_0p5_0p02_0058_0013.uasset" 4532
"../../../Engine/Content/EngineMaterials/Substrate/GLints/dict_16_192_64_0p5_0p02_0058_0011.uasset" 4533
"../../../Engine/Content/EngineMaterials/Substrate/GLints/dict_16_192_64_0p5_0p02_0058_0012.uasset" 4534
"../../../Engine/Content/EngineMaterials/Substrate/GLints/dict_16_192_64_0p5_0p02_0060_0010.uasset" 4535
"../../../Engine/Content/EngineMaterials/Substrate/GLints/dict_16_192_64_0p5_0p02_0058_0010.uasset" 4536
"../../../Engine/Content/EngineMaterials/Substrate/GLints/dict_16_192_64_0p5_0p02_0058_0005.uasset" 4537
"../../../Engine/Content/EngineMaterials/Substrate/GLints/dict_16_192_64_0p5_0p02_0059_0012.uasset" 4538
"../../../Engine/Content/EngineMaterials/Substrate/GLints/dict_16_192_64_0p5_0p02_0058_0008.uasset" 4539
"../../../Engine/Content/EngineMaterials/Substrate/GLints/dict_16_192_64_0p5_0p02_0058_0003.uasset" 4540
"../../../Engine/Content/EngineMaterials/Substrate/GLints/dict_16_192_64_0p5_0p02_0057_0015.uasset" 4541
"../../../Engine/Content/EngineMaterials/Substrate/GLints/dict_16_192_64_0p5_0p02_0058_0004.uasset" 4542
"../../../Engine/Content/EngineMaterials/Substrate/GLints/dict_16_192_64_0p5_0p02_0058_0007.uasset" 4543
"../../../Engine/Content/EngineMaterials/Substrate/GLints/dict_16_192_64_0p5_0p02_0058_0002.uasset" 4544
"../../../Engine/Content/EngineMaterials/Substrate/GLints/dict_16_192_64_0p5_0p02_0057_0014.uasset" 4545
"../../../Engine/Content/EngineMaterials/Substrate/GLints/dict_16_192_64_0p5_0p02_0058_0001.uasset" 4546
"../../../Engine/Content/EngineMaterials/Substrate/GLints/dict_16_192_64_0p5_0p02_0058_0000.uasset" 4547
"../../../Engine/Content/EngineMaterials/Substrate/GLints/dict_16_192_64_0p5_0p02_0060_0011.uasset" 4548
"../../../Engine/Content/EngineMaterials/Substrate/GLints/dict_16_192_64_0p5_0p02_0057_0013.uasset" 4549
"../../../Engine/Content/EngineMaterials/Substrate/GLints/dict_16_192_64_0p5_0p02_0057_0012.uasset" 4550
"../../../Engine/Content/EngineMaterials/Substrate/GLints/dict_16_192_64_0p5_0p02_0057_0011.uasset" 4551
"../../../Engine/Content/EngineMaterials/Substrate/GLints/dict_16_192_64_0p5_0p02_0057_0009.uasset" 4552
"../../../Engine/Content/EngineMaterials/Substrate/GLints/dict_16_192_64_0p5_0p02_0057_0008.uasset" 4553
"../../../Engine/Content/EngineMaterials/Substrate/GLints/dict_16_192_64_0p5_0p02_0057_0007.uasset" 4554
"../../../Engine/Content/EngineMaterials/Substrate/GLints/dict_16_192_64_0p5_0p02_0057_0006.uasset" 4555
"../../../Engine/Content/EngineMaterials/Substrate/GLints/dict_16_192_64_0p5_0p02_0057_0005.uasset" 4556
"../../../Engine/Content/EngineMaterials/Substrate/GLints/dict_16_192_64_0p5_0p02_0057_0002.uasset" 4557
"../../../Engine/Content/EngineMaterials/Substrate/GLints/dict_16_192_64_0p5_0p02_0057_0003.uasset" 4558
"../../../Engine/Content/EngineMaterials/Substrate/GLints/dict_16_192_64_0p5_0p02_0057_0004.uasset" 4559
"../../../Engine/Content/EngineMaterials/Substrate/GLints/dict_16_192_64_0p5_0p02_0058_0015.uasset" 4560
"/Engine/EngineMaterials/Substrate/GLints/dict_16_192_64_0p5_0p02_0058_0013" 4561
"/Engine/EngineMaterials/Substrate/GLints/dict_16_192_64_0p5_0p02_0057_0008" 4562
"/Engine/EngineMaterials/Substrate/GLints/dict_16_192_64_0p5_0p02_0057_0009" 4563
"/Engine/EngineMaterials/Substrate/GLints/dict_16_192_64_0p5_0p02_0057_0011" 4564
"/Engine/EngineMaterials/Substrate/GLints/dict_16_192_64_0p5_0p02_0057_0012" 4565
"/Engine/EngineMaterials/Substrate/GLints/dict_16_192_64_0p5_0p02_0057_0013" 4566
"../../../Engine/Content/EngineMaterials/Substrate/GLints/dict_16_192_64_0p5_0p02_0058_0009.uasset" 4567
"/Engine/EngineMaterials/Substrate/GLints/dict_16_192_64_0p5_0p02_0057_0014" 4568
"/Engine/EngineMaterials/Substrate/GLints/dict_16_192_64_0p5_0p02_0057_0015" 4569
"/Engine/EngineMaterials/Substrate/GLints/dict_16_192_64_0p5_0p02_0058_0000" 4570
"/Engine/EngineMaterials/Substrate/GLints/dict_16_192_64_0p5_0p02_0059_0012" 4571
"/Engine/EngineMaterials/Substrate/GLints/dict_16_192_64_0p5_0p02_0058_0001" 4572
"/Engine/EngineMaterials/Substrate/GLints/dict_16_192_64_0p5_0p02_0058_0002" 4573
"/Engine/EngineMaterials/Substrate/GLints/dict_16_192_64_0p5_0p02_0057_0007" 4574
"/Engine/EngineMaterials/Substrate/GLints/dict_16_192_64_0p5_0p02_0058_0003" 4575
"/Engine/EngineMaterials/Substrate/GLints/dict_16_192_64_0p5_0p02_0058_0007" 4576
"/Engine/EngineMaterials/Substrate/GLints/dict_16_192_64_0p5_0p02_0058_0008" 4577
"../../../Engine/Content/EngineMaterials/Substrate/GLints/dict_16_192_64_0p5_0p02_0057_0010.uasset" 4578
"/Engine/EngineMaterials/Substrate/GLints/dict_16_192_64_0p5_0p02_0058_0004" 4579
"/Engine/EngineMaterials/Substrate/GLints/dict_16_192_64_0p5_0p02_0058_0010" 4580
"/Engine/EngineMaterials/Substrate/GLints/dict_16_192_64_0p5_0p02_0058_0011" 4581
"/Engine/EngineMaterials/Substrate/GLints/dict_16_192_64_0p5_0p02_0058_0012" 4582
"/Engine/EngineMaterials/Substrate/GLints/dict_16_192_64_0p5_0p02_0057_0006" 4583
"../../../Engine/Content/EngineMaterials/Substrate/GLints/dict_16_192_64_0p5_0p02_0058_0006.uasset" 4584
"/Engine/EngineMaterials/Substrate/GLints/dict_16_192_64_0p5_0p02_0060_0010" 4585
"/Engine/EngineMaterials/Substrate/GLints/dict_16_192_64_0p5_0p02_0060_0011" 4586
"/Engine/EngineMaterials/Substrate/GLints/dict_16_192_64_0p5_0p02_0058_0005" 4587
"/Engine/EngineMaterials/Substrate/GLints/dict_16_192_64_0p5_0p02_0057_0002" 4588
"/Engine/EngineMaterials/Substrate/GLints/dict_16_192_64_0p5_0p02_0058_0015" 4589
"../../../Engine/Content/EngineMaterials/Substrate/GLints/dict_16_192_64_0p5_0p02_0057_0001.uasset" 4590
"/Engine/EngineMaterials/Substrate/GLints/dict_16_192_64_0p5_0p02_0057_0003" 4591
"/Engine/EngineMaterials/Substrate/GLints/dict_16_192_64_0p5_0p02_0057_0005" 4592
"/Engine/EngineMaterials/Substrate/GLints/dict_16_192_64_0p5_0p02_0057_0004" 4593
"/Engine/EngineMaterials/Substrate/GLints/dict_16_192_64_0p5_0p02_0057_0010" 4594
"/Engine/EngineMaterials/Substrate/GLints/dict_16_192_64_0p5_0p02_0058_0009" 4595
"/Engine/EngineMaterials/Substrate/GLints/dict_16_192_64_0p5_0p02_0057_0001" 4596
"/Engine/EngineMaterials/Substrate/GLints/dict_16_192_64_0p5_0p02_0058_0006" 4597
"../../../Engine/Content/EngineMaterials/Substrate/GLints/dict_16_192_64_0p5_0p02_0056_0012.uasset" 4598
"../../../Engine/Content/EngineMaterials/Substrate/GLints/dict_16_192_64_0p5_0p02_0056_0011.uasset" 4599
"../../../Engine/Content/EngineMaterials/Substrate/GLints/dict_16_192_64_0p5_0p02_0056_0010.uasset" 4600
"../../../Engine/Content/EngineMaterials/Substrate/GLints/dict_16_192_64_0p5_0p02_0056_0013.uasset" 4601
"../../../Engine/Content/EngineMaterials/Substrate/GLints/dict_16_192_64_0p5_0p02_0057_0000.uasset" 4602
"../../../Engine/Content/EngineMaterials/Substrate/GLints/dict_16_192_64_0p5_0p02_0056_0014.uasset" 4603
"../../../Engine/Content/EngineMaterials/Substrate/GLints/dict_16_192_64_0p5_0p02_0056_0015.uasset" 4604
"../../../Engine/Content/EngineMaterials/Substrate/GLints/dict_16_192_64_0p5_0p02_0056_0008.uasset" 4605
"../../../Engine/Content/EngineMaterials/Substrate/GLints/dict_16_192_64_0p5_0p02_0056_0009.uasset" 4606
"../../../Engine/Content/EngineMaterials/Substrate/GLints/dict_16_192_64_0p5_0p02_0056_0007.uasset" 4607
"../../../Engine/Content/EngineMaterials/Substrate/GLints/dict_16_192_64_0p5_0p02_0056_0005.uasset" 4608
"../../../Engine/Content/EngineMaterials/Substrate/GLints/dict_16_192_64_0p5_0p02_0056_0004.uasset" 4609
"../../../Engine/Content/EngineMaterials/Substrate/GLints/dict_16_192_64_0p5_0p02_0056_0002.uasset" 4610
"../../../Engine/Content/EngineMaterials/Substrate/GLints/dict_16_192_64_0p5_0p02_0056_0006.uasset" 4611
"../../../Engine/Content/EngineMaterials/Substrate/GLints/dict_16_192_64_0p5_0p02_0056_0003.uasset" 4612
"../../../Engine/Content/EngineMaterials/Substrate/GLints/dict_16_192_64_0p5_0p02_0056_0000.uasset" 4613
"../../../Engine/Content/EngineMaterials/Substrate/GLints/dict_16_192_64_0p5_0p02_0056_0001.uasset" 4614
"../../../Engine/Content/EngineMaterials/Substrate/GLints/dict_16_192_64_0p5_0p02_0055_0013.uasset" 4615
"../../../Engine/Content/EngineMaterials/Substrate/GLints/dict_16_192_64_0p5_0p02_0055_0015.uasset" 4616
"../../../Engine/Content/EngineMaterials/Substrate/GLints/dict_16_192_64_0p5_0p02_0055_0012.uasset" 4617
"../../../Engine/Content/EngineMaterials/Substrate/GLints/dict_16_192_64_0p5_0p02_0055_0014.uasset" 4618
"../../../Engine/Content/EngineMaterials/Substrate/GLints/dict_16_192_64_0p5_0p02_0055_0011.uasset" 4619
"../../../Engine/Content/EngineMaterials/Substrate/GLints/dict_16_192_64_0p5_0p02_0055_0006.uasset" 4620
"../../../Engine/Content/EngineMaterials/Substrate/GLints/dict_16_192_64_0p5_0p02_0055_0008.uasset" 4621
"../../../Engine/Content/EngineMaterials/Substrate/GLints/dict_16_192_64_0p5_0p02_0055_0007.uasset" 4622
"../../../Engine/Content/EngineMaterials/Substrate/GLints/dict_16_192_64_0p5_0p02_0055_0010.uasset" 4623
"../../../Engine/Content/EngineMaterials/Substrate/GLints/dict_16_192_64_0p5_0p02_0055_0009.uasset" 4624
"../../../Engine/Content/EngineMaterials/Substrate/GLints/dict_16_192_64_0p5_0p02_0055_0004.uasset" 4625
"../../../Engine/Content/EngineMaterials/Substrate/GLints/dict_16_192_64_0p5_0p02_0055_0005.uasset" 4626
"../../../Engine/Content/EngineMaterials/Substrate/GLints/dict_16_192_64_0p5_0p02_0055_0003.uasset" 4627
"../../../Engine/Content/EngineMaterials/Substrate/GLints/dict_16_192_64_0p5_0p02_0055_0002.uasset" 4628
"../../../Engine/Content/EngineMaterials/Substrate/GLints/dict_16_192_64_0p5_0p02_0055_0001.uasset" 4629
"/Engine/EngineMaterials/Substrate/GLints/dict_16_192_64_0p5_0p02_0055_0005" 4630
"/Engine/EngineMaterials/Substrate/GLints/dict_16_192_64_0p5_0p02_0055_0006" 4631
"/Engine/EngineMaterials/Substrate/GLints/dict_16_192_64_0p5_0p02_0055_0001" 4632
"/Engine/EngineMaterials/Substrate/GLints/dict_16_192_64_0p5_0p02_0055_0007" 4633
"/Engine/EngineMaterials/Substrate/GLints/dict_16_192_64_0p5_0p02_0055_0008" 4634
"/Engine/EngineMaterials/Substrate/GLints/dict_16_192_64_0p5_0p02_0055_0009" 4635
"/Engine/EngineMaterials/Substrate/GLints/dict_16_192_64_0p5_0p02_0055_0010" 4636
"/Engine/EngineMaterials/Substrate/GLints/dict_16_192_64_0p5_0p02_0055_0011" 4637
"/Engine/EngineMaterials/Substrate/GLints/dict_16_192_64_0p5_0p02_0055_0012" 4638
"/Engine/EngineMaterials/Substrate/GLints/dict_16_192_64_0p5_0p02_0055_0013" 4639
"/Engine/EngineMaterials/Substrate/GLints/dict_16_192_64_0p5_0p02_0055_0014" 4640
"/Engine/EngineMaterials/Substrate/GLints/dict_16_192_64_0p5_0p02_0055_0015" 4641
"/Engine/EngineMaterials/Substrate/GLints/dict_16_192_64_0p5_0p02_0056_0000" 4642
"/Engine/EngineMaterials/Substrate/GLints/dict_16_192_64_0p5_0p02_0056_0001" 4643
"/Engine/EngineMaterials/Substrate/GLints/dict_16_192_64_0p5_0p02_0056_0002" 4644
"/Engine/EngineMaterials/Substrate/GLints/dict_16_192_64_0p5_0p02_0056_0003" 4645
"/Engine/EngineMaterials/Substrate/GLints/dict_16_192_64_0p5_0p02_0056_0004" 4646
"/Engine/EngineMaterials/Substrate/GLints/dict_16_192_64_0p5_0p02_0055_0002" 4647
"/Engine/EngineMaterials/Substrate/GLints/dict_16_192_64_0p5_0p02_0056_0005" 4648
"/Engine/EngineMaterials/Substrate/GLints/dict_16_192_64_0p5_0p02_0056_0006" 4649
"/Engine/EngineMaterials/Substrate/GLints/dict_16_192_64_0p5_0p02_0056_0007" 4650
"/Engine/EngineMaterials/Substrate/GLints/dict_16_192_64_0p5_0p02_0055_0003" 4651
"/Engine/EngineMaterials/Substrate/GLints/dict_16_192_64_0p5_0p02_0056_0008" 4652
"/Engine/EngineMaterials/Substrate/GLints/dict_16_192_64_0p5_0p02_0056_0009" 4653
"/Engine/EngineMaterials/Substrate/GLints/dict_16_192_64_0p5_0p02_0056_0010" 4654
"/Engine/EngineMaterials/Substrate/GLints/dict_16_192_64_0p5_0p02_0056_0011" 4655
"/Engine/EngineMaterials/Substrate/GLints/dict_16_192_64_0p5_0p02_0056_0012" 4656
"/Engine/EngineMaterials/Substrate/GLints/dict_16_192_64_0p5_0p02_0056_0013" 4657
"/Engine/EngineMaterials/Substrate/GLints/dict_16_192_64_0p5_0p02_0055_0004" 4658
"/Engine/EngineMaterials/Substrate/GLints/dict_16_192_64_0p5_0p02_0056_0014" 4659
"/Engine/EngineMaterials/Substrate/GLints/dict_16_192_64_0p5_0p02_0056_0015" 4660
"/Engine/EngineMaterials/Substrate/GLints/dict_16_192_64_0p5_0p02_0057_0000" 4661
"../../../Engine/Content/EngineMaterials/Substrate/GLints/dict_16_192_64_0p5_0p02_0054_0011.uasset" 4662
"../../../Engine/Content/EngineMaterials/Substrate/GLints/dict_16_192_64_0p5_0p02_0054_0007.uasset" 4663
"../../../Engine/Content/EngineMaterials/Substrate/GLints/dict_16_192_64_0p5_0p02_0054_0006.uasset" 4664
"../../../Engine/Content/EngineMaterials/Substrate/GLints/dict_16_192_64_0p5_0p02_0054_0004.uasset" 4665
"../../../Engine/Content/EngineMaterials/Substrate/GLints/dict_16_192_64_0p5_0p02_0054_0010.uasset" 4666
"../../../Engine/Content/EngineMaterials/Substrate/GLints/dict_16_192_64_0p5_0p02_0054_0012.uasset" 4667
"../../../Engine/Content/EngineMaterials/Substrate/GLints/dict_16_192_64_0p5_0p02_0054_0009.uasset" 4668
"../../../Engine/Content/EngineMaterials/Substrate/GLints/dict_16_192_64_0p5_0p02_0054_0015.uasset" 4669
"../../../Engine/Content/EngineMaterials/Substrate/GLints/dict_16_192_64_0p5_0p02_0054_0013.uasset" 4670
"../../../Engine/Content/EngineMaterials/Substrate/GLints/dict_16_192_64_0p5_0p02_0054_0002.uasset" 4671
"../../../Engine/Content/EngineMaterials/Substrate/GLints/dict_16_192_64_0p5_0p02_0054_0014.uasset" 4672
"../../../Engine/Content/EngineMaterials/Substrate/GLints/dict_16_192_64_0p5_0p02_0055_0000.uasset" 4673
"../../../Engine/Content/EngineMaterials/Substrate/GLints/dict_16_192_64_0p5_0p02_0054_0005.uasset" 4674
"../../../Engine/Content/EngineMaterials/Substrate/GLints/dict_16_192_64_0p5_0p02_0054_0003.uasset" 4675
"../../../Engine/Content/EngineMaterials/Substrate/GLints/dict_16_192_64_0p5_0p02_0054_0008.uasset" 4676
"../../../Engine/Content/EngineMaterials/Substrate/GLints/dict_16_192_64_0p5_0p02_0053_0009.uasset" 4677
"../../../Engine/Content/EngineMaterials/Substrate/GLints/dict_16_192_64_0p5_0p02_0053_0007.uasset" 4678
"../../../Engine/Content/EngineMaterials/Substrate/GLints/dict_16_192_64_0p5_0p02_0053_0015.uasset" 4679
"../../../Engine/Content/EngineMaterials/Substrate/GLints/dict_16_192_64_0p5_0p02_0054_0000.uasset" 4680
"../../../Engine/Content/EngineMaterials/Substrate/GLints/dict_16_192_64_0p5_0p02_0053_0006.uasset" 4681
"../../../Engine/Content/EngineMaterials/Substrate/GLints/dict_16_192_64_0p5_0p02_0053_0012.uasset" 4682
"../../../Engine/Content/EngineMaterials/Substrate/GLints/dict_16_192_64_0p5_0p02_0054_0001.uasset" 4683
"../../../Engine/Content/EngineMaterials/Substrate/GLints/dict_16_192_64_0p5_0p02_0053_0005.uasset" 4684
"../../../Engine/Content/EngineMaterials/Substrate/GLints/dict_16_192_64_0p5_0p02_0053_0011.uasset" 4685
"../../../Engine/Content/EngineMaterials/Substrate/GLints/dict_16_192_64_0p5_0p02_0053_0014.uasset" 4686
"../../../Engine/Content/EngineMaterials/Substrate/GLints/dict_16_192_64_0p5_0p02_0053_0010.uasset" 4687
"../../../Engine/Content/EngineMaterials/Substrate/GLints/dict_16_192_64_0p5_0p02_0053_0004.uasset" 4688
"../../../Engine/Content/EngineMaterials/Substrate/GLints/dict_16_192_64_0p5_0p02_0053_0003.uasset" 4689
"../../../Engine/Content/EngineMaterials/Substrate/GLints/dict_16_192_64_0p5_0p02_0053_0008.uasset" 4690
"../../../Engine/Content/EngineMaterials/Substrate/GLints/dict_16_192_64_0p5_0p02_0053_0013.uasset" 4691
"../../../Engine/Content/EngineMaterials/Substrate/GLints/dict_16_192_64_0p5_0p02_0053_0001.uasset" 4692
"../../../Engine/Content/EngineMaterials/Substrate/GLints/dict_16_192_64_0p5_0p02_0053_0002.uasset" 4693
"/Engine/EngineMaterials/Substrate/GLints/dict_16_192_64_0p5_0p02_0053_0001" 4694
"/Engine/EngineMaterials/Substrate/GLints/dict_16_192_64_0p5_0p02_0053_0002" 4695
"/Engine/EngineMaterials/Substrate/GLints/dict_16_192_64_0p5_0p02_0053_0003" 4696
"/Engine/EngineMaterials/Substrate/GLints/dict_16_192_64_0p5_0p02_0053_0004" 4697
"/Engine/EngineMaterials/Substrate/GLints/dict_16_192_64_0p5_0p02_0053_0005" 4698
"/Engine/EngineMaterials/Substrate/GLints/dict_16_192_64_0p5_0p02_0053_0006" 4699
"/Engine/EngineMaterials/Substrate/GLints/dict_16_192_64_0p5_0p02_0053_0007" 4700
"/Engine/EngineMaterials/Substrate/GLints/dict_16_192_64_0p5_0p02_0053_0008" 4701
"/Engine/EngineMaterials/Substrate/GLints/dict_16_192_64_0p5_0p02_0053_0009" 4702
"/Engine/EngineMaterials/Substrate/GLints/dict_16_192_64_0p5_0p02_0053_0010" 4703
"/Engine/EngineMaterials/Substrate/GLints/dict_16_192_64_0p5_0p02_0053_0011" 4704
"/Engine/EngineMaterials/Substrate/GLints/dict_16_192_64_0p5_0p02_0053_0012" 4705
"/Engine/EngineMaterials/Substrate/GLints/dict_16_192_64_0p5_0p02_0053_0013" 4706
"/Engine/EngineMaterials/Substrate/GLints/dict_16_192_64_0p5_0p02_0053_0014" 4707
"/Engine/EngineMaterials/Substrate/GLints/dict_16_192_64_0p5_0p02_0053_0015" 4708
"/Engine/EngineMaterials/Substrate/GLints/dict_16_192_64_0p5_0p02_0054_0000" 4709
"/Engine/EngineMaterials/Substrate/GLints/dict_16_192_64_0p5_0p02_0054_0001" 4710
"/Engine/EngineMaterials/Substrate/GLints/dict_16_192_64_0p5_0p02_0054_0002" 4711
"/Engine/EngineMaterials/Substrate/GLints/dict_16_192_64_0p5_0p02_0054_0003" 4712
"/Engine/EngineMaterials/Substrate/GLints/dict_16_192_64_0p5_0p02_0054_0004" 4713
"/Engine/EngineMaterials/Substrate/GLints/dict_16_192_64_0p5_0p02_0054_0005" 4714
"/Engine/EngineMaterials/Substrate/GLints/dict_16_192_64_0p5_0p02_0054_0006" 4715
"/Engine/EngineMaterials/Substrate/GLints/dict_16_192_64_0p5_0p02_0054_0007" 4716
"/Engine/EngineMaterials/Substrate/GLints/dict_16_192_64_0p5_0p02_0054_0008" 4717
"/Engine/EngineMaterials/Substrate/GLints/dict_16_192_64_0p5_0p02_0054_0009" 4718
"/Engine/EngineMaterials/Substrate/GLints/dict_16_192_64_0p5_0p02_0054_0010" 4719
"/Engine/EngineMaterials/Substrate/GLints/dict_16_192_64_0p5_0p02_0054_0011" 4720
"/Engine/EngineMaterials/Substrate/GLints/dict_16_192_64_0p5_0p02_0054_0012" 4721
"/Engine/EngineMaterials/Substrate/GLints/dict_16_192_64_0p5_0p02_0054_0013" 4722
"/Engine/EngineMaterials/Substrate/GLints/dict_16_192_64_0p5_0p02_0054_0014" 4723
"/Engine/EngineMaterials/Substrate/GLints/dict_16_192_64_0p5_0p02_0054_0015" 4724
"/Engine/EngineMaterials/Substrate/GLints/dict_16_192_64_0p5_0p02_0055_0000" 4725
"../../../Engine/Content/EngineMaterials/Substrate/GLints/dict_16_192_64_0p5_0p02_0052_0013.uasset" 4726
"../../../Engine/Content/EngineMaterials/Substrate/GLints/dict_16_192_64_0p5_0p02_0052_0014.uasset" 4727
"../../../Engine/Content/EngineMaterials/Substrate/GLints/dict_16_192_64_0p5_0p02_0052_0015.uasset" 4728
"../../../Engine/Content/EngineMaterials/Substrate/GLints/dict_16_192_64_0p5_0p02_0053_0000.uasset" 4729
"../../../Engine/Content/EngineMaterials/Substrate/GLints/dict_16_192_64_0p5_0p02_0052_0010.uasset" 4730
"../../../Engine/Content/EngineMaterials/Substrate/GLints/dict_16_192_64_0p5_0p02_0052_0011.uasset" 4731
"../../../Engine/Content/EngineMaterials/Substrate/GLints/dict_16_192_64_0p5_0p02_0052_0012.uasset" 4732
"../../../Engine/Content/EngineMaterials/Substrate/GLints/dict_16_192_64_0p5_0p02_0052_0006.uasset" 4733
"../../../Engine/Content/EngineMaterials/Substrate/GLints/dict_16_192_64_0p5_0p02_0052_0008.uasset" 4734
"../../../Engine/Content/EngineMaterials/Substrate/GLints/dict_16_192_64_0p5_0p02_0052_0009.uasset" 4735
"../../../Engine/Content/EngineMaterials/Substrate/GLints/dict_16_192_64_0p5_0p02_0052_0007.uasset" 4736
"../../../Engine/Content/EngineMaterials/Substrate/GLints/dict_16_192_64_0p5_0p02_0052_0004.uasset" 4737
"../../../Engine/Content/EngineMaterials/Substrate/GLints/dict_16_192_64_0p5_0p02_0052_0005.uasset" 4738
"../../../Engine/Content/EngineMaterials/Substrate/GLints/dict_16_192_64_0p5_0p02_0052_0001.uasset" 4739
"../../../Engine/Content/EngineMaterials/Substrate/GLints/dict_16_192_64_0p5_0p02_0052_0002.uasset" 4740
"../../../Engine/Content/EngineMaterials/Substrate/GLints/dict_16_192_64_0p5_0p02_0052_0003.uasset" 4741
"../../../Engine/Content/EngineMaterials/Substrate/GLints/dict_16_192_64_0p5_0p02_0051_0015.uasset" 4742
"../../../Engine/Content/EngineMaterials/Substrate/GLints/dict_16_192_64_0p5_0p02_0052_0000.uasset" 4743
"../../../Engine/Content/EngineMaterials/Substrate/GLints/dict_16_192_64_0p5_0p02_0051_0013.uasset" 4744
"../../../Engine/Content/EngineMaterials/Substrate/GLints/dict_16_192_64_0p5_0p02_0051_0008.uasset" 4745
"../../../Engine/Content/EngineMaterials/Substrate/GLints/dict_16_192_64_0p5_0p02_0051_0011.uasset" 4746
"../../../Engine/Content/EngineMaterials/Substrate/GLints/dict_16_192_64_0p5_0p02_0051_0012.uasset" 4747
"../../../Engine/Content/EngineMaterials/Substrate/GLints/dict_16_192_64_0p5_0p02_0051_0014.uasset" 4748
"../../../Engine/Content/EngineMaterials/Substrate/GLints/dict_16_192_64_0p5_0p02_0051_0007.uasset" 4749
"../../../Engine/Content/EngineMaterials/Substrate/GLints/dict_16_192_64_0p5_0p02_0051_0009.uasset" 4750
"../../../Engine/Content/EngineMaterials/Substrate/GLints/dict_16_192_64_0p5_0p02_0051_0006.uasset" 4751
"../../../Engine/Content/EngineMaterials/Substrate/GLints/dict_16_192_64_0p5_0p02_0051_0002.uasset" 4752
"../../../Engine/Content/EngineMaterials/Substrate/GLints/dict_16_192_64_0p5_0p02_0051_0003.uasset" 4753
"../../../Engine/Content/EngineMaterials/Substrate/GLints/dict_16_192_64_0p5_0p02_0051_0001.uasset" 4754
"../../../Engine/Content/EngineMaterials/Substrate/GLints/dict_16_192_64_0p5_0p02_0051_0004.uasset" 4755
"../../../Engine/Content/EngineMaterials/Substrate/GLints/dict_16_192_64_0p5_0p02_0051_0005.uasset" 4756
"../../../Engine/Content/EngineMaterials/Substrate/GLints/dict_16_192_64_0p5_0p02_0051_0010.uasset" 4757
"/Engine/EngineMaterials/Substrate/GLints/dict_16_192_64_0p5_0p02_0051_0001" 4758
"/Engine/EngineMaterials/Substrate/GLints/dict_16_192_64_0p5_0p02_0051_0002" 4759
"/Engine/EngineMaterials/Substrate/GLints/dict_16_192_64_0p5_0p02_0051_0003" 4760
"/Engine/EngineMaterials/Substrate/GLints/dict_16_192_64_0p5_0p02_0051_0004" 4761
"/Engine/EngineMaterials/Substrate/GLints/dict_16_192_64_0p5_0p02_0051_0005" 4762
"/Engine/EngineMaterials/Substrate/GLints/dict_16_192_64_0p5_0p02_0051_0006" 4763
"/Engine/EngineMaterials/Substrate/GLints/dict_16_192_64_0p5_0p02_0051_0007" 4764
"/Engine/EngineMaterials/Substrate/GLints/dict_16_192_64_0p5_0p02_0051_0008" 4765
"/Engine/EngineMaterials/Substrate/GLints/dict_16_192_64_0p5_0p02_0051_0009" 4766
"/Engine/EngineMaterials/Substrate/GLints/dict_16_192_64_0p5_0p02_0051_0010" 4767
"/Engine/EngineMaterials/Substrate/GLints/dict_16_192_64_0p5_0p02_0051_0011" 4768
"/Engine/EngineMaterials/Substrate/GLints/dict_16_192_64_0p5_0p02_0051_0012" 4769
"/Engine/EngineMaterials/Substrate/GLints/dict_16_192_64_0p5_0p02_0051_0013" 4770
"/Engine/EngineMaterials/Substrate/GLints/dict_16_192_64_0p5_0p02_0051_0014" 4771
"/Engine/EngineMaterials/Substrate/GLints/dict_16_192_64_0p5_0p02_0051_0015" 4772
"/Engine/EngineMaterials/Substrate/GLints/dict_16_192_64_0p5_0p02_0052_0000" 4773
"/Engine/EngineMaterials/Substrate/GLints/dict_16_192_64_0p5_0p02_0052_0001" 4774
"/Engine/EngineMaterials/Substrate/GLints/dict_16_192_64_0p5_0p02_0052_0002" 4775
"/Engine/EngineMaterials/Substrate/GLints/dict_16_192_64_0p5_0p02_0052_0003" 4776
"/Engine/EngineMaterials/Substrate/GLints/dict_16_192_64_0p5_0p02_0052_0004" 4777
"/Engine/EngineMaterials/Substrate/GLints/dict_16_192_64_0p5_0p02_0052_0005" 4778
"/Engine/EngineMaterials/Substrate/GLints/dict_16_192_64_0p5_0p02_0052_0006" 4779
"/Engine/EngineMaterials/Substrate/GLints/dict_16_192_64_0p5_0p02_0052_0007" 4780
"/Engine/EngineMaterials/Substrate/GLints/dict_16_192_64_0p5_0p02_0052_0008" 4781
"/Engine/EngineMaterials/Substrate/GLints/dict_16_192_64_0p5_0p02_0052_0009" 4782
"/Engine/EngineMaterials/Substrate/GLints/dict_16_192_64_0p5_0p02_0052_0010" 4783
"/Engine/EngineMaterials/Substrate/GLints/dict_16_192_64_0p5_0p02_0052_0011" 4784
"/Engine/EngineMaterials/Substrate/GLints/dict_16_192_64_0p5_0p02_0052_0012" 4785
"/Engine/EngineMaterials/Substrate/GLints/dict_16_192_64_0p5_0p02_0052_0013" 4786
"/Engine/EngineMaterials/Substrate/GLints/dict_16_192_64_0p5_0p02_0052_0014" 4787
"/Engine/EngineMaterials/Substrate/GLints/dict_16_192_64_0p5_0p02_0052_0015" 4788
"/Engine/EngineMaterials/Substrate/GLints/dict_16_192_64_0p5_0p02_0053_0000" 4789
"../../../Engine/Content/EngineMaterials/Substrate/GLints/dict_16_192_64_0p5_0p02_0050_0008.uasset" 4790
"../../../Engine/Content/EngineMaterials/Substrate/GLints/dict_16_192_64_0p5_0p02_0050_0010.uasset" 4791
"../../../Engine/Content/EngineMaterials/Substrate/GLints/dict_16_192_64_0p5_0p02_0050_0009.uasset" 4792
"../../../Engine/Content/EngineMaterials/Substrate/GLints/dict_16_192_64_0p5_0p02_0050_0006.uasset" 4793
"../../../Engine/Content/EngineMaterials/Substrate/GLints/dict_16_192_64_0p5_0p02_0050_0003.uasset" 4794
"../../../Engine/Content/EngineMaterials/Substrate/GLints/dict_16_192_64_0p5_0p02_0050_0002.uasset" 4795
"../../../Engine/Content/EngineMaterials/Substrate/GLints/dict_16_192_64_0p5_0p02_0050_0015.uasset" 4796
"../../../Engine/Content/EngineMaterials/Substrate/GLints/dict_16_192_64_0p5_0p02_0051_0000.uasset" 4797
"../../../Engine/Content/EngineMaterials/Substrate/GLints/dict_16_192_64_0p5_0p02_0050_0012.uasset" 4798
"../../../Engine/Content/EngineMaterials/Substrate/GLints/dict_16_192_64_0p5_0p02_0049_0011.uasset" 4799
"../../../Engine/Content/EngineMaterials/Substrate/GLints/dict_16_192_64_0p5_0p02_0050_0000.uasset" 4800
"/Engine/EngineMaterials/Substrate/GLints/dict_16_192_64_0p5_0p02_0049_0011" 4801
"/Engine/EngineMaterials/Substrate/GLints/dict_16_192_64_0p5_0p02_0050_0000" 4802
"../../../Engine/Content/EngineMaterials/Substrate/GLints/dict_16_192_64_0p5_0p02_0049_0012.uasset" 4803
"/Engine/EngineMaterials/Substrate/GLints/dict_16_192_64_0p5_0p02_0050_0002" 4804
"/Engine/EngineMaterials/Substrate/GLints/dict_16_192_64_0p5_0p02_0050_0003" 4805
"/Engine/EngineMaterials/Substrate/GLints/dict_16_192_64_0p5_0p02_0050_0006" 4806
"/Engine/EngineMaterials/Substrate/GLints/dict_16_192_64_0p5_0p02_0050_0008" 4807
"/Engine/EngineMaterials/Substrate/GLints/dict_16_192_64_0p5_0p02_0050_0009" 4808
"/Engine/EngineMaterials/Substrate/GLints/dict_16_192_64_0p5_0p02_0050_0010" 4809
"/Engine/EngineMaterials/Substrate/GLints/dict_16_192_64_0p5_0p02_0050_0012" 4810
"/Engine/EngineMaterials/Substrate/GLints/dict_16_192_64_0p5_0p02_0050_0015" 4811
"/Engine/EngineMaterials/Substrate/GLints/dict_16_192_64_0p5_0p02_0051_0000" 4812
"/Engine/EngineMaterials/Substrate/GLints/dict_16_192_64_0p5_0p02_0049_0012" 4813
"../../../Engine/Content/EngineMaterials/Substrate/GLints/dict_16_192_64_0p5_0p02_0049_0014.uasset" 4814
"../../../Engine/Content/EngineMaterials/Substrate/GLints/dict_16_192_64_0p5_0p02_0049_0006.uasset" 4815
"../../../Engine/Content/EngineMaterials/Substrate/GLints/dict_16_192_64_0p5_0p02_0049_0004.uasset" 4816
"../../../Engine/Content/EngineMaterials/Substrate/GLints/dict_16_192_64_0p5_0p02_0049_0005.uasset" 4817
"../../../Engine/Content/EngineMaterials/Substrate/GLints/dict_16_192_64_0p5_0p02_0049_0003.uasset" 4818
"../../../Engine/Content/EngineMaterials/Substrate/GLints/dict_16_192_64_0p5_0p02_0049_0010.uasset" 4819
"../../../Engine/Content/EngineMaterials/Substrate/GLints/dict_16_192_64_0p5_0p02_0049_0002.uasset" 4820
"../../../Engine/Content/EngineMaterials/Substrate/GLints/dict_16_192_64_0p5_0p02_0050_0013.uasset" 4821
"/Engine/EngineMaterials/Substrate/GLints/dict_16_192_64_0p5_0p02_0049_0002" 4822
"/Engine/EngineMaterials/Substrate/GLints/dict_16_192_64_0p5_0p02_0049_0003" 4823
"/Engine/EngineMaterials/Substrate/GLints/dict_16_192_64_0p5_0p02_0049_0004" 4824
"/Engine/EngineMaterials/Substrate/GLints/dict_16_192_64_0p5_0p02_0049_0005" 4825
"/Engine/EngineMaterials/Substrate/GLints/dict_16_192_64_0p5_0p02_0049_0006" 4826
"/Engine/EngineMaterials/Substrate/GLints/dict_16_192_64_0p5_0p02_0049_0010" 4827
"/Engine/EngineMaterials/Substrate/GLints/dict_16_192_64_0p5_0p02_0049_0014" 4828
"/Engine/EngineMaterials/Substrate/GLints/dict_16_192_64_0p5_0p02_0050_0013" 4829
"../../../Engine/Content/EngineMaterials/Substrate/GLints/dict_16_192_64_0p5_0p02_0050_0011.uasset" 4830
"../../../Engine/Content/EngineMaterials/Substrate/GLints/dict_16_192_64_0p5_0p02_0050_0007.uasset" 4831
"/Engine/EngineMaterials/Substrate/GLints/dict_16_192_64_0p5_0p02_0050_0007" 4832
"../../../Engine/Content/EngineMaterials/Substrate/GLints/dict_16_192_64_0p5_0p02_0050_0004.uasset" 4833
"../../../Engine/Content/EngineMaterials/Substrate/GLints/dict_16_192_64_0p5_0p02_0050_0005.uasset" 4834
"/Engine/EngineMaterials/Substrate/GLints/dict_16_192_64_0p5_0p02_0050_0011" 4835
"/Engine/EngineMaterials/Substrate/GLints/dict_16_192_64_0p5_0p02_0050_0004" 4836
"/Engine/EngineMaterials/Substrate/GLints/dict_16_192_64_0p5_0p02_0050_0005" 4837
"../../../Engine/Content/EngineMaterials/Substrate/GLints/dict_16_192_64_0p5_0p02_0050_0001.uasset" 4838
"../../../Engine/Content/EngineMaterials/Substrate/GLints/dict_16_192_64_0p5_0p02_0049_0007.uasset" 4839
"../../../Engine/Content/EngineMaterials/Substrate/GLints/dict_16_192_64_0p5_0p02_0049_0013.uasset" 4840
"../../../Engine/Content/EngineMaterials/Substrate/GLints/dict_16_192_64_0p5_0p02_0049_0000.uasset" 4841
"/Engine/EngineMaterials/Substrate/GLints/dict_16_192_64_0p5_0p02_0049_0007" 4842
"/Engine/EngineMaterials/Substrate/GLints/dict_16_192_64_0p5_0p02_0049_0013" 4843
"/Engine/EngineMaterials/Substrate/GLints/dict_16_192_64_0p5_0p02_0050_0001" 4844
"/Engine/EngineMaterials/Substrate/GLints/dict_16_192_64_0p5_0p02_0049_0000" 4845
"../../../Engine/Content/EngineMaterials/Substrate/GLints/dict_16_192_64_0p5_0p02_0048_0015.uasset" 4846
"../../../Engine/Content/EngineMaterials/Substrate/GLints/dict_16_192_64_0p5_0p02_0048_0011.uasset" 4847
"../../../Engine/Content/EngineMaterials/Substrate/GLints/dict_16_192_64_0p5_0p02_0048_0007.uasset" 4848
"../../../Engine/Content/EngineMaterials/Substrate/GLints/dict_16_192_64_0p5_0p02_0048_0010.uasset" 4849
"../../../Engine/Content/EngineMaterials/Substrate/GLints/dict_16_192_64_0p5_0p02_0049_0001.uasset" 4850
"../../../Engine/Content/EngineMaterials/Substrate/GLints/dict_16_192_64_0p5_0p02_0048_0012.uasset" 4851
"../../../Engine/Content/EngineMaterials/Substrate/GLints/dict_16_192_64_0p5_0p02_0048_0004.uasset" 4852
"../../../Engine/Content/EngineMaterials/Substrate/GLints/dict_16_192_64_0p5_0p02_0048_0005.uasset" 4853
"../../../Engine/Content/EngineMaterials/Substrate/GLints/dict_16_192_64_0p5_0p02_0048_0009.uasset" 4854
"/Engine/EngineMaterials/Substrate/GLints/dict_16_192_64_0p5_0p02_0049_0001" 4855
"/Engine/EngineMaterials/Substrate/GLints/dict_16_192_64_0p5_0p02_0048_0005" 4856
"../../../Engine/Content/EngineMaterials/Substrate/GLints/dict_16_192_64_0p5_0p02_0050_0014.uasset" 4857
"/Engine/EngineMaterials/Substrate/GLints/dict_16_192_64_0p5_0p02_0048_0007" 4858
"/Engine/EngineMaterials/Substrate/GLints/dict_16_192_64_0p5_0p02_0048_0009" 4859
"/Engine/EngineMaterials/Substrate/GLints/dict_16_192_64_0p5_0p02_0048_0010" 4860
"/Engine/EngineMaterials/Substrate/GLints/dict_16_192_64_0p5_0p02_0048_0011" 4861
"../../../Engine/Content/EngineMaterials/Substrate/GLints/dict_16_192_64_0p5_0p02_0048_0001.uasset" 4862
"/Engine/EngineMaterials/Substrate/GLints/dict_16_192_64_0p5_0p02_0048_0012" 4863
"../../../Engine/Content/EngineMaterials/Substrate/GLints/dict_16_192_64_0p5_0p02_0047_0013.uasset" 4864
"/Engine/EngineMaterials/Substrate/GLints/dict_16_192_64_0p5_0p02_0048_0004" 4865
"/Engine/EngineMaterials/Substrate/GLints/dict_16_192_64_0p5_0p02_0048_0015" 4866
"/Engine/EngineMaterials/Substrate/GLints/dict_16_192_64_0p5_0p02_0047_0013" 4867
"/Engine/EngineMaterials/Substrate/GLints/dict_16_192_64_0p5_0p02_0048_0001" 4868
"../../../Engine/Content/EngineMaterials/Substrate/GLints/dict_16_192_64_0p5_0p02_0047_0009.uasset" 4869
"../../../Engine/Content/EngineMaterials/Substrate/GLints/dict_16_192_64_0p5_0p02_0047_0011.uasset" 4870
"../../../Engine/Content/EngineMaterials/Substrate/GLints/dict_16_192_64_0p5_0p02_0047_0010.uasset" 4871
"/Engine/EngineMaterials/Substrate/GLints/dict_16_192_64_0p5_0p02_0050_0014" 4872
"../../../Engine/Content/EngineMaterials/Substrate/GLints/dict_16_192_64_0p5_0p02_0047_0008.uasset" 4873
"../../../Engine/Content/EngineMaterials/Substrate/GLints/dict_16_192_64_0p5_0p02_0047_0014.uasset" 4874
"../../../Engine/Content/EngineMaterials/Substrate/GLints/dict_16_192_64_0p5_0p02_0048_0000.uasset" 4875
"/Engine/EngineMaterials/Substrate/GLints/dict_16_192_64_0p5_0p02_0047_0014" 4876
"../../../Engine/Content/EngineMaterials/Substrate/GLints/dict_16_192_64_0p5_0p02_0047_0005.uasset" 4877
"/Engine/EngineMaterials/Substrate/GLints/dict_16_192_64_0p5_0p02_0047_0009" 4878
"/Engine/EngineMaterials/Substrate/GLints/dict_16_192_64_0p5_0p02_0047_0010" 4879
"/Engine/EngineMaterials/Substrate/GLints/dict_16_192_64_0p5_0p02_0047_0011" 4880
"/Engine/EngineMaterials/Substrate/GLints/dict_16_192_64_0p5_0p02_0047_0008" 4881
"/Engine/EngineMaterials/Substrate/GLints/dict_16_192_64_0p5_0p02_0048_0000" 4882
"/Engine/EngineMaterials/Substrate/GLints/dict_16_192_64_0p5_0p02_0047_0005" 4883
"../../../Engine/Content/EngineMaterials/Substrate/GLints/dict_16_192_64_0p5_0p02_0048_0008.uasset" 4884
"../../../Engine/Content/EngineMaterials/Substrate/GLints/dict_16_192_64_0p5_0p02_0048_0002.uasset" 4885
"../../../Engine/Content/EngineMaterials/Substrate/GLints/dict_16_192_64_0p5_0p02_0048_0006.uasset" 4886
"../../../Engine/Content/EngineMaterials/Substrate/GLints/dict_16_192_64_0p5_0p02_0047_0002.uasset" 4887
"../../../Engine/Content/EngineMaterials/Substrate/GLints/dict_16_192_64_0p5_0p02_0047_0003.uasset" 4888
"../../../Engine/Content/EngineMaterials/Substrate/GLints/dict_16_192_64_0p5_0p02_0047_0004.uasset" 4889
"../../../Engine/Content/EngineMaterials/Substrate/GLints/dict_16_192_64_0p5_0p02_0046_0013.uasset" 4890
"../../../Engine/Content/EngineMaterials/Substrate/GLints/dict_16_192_64_0p5_0p02_0047_0001.uasset" 4891
"../../../Engine/Content/EngineMaterials/Substrate/GLints/dict_16_192_64_0p5_0p02_0047_0000.uasset" 4892
"../../../Engine/Content/EngineMaterials/Substrate/GLints/dict_16_192_64_0p5_0p02_0046_0015.uasset" 4893
"../../../Engine/Content/EngineMaterials/Substrate/GLints/dict_16_192_64_0p5_0p02_0046_0011.uasset" 4894
"../../../Engine/Content/EngineMaterials/Substrate/GLints/dict_16_192_64_0p5_0p02_0046_0012.uasset" 4895
"../../../Engine/Content/EngineMaterials/Substrate/GLints/dict_16_192_64_0p5_0p02_0047_0015.uasset" 4896
"../../../Engine/Content/EngineMaterials/Substrate/GLints/dict_16_192_64_0p5_0p02_0046_0014.uasset" 4897
"/Engine/EngineMaterials/Substrate/GLints/dict_16_192_64_0p5_0p02_0046_0012" 4898
"/Engine/EngineMaterials/Substrate/GLints/dict_16_192_64_0p5_0p02_0047_0015" 4899
"/Engine/EngineMaterials/Substrate/GLints/dict_16_192_64_0p5_0p02_0048_0002" 4900
"/Engine/EngineMaterials/Substrate/GLints/dict_16_192_64_0p5_0p02_0048_0006" 4901
"../../../Engine/Content/EngineMaterials/Substrate/GLints/dict_16_192_64_0p5_0p02_0046_0009.uasset" 4902
"/Engine/EngineMaterials/Substrate/GLints/dict_16_192_64_0p5_0p02_0046_0013" 4903
"../../../Engine/Content/EngineMaterials/Substrate/GLints/dict_16_192_64_0p5_0p02_0049_0015.uasset" 4904
"/Engine/EngineMaterials/Substrate/GLints/dict_16_192_64_0p5_0p02_0046_0014" 4905
"/Engine/EngineMaterials/Substrate/GLints/dict_16_192_64_0p5_0p02_0048_0008" 4906
"/Engine/EngineMaterials/Substrate/GLints/dict_16_192_64_0p5_0p02_0046_0015" 4907
"/Engine/EngineMaterials/Substrate/GLints/dict_16_192_64_0p5_0p02_0047_0000" 4908
"../../../Engine/Content/EngineMaterials/Substrate/GLints/dict_16_192_64_0p5_0p02_0046_0006.uasset" 4909
"../../../Engine/Content/EngineMaterials/Substrate/GLints/dict_16_192_64_0p5_0p02_0046_0007.uasset" 4910
"../../../Engine/Content/EngineMaterials/Substrate/GLints/dict_16_192_64_0p5_0p02_0046_0004.uasset" 4911
"/Engine/EngineMaterials/Substrate/GLints/dict_16_192_64_0p5_0p02_0047_0001" 4912
"../../../Engine/Content/EngineMaterials/Substrate/GLints/dict_16_192_64_0p5_0p02_0046_0003.uasset" 4913
"/Engine/EngineMaterials/Substrate/GLints/dict_16_192_64_0p5_0p02_0047_0002" 4914
"../../../Engine/Content/EngineMaterials/Substrate/GLints/dict_16_192_64_0p5_0p02_0046_0005.uasset" 4915
"/Engine/EngineMaterials/Substrate/GLints/dict_16_192_64_0p5_0p02_0047_0003" 4916
"/Engine/EngineMaterials/Substrate/GLints/dict_16_192_64_0p5_0p02_0046_0011" 4917
"../../../Engine/Content/EngineMaterials/Substrate/GLints/dict_16_192_64_0p5_0p02_0046_0008.uasset" 4918
"/Engine/EngineMaterials/Substrate/GLints/dict_16_192_64_0p5_0p02_0047_0004" 4919
"/Engine/EngineMaterials/Substrate/GLints/dict_16_192_64_0p5_0p02_0046_0009" 4920
"/Engine/EngineMaterials/Substrate/GLints/dict_16_192_64_0p5_0p02_0046_0004" 4921
"/Engine/EngineMaterials/Substrate/GLints/dict_16_192_64_0p5_0p02_0046_0003" 4922
"/Engine/EngineMaterials/Substrate/GLints/dict_16_192_64_0p5_0p02_0049_0015" 4923
"/Engine/EngineMaterials/Substrate/GLints/dict_16_192_64_0p5_0p02_0046_0005" 4924
"/Engine/EngineMaterials/Substrate/GLints/dict_16_192_64_0p5_0p02_0046_0006" 4925
"/Engine/EngineMaterials/Substrate/GLints/dict_16_192_64_0p5_0p02_0046_0007" 4926
"/Engine/EngineMaterials/Substrate/GLints/dict_16_192_64_0p5_0p02_0046_0008" 4927
"../../../Engine/Content/EngineMaterials/Substrate/GLints/dict_16_192_64_0p5_0p02_0049_0009.uasset" 4928
"../../../Engine/Content/EngineMaterials/Substrate/GLints/dict_16_192_64_0p5_0p02_0045_0012.uasset" 4929
"../../../Engine/Content/EngineMaterials/Substrate/GLints/dict_16_192_64_0p5_0p02_0046_0002.uasset" 4930
"../../../Engine/Content/EngineMaterials/Substrate/GLints/dict_16_192_64_0p5_0p02_0045_0014.uasset" 4931
"../../../Engine/Content/EngineMaterials/Substrate/GLints/dict_16_192_64_0p5_0p02_0046_0001.uasset" 4932
"../../../Engine/Content/EngineMaterials/Substrate/GLints/dict_16_192_64_0p5_0p02_0046_0000.uasset" 4933
"../../../Engine/Content/EngineMaterials/Substrate/GLints/dict_16_192_64_0p5_0p02_0045_0015.uasset" 4934
"../../../Engine/Content/EngineMaterials/Substrate/GLints/dict_16_192_64_0p5_0p02_0045_0013.uasset" 4935
"../../../Engine/Content/EngineMaterials/Substrate/GLints/dict_16_192_64_0p5_0p02_0045_0011.uasset" 4936
"/Engine/EngineMaterials/Substrate/GLints/dict_16_192_64_0p5_0p02_0046_0002" 4937
"/Engine/EngineMaterials/Substrate/GLints/dict_16_192_64_0p5_0p02_0049_0009" 4938
"/Engine/EngineMaterials/Substrate/GLints/dict_16_192_64_0p5_0p02_0045_0011" 4939
"/Engine/EngineMaterials/Substrate/GLints/dict_16_192_64_0p5_0p02_0045_0012" 4940
"/Engine/EngineMaterials/Substrate/GLints/dict_16_192_64_0p5_0p02_0045_0013" 4941
"/Engine/EngineMaterials/Substrate/GLints/dict_16_192_64_0p5_0p02_0045_0014" 4942
"/Engine/EngineMaterials/Substrate/GLints/dict_16_192_64_0p5_0p02_0045_0015" 4943
"/Engine/EngineMaterials/Substrate/GLints/dict_16_192_64_0p5_0p02_0046_0000" 4944
"../../../Engine/Content/EngineMaterials/Substrate/GLints/dict_16_192_64_0p5_0p02_0045_0010.uasset" 4945
"/Engine/EngineMaterials/Substrate/GLints/dict_16_192_64_0p5_0p02_0046_0001" 4946
"/Engine/EngineMaterials/Substrate/GLints/dict_16_192_64_0p5_0p02_0045_0010" 4947
"../../../Engine/Content/EngineMaterials/Substrate/GLints/dict_16_192_64_0p5_0p02_0045_0008.uasset" 4948
"../../../Engine/Content/EngineMaterials/Substrate/GLints/dict_16_192_64_0p5_0p02_0045_0006.uasset" 4949
"../../../Engine/Content/EngineMaterials/Substrate/GLints/dict_16_192_64_0p5_0p02_0045_0002.uasset" 4950
"../../../Engine/Content/EngineMaterials/Substrate/GLints/dict_16_192_64_0p5_0p02_0045_0009.uasset" 4951
"../../../Engine/Content/EngineMaterials/Substrate/GLints/dict_16_192_64_0p5_0p02_0045_0005.uasset" 4952
"../../../Engine/Content/EngineMaterials/Substrate/GLints/dict_16_192_64_0p5_0p02_0045_0003.uasset" 4953
"../../../Engine/Content/EngineMaterials/Substrate/GLints/dict_16_192_64_0p5_0p02_0045_0004.uasset" 4954
"../../../Engine/Content/EngineMaterials/Substrate/GLints/dict_16_192_64_0p5_0p02_0045_0001.uasset" 4955
"../../../Engine/Content/EngineMaterials/Substrate/GLints/dict_16_192_64_0p5_0p02_0045_0000.uasset" 4956
"../../../Engine/Content/EngineMaterials/Substrate/GLints/dict_16_192_64_0p5_0p02_0044_0015.uasset" 4957
"/Engine/EngineMaterials/Substrate/GLints/dict_16_192_64_0p5_0p02_0045_0004" 4958
"/Engine/EngineMaterials/Substrate/GLints/dict_16_192_64_0p5_0p02_0045_0005" 4959
"../../../Engine/Content/EngineMaterials/Substrate/GLints/dict_16_192_64_0p5_0p02_0044_0013.uasset" 4960
"../../../Engine/Content/EngineMaterials/Substrate/GLints/dict_16_192_64_0p5_0p02_0044_0014.uasset" 4961
"../../../Engine/Content/EngineMaterials/Substrate/GLints/dict_16_192_64_0p5_0p02_0044_0012.uasset" 4962
"../../../Engine/Content/EngineMaterials/Substrate/GLints/dict_16_192_64_0p5_0p02_0044_0011.uasset" 4963
"/Engine/EngineMaterials/Substrate/GLints/dict_16_192_64_0p5_0p02_0045_0006" 4964
"../../../Engine/Content/EngineMaterials/Substrate/GLints/dict_16_192_64_0p5_0p02_0044_0010.uasset" 4965
"/Engine/EngineMaterials/Substrate/GLints/dict_16_192_64_0p5_0p02_0045_0008" 4966
"/Engine/EngineMaterials/Substrate/GLints/dict_16_192_64_0p5_0p02_0044_0015" 4967
"/Engine/EngineMaterials/Substrate/GLints/dict_16_192_64_0p5_0p02_0045_0009" 4968
"../../../Engine/Content/EngineMaterials/Substrate/GLints/dict_16_192_64_0p5_0p02_0044_0009.uasset" 4969
"/Engine/EngineMaterials/Substrate/GLints/dict_16_192_64_0p5_0p02_0045_0000" 4970
"/Engine/EngineMaterials/Substrate/GLints/dict_16_192_64_0p5_0p02_0045_0001" 4971
"/Engine/EngineMaterials/Substrate/GLints/dict_16_192_64_0p5_0p02_0045_0002" 4972
"/Engine/EngineMaterials/Substrate/GLints/dict_16_192_64_0p5_0p02_0045_0003" 4973
"/Engine/EngineMaterials/Substrate/GLints/dict_16_192_64_0p5_0p02_0044_0012" 4974
"/Engine/EngineMaterials/Substrate/GLints/dict_16_192_64_0p5_0p02_0044_0013" 4975
"/Engine/EngineMaterials/Substrate/GLints/dict_16_192_64_0p5_0p02_0044_0014" 4976
"/Engine/EngineMaterials/Substrate/GLints/dict_16_192_64_0p5_0p02_0044_0009" 4977
"/Engine/EngineMaterials/Substrate/GLints/dict_16_192_64_0p5_0p02_0044_0010" 4978
"/Engine/EngineMaterials/Substrate/GLints/dict_16_192_64_0p5_0p02_0044_0011" 4979
"../../../Engine/Content/EngineMaterials/Substrate/GLints/dict_16_192_64_0p5_0p02_0044_0008.uasset" 4980
"/Engine/EngineMaterials/Substrate/GLints/dict_16_192_64_0p5_0p02_0044_0008" 4981
"../../../Engine/Content/EngineMaterials/Substrate/GLints/dict_16_192_64_0p5_0p02_0044_0007.uasset" 4982
"../../../Engine/Content/EngineMaterials/Substrate/GLints/dict_16_192_64_0p5_0p02_0044_0006.uasset" 4983
"/Engine/EngineMaterials/Substrate/GLints/dict_16_192_64_0p5_0p02_0044_0006" 4984
"/Engine/EngineMaterials/Substrate/GLints/dict_16_192_64_0p5_0p02_0044_0007" 4985
"../../../Engine/Content/EngineMaterials/Substrate/GLints/dict_16_192_64_0p5_0p02_0044_0004.uasset" 4986
"../../../Engine/Content/EngineMaterials/Substrate/GLints/dict_16_192_64_0p5_0p02_0044_0002.uasset" 4987
"../../../Engine/Content/EngineMaterials/Substrate/GLints/dict_16_192_64_0p5_0p02_0044_0005.uasset" 4988
"../../../Engine/Content/EngineMaterials/Substrate/GLints/dict_16_192_64_0p5_0p02_0044_0003.uasset" 4989
"../../../Engine/Content/EngineMaterials/Substrate/GLints/dict_16_192_64_0p5_0p02_0044_0001.uasset" 4990
"../../../Engine/Content/EngineMaterials/Substrate/GLints/dict_16_192_64_0p5_0p02_0044_0000.uasset" 4991
"../../../Engine/Content/EngineMaterials/Substrate/GLints/dict_16_192_64_0p5_0p02_0043_0015.uasset" 4992
"../../../Engine/Content/EngineMaterials/Substrate/GLints/dict_16_192_64_0p5_0p02_0047_0012.uasset" 4993
"/Engine/EngineMaterials/Substrate/GLints/dict_16_192_64_0p5_0p02_0044_0003" 4994
"/Engine/EngineMaterials/Substrate/GLints/dict_16_192_64_0p5_0p02_0044_0004" 4995
"/Engine/EngineMaterials/Substrate/GLints/dict_16_192_64_0p5_0p02_0044_0002" 4996
"/Engine/EngineMaterials/Substrate/GLints/dict_16_192_64_0p5_0p02_0044_0005" 4997
"/Engine/EngineMaterials/Substrate/GLints/dict_16_192_64_0p5_0p02_0043_0015" 4998
"../../../Engine/Content/EngineMaterials/Substrate/GLints/dict_16_192_64_0p5_0p02_0043_0010.uasset" 4999
"/Engine/EngineMaterials/Substrate/GLints/dict_16_192_64_0p5_0p02_0044_0000" 5000
"../../../Engine/Content/EngineMaterials/Substrate/GLints/dict_16_192_64_0p5_0p02_0043_0013.uasset" 5001
"../../../Engine/Content/EngineMaterials/Substrate/GLints/dict_16_192_64_0p5_0p02_0043_0014.uasset" 5002
"../../../Engine/Content/EngineMaterials/Substrate/GLints/dict_16_192_64_0p5_0p02_0043_0012.uasset" 5003
"../../../Engine/Content/EngineMaterials/Substrate/GLints/dict_16_192_64_0p5_0p02_0043_0011.uasset" 5004
"/Engine/EngineMaterials/Substrate/GLints/dict_16_192_64_0p5_0p02_0047_0012" 5005
"/Engine/EngineMaterials/Substrate/GLints/dict_16_192_64_0p5_0p02_0044_0001" 5006
"/Engine/EngineMaterials/Substrate/GLints/dict_16_192_64_0p5_0p02_0043_0010" 5007
"../../../Engine/Content/EngineMaterials/Substrate/GLints/dict_16_192_64_0p5_0p02_0043_0009.uasset" 5008
"../../../Engine/Content/EngineMaterials/Substrate/GLints/dict_16_192_64_0p5_0p02_0047_0006.uasset" 5009
"/Engine/EngineMaterials/Substrate/GLints/dict_16_192_64_0p5_0p02_0043_0011" 5010
"../../../Engine/Content/EngineMaterials/Substrate/GLints/dict_16_192_64_0p5_0p02_0043_0008.uasset" 5011
"/Engine/EngineMaterials/Substrate/GLints/dict_16_192_64_0p5_0p02_0043_0012" 5012
"/Engine/EngineMaterials/Substrate/GLints/dict_16_192_64_0p5_0p02_0043_0013" 5013
"/Engine/EngineMaterials/Substrate/GLints/dict_16_192_64_0p5_0p02_0043_0014" 5014
"../../../Engine/Content/EngineMaterials/Substrate/GLints/dict_16_192_64_0p5_0p02_0043_0005.uasset" 5015
"../../../Engine/Content/EngineMaterials/Substrate/GLints/dict_16_192_64_0p5_0p02_0043_0007.uasset" 5016
"/Engine/EngineMaterials/Substrate/GLints/dict_16_192_64_0p5_0p02_0043_0008" 5017
"../../../Engine/Content/EngineMaterials/Substrate/GLints/dict_16_192_64_0p5_0p02_0043_0006.uasset" 5018
"/Engine/EngineMaterials/Substrate/GLints/dict_16_192_64_0p5_0p02_0043_0009" 5019
"/Engine/EngineMaterials/Substrate/GLints/dict_16_192_64_0p5_0p02_0047_0006" 5020
"/Engine/EngineMaterials/Substrate/GLints/dict_16_192_64_0p5_0p02_0043_0005" 5021
"/Engine/EngineMaterials/Substrate/GLints/dict_16_192_64_0p5_0p02_0043_0007" 5022
"/Engine/EngineMaterials/Substrate/GLints/dict_16_192_64_0p5_0p02_0043_0006" 5023
"../../../Engine/Content/EngineMaterials/Substrate/GLints/dict_16_192_64_0p5_0p02_0043_0000.uasset" 5024
"../../../Engine/Content/EngineMaterials/Substrate/GLints/dict_16_192_64_0p5_0p02_0042_0015.uasset" 5025
"../../../Engine/Content/EngineMaterials/Substrate/GLints/dict_16_192_64_0p5_0p02_0043_0001.uasset" 5026
"../../../Engine/Content/EngineMaterials/Substrate/GLints/dict_16_192_64_0p5_0p02_0043_0002.uasset" 5027
"../../../Engine/Content/EngineMaterials/Substrate/GLints/dict_16_192_64_0p5_0p02_0043_0003.uasset" 5028
"../../../Engine/Content/EngineMaterials/Substrate/GLints/dict_16_192_64_0p5_0p02_0042_0010.uasset" 5029
"../../../Engine/Content/EngineMaterials/Substrate/GLints/dict_16_192_64_0p5_0p02_0045_0007.uasset" 5030
"../../../Engine/Content/EngineMaterials/Substrate/GLints/dict_16_192_64_0p5_0p02_0042_0014.uasset" 5031
"../../../Engine/Content/EngineMaterials/Substrate/GLints/dict_16_192_64_0p5_0p02_0042_0012.uasset" 5032
"../../../Engine/Content/EngineMaterials/Substrate/GLints/dict_16_192_64_0p5_0p02_0047_0007.uasset" 5033
"../../../Engine/Content/EngineMaterials/Substrate/GLints/dict_16_192_64_0p5_0p02_0042_0009.uasset" 5034
"../../../Engine/Content/EngineMaterials/Substrate/GLints/dict_16_192_64_0p5_0p02_0042_0011.uasset" 5035
"/Engine/EngineMaterials/Substrate/GLints/dict_16_192_64_0p5_0p02_0043_0002" 5036
"/Engine/EngineMaterials/Substrate/GLints/dict_16_192_64_0p5_0p02_0043_0003" 5037
"/Engine/EngineMaterials/Substrate/GLints/dict_16_192_64_0p5_0p02_0045_0007" 5038
"/Engine/EngineMaterials/Substrate/GLints/dict_16_192_64_0p5_0p02_0047_0007" 5039
"/Engine/EngineMaterials/Substrate/GLints/dict_16_192_64_0p5_0p02_0042_0009" 5040
"/Engine/EngineMaterials/Substrate/GLints/dict_16_192_64_0p5_0p02_0042_0010" 5041
"/Engine/EngineMaterials/Substrate/GLints/dict_16_192_64_0p5_0p02_0042_0011" 5042
"/Engine/EngineMaterials/Substrate/GLints/dict_16_192_64_0p5_0p02_0042_0015" 5043
"../../../Engine/Content/EngineMaterials/Substrate/GLints/dict_16_192_64_0p5_0p02_0042_0004.uasset" 5044
"/Engine/EngineMaterials/Substrate/GLints/dict_16_192_64_0p5_0p02_0042_0012" 5045
"../../../Engine/Content/EngineMaterials/Substrate/GLints/dict_16_192_64_0p5_0p02_0042_0007.uasset" 5046
"../../../Engine/Content/EngineMaterials/Substrate/GLints/dict_16_192_64_0p5_0p02_0042_0006.uasset" 5047
"../../../Engine/Content/EngineMaterials/Substrate/GLints/dict_16_192_64_0p5_0p02_0042_0005.uasset" 5048
"../../../Engine/Content/EngineMaterials/Substrate/GLints/dict_16_192_64_0p5_0p02_0041_0014.uasset" 5049
"/Engine/EngineMaterials/Substrate/GLints/dict_16_192_64_0p5_0p02_0043_0000" 5050
"../../../Engine/Content/EngineMaterials/Substrate/GLints/dict_16_192_64_0p5_0p02_0042_0001.uasset" 5051
"../../../Engine/Content/EngineMaterials/Substrate/GLints/dict_16_192_64_0p5_0p02_0041_0013.uasset" 5052
"../../../Engine/Content/EngineMaterials/Substrate/GLints/dict_16_192_64_0p5_0p02_0042_0008.uasset" 5053
"../../../Engine/Content/EngineMaterials/Substrate/GLints/dict_16_192_64_0p5_0p02_0042_0003.uasset" 5054
"/Engine/EngineMaterials/Substrate/GLints/dict_16_192_64_0p5_0p02_0043_0001" 5055
"../../../Engine/Content/EngineMaterials/Substrate/GLints/dict_16_192_64_0p5_0p02_0042_0002.uasset" 5056
"/Engine/EngineMaterials/Substrate/GLints/dict_16_192_64_0p5_0p02_0042_0014" 5057
"../../../Engine/Content/EngineMaterials/Substrate/GLints/dict_16_192_64_0p5_0p02_0041_0012.uasset" 5058
"/Engine/EngineMaterials/Substrate/GLints/dict_16_192_64_0p5_0p02_0041_0013" 5059
"/Engine/EngineMaterials/Substrate/GLints/dict_16_192_64_0p5_0p02_0041_0014" 5060
"/Engine/EngineMaterials/Substrate/GLints/dict_16_192_64_0p5_0p02_0042_0007" 5061
"/Engine/EngineMaterials/Substrate/GLints/dict_16_192_64_0p5_0p02_0042_0008" 5062
"/Engine/EngineMaterials/Substrate/GLints/dict_16_192_64_0p5_0p02_0042_0002" 5063
"../../../Engine/Content/EngineMaterials/Substrate/GLints/dict_16_192_64_0p5_0p02_0046_0010.uasset" 5064
"/Engine/EngineMaterials/Substrate/GLints/dict_16_192_64_0p5_0p02_0042_0003" 5065
"/Engine/EngineMaterials/Substrate/GLints/dict_16_192_64_0p5_0p02_0042_0004" 5066
"/Engine/EngineMaterials/Substrate/GLints/dict_16_192_64_0p5_0p02_0042_0005" 5067
"/Engine/EngineMaterials/Substrate/GLints/dict_16_192_64_0p5_0p02_0042_0006" 5068
"/Engine/EngineMaterials/Substrate/GLints/dict_16_192_64_0p5_0p02_0041_0012" 5069
"/Engine/EngineMaterials/Substrate/GLints/dict_16_192_64_0p5_0p02_0042_0001" 5070
"/Engine/EngineMaterials/Substrate/GLints/dict_16_192_64_0p5_0p02_0046_0010" 5071
"../../../Engine/Content/EngineMaterials/Substrate/GLints/dict_16_192_64_0p5_0p02_0041_0011.uasset" 5072
"../../../Engine/Content/EngineMaterials/Substrate/GLints/dict_16_192_64_0p5_0p02_0041_0008.uasset" 5073
"../../../Engine/Content/EngineMaterials/Substrate/GLints/dict_16_192_64_0p5_0p02_0041_0009.uasset" 5074
"../../../Engine/Content/EngineMaterials/Substrate/GLints/dict_16_192_64_0p5_0p02_0041_0010.uasset" 5075
"../../../Engine/Content/EngineMaterials/Substrate/GLints/dict_16_192_64_0p5_0p02_0041_0004.uasset" 5076
"../../../Engine/Content/EngineMaterials/Substrate/GLints/dict_16_192_64_0p5_0p02_0041_0007.uasset" 5077
"../../../Engine/Content/EngineMaterials/Substrate/GLints/dict_16_192_64_0p5_0p02_0041_0003.uasset" 5078
"../../../Engine/Content/EngineMaterials/Substrate/GLints/dict_16_192_64_0p5_0p02_0041_0005.uasset" 5079
"../../../Engine/Content/EngineMaterials/Substrate/GLints/dict_16_192_64_0p5_0p02_0041_0002.uasset" 5080
"../../../Engine/Content/EngineMaterials/Substrate/GLints/dict_16_192_64_0p5_0p02_0049_0008.uasset" 5081
"../../../Engine/Content/EngineMaterials/Substrate/GLints/dict_16_192_64_0p5_0p02_0041_0006.uasset" 5082
"../../../Engine/Content/EngineMaterials/Substrate/GLints/dict_16_192_64_0p5_0p02_0041_0000.uasset" 5083
"../../../Engine/Content/EngineMaterials/Substrate/GLints/dict_16_192_64_0p5_0p02_0040_0015.uasset" 5084
"/Engine/EngineMaterials/Substrate/GLints/dict_16_192_64_0p5_0p02_0041_0000" 5085
"../../../Engine/Content/EngineMaterials/Substrate/GLints/dict_16_192_64_0p5_0p02_0040_0014.uasset" 5086
"/Engine/EngineMaterials/Substrate/GLints/dict_16_192_64_0p5_0p02_0049_0008" 5087
"/Engine/EngineMaterials/Substrate/GLints/dict_16_192_64_0p5_0p02_0041_0002" 5088
"../../../Engine/Content/EngineMaterials/Substrate/GLints/dict_16_192_64_0p5_0p02_0040_0012.uasset" 5089
"../../../Engine/Content/EngineMaterials/Substrate/GLints/dict_16_192_64_0p5_0p02_0040_0009.uasset" 5090
"../../../Engine/Content/EngineMaterials/Substrate/GLints/dict_16_192_64_0p5_0p02_0040_0008.uasset" 5091
"../../../Engine/Content/EngineMaterials/Substrate/GLints/dict_16_192_64_0p5_0p02_0040_0010.uasset" 5092
"../../../Engine/Content/EngineMaterials/Substrate/GLints/dict_16_192_64_0p5_0p02_0040_0007.uasset" 5093
"../../../Engine/Content/EngineMaterials/Substrate/GLints/dict_16_192_64_0p5_0p02_0041_0001.uasset" 5094
"../../../Engine/Content/EngineMaterials/Substrate/GLints/dict_16_192_64_0p5_0p02_0040_0013.uasset" 5095
"../../../Engine/Content/EngineMaterials/Substrate/GLints/dict_16_192_64_0p5_0p02_0040_0011.uasset" 5096
"../../../Engine/Content/EngineMaterials/Substrate/GLints/dict_16_192_64_0p5_0p02_0040_0006.uasset" 5097
"/Engine/EngineMaterials/Substrate/GLints/dict_16_192_64_0p5_0p02_0041_0003" 5098
"../../../Engine/Content/EngineMaterials/Substrate/GLints/dict_16_192_64_0p5_0p02_0040_0005.uasset" 5099
"/Engine/EngineMaterials/Substrate/GLints/dict_16_192_64_0p5_0p02_0041_0004" 5100
"/Engine/EngineMaterials/Substrate/GLints/dict_16_192_64_0p5_0p02_0041_0005" 5101
"/Engine/EngineMaterials/Substrate/GLints/dict_16_192_64_0p5_0p02_0041_0006" 5102
"/Engine/EngineMaterials/Substrate/GLints/dict_16_192_64_0p5_0p02_0041_0007" 5103
"/Engine/EngineMaterials/Substrate/GLints/dict_16_192_64_0p5_0p02_0041_0008" 5104
"/Engine/EngineMaterials/Substrate/GLints/dict_16_192_64_0p5_0p02_0041_0009" 5105
"/Engine/EngineMaterials/Substrate/GLints/dict_16_192_64_0p5_0p02_0041_0010" 5106
"/Engine/EngineMaterials/Substrate/GLints/dict_16_192_64_0p5_0p02_0040_0015" 5107
"/Engine/EngineMaterials/Substrate/GLints/dict_16_192_64_0p5_0p02_0041_0011" 5108
"/Engine/EngineMaterials/Substrate/GLints/dict_16_192_64_0p5_0p02_0040_0005" 5109
"../../../Engine/Content/EngineMaterials/Substrate/GLints/dict_16_192_64_0p5_0p02_0048_0013.uasset" 5110
"../../../Engine/Content/EngineMaterials/Substrate/GLints/dict_16_192_64_0p5_0p02_0048_0014.uasset" 5111
"/Engine/EngineMaterials/Substrate/GLints/dict_16_192_64_0p5_0p02_0041_0001" 5112
"/Engine/EngineMaterials/Substrate/GLints/dict_16_192_64_0p5_0p02_0040_0006" 5113
"/Engine/EngineMaterials/Substrate/GLints/dict_16_192_64_0p5_0p02_0040_0007" 5114
"/Engine/EngineMaterials/Substrate/GLints/dict_16_192_64_0p5_0p02_0040_0008" 5115
"/Engine/EngineMaterials/Substrate/GLints/dict_16_192_64_0p5_0p02_0040_0009" 5116
"/Engine/EngineMaterials/Substrate/GLints/dict_16_192_64_0p5_0p02_0040_0010" 5117
"../../../Engine/Content/EngineMaterials/Substrate/GLints/dict_16_192_64_0p5_0p02_0042_0013.uasset" 5118
"../../../Engine/Content/EngineMaterials/Substrate/GLints/dict_16_192_64_0p5_0p02_0042_0000.uasset" 5119
"/Engine/EngineMaterials/Substrate/GLints/dict_16_192_64_0p5_0p02_0040_0011" 5120
"/Engine/EngineMaterials/Substrate/GLints/dict_16_192_64_0p5_0p02_0040_0012" 5121
"/Engine/EngineMaterials/Substrate/GLints/dict_16_192_64_0p5_0p02_0040_0013" 5122
"/Engine/EngineMaterials/Substrate/GLints/dict_16_192_64_0p5_0p02_0040_0014" 5123
"/Engine/EngineMaterials/Substrate/GLints/dict_16_192_64_0p5_0p02_0048_0013" 5124
"/Engine/EngineMaterials/Substrate/GLints/dict_16_192_64_0p5_0p02_0042_0013" 5125
"/Engine/EngineMaterials/Substrate/GLints/dict_16_192_64_0p5_0p02_0048_0014" 5126
"/Engine/EngineMaterials/Substrate/GLints/dict_16_192_64_0p5_0p02_0042_0000" 5127
"../../../Engine/Content/EngineMaterials/Substrate/GLints/dict_16_192_64_0p5_0p02_0040_0002.uasset" 5128
"../../../Engine/Content/EngineMaterials/Substrate/GLints/dict_16_192_64_0p5_0p02_0040_0001.uasset" 5129
"../../../Engine/Content/EngineMaterials/Substrate/GLints/dict_16_192_64_0p5_0p02_0040_0000.uasset" 5130
"../../../Engine/Content/EngineMaterials/Substrate/GLints/dict_16_192_64_0p5_0p02_0043_0004.uasset" 5131
"../../../Engine/Content/EngineMaterials/Substrate/GLints/dict_16_192_64_0p5_0p02_0040_0003.uasset" 5132
"../../../Engine/Content/EngineMaterials/Substrate/GLints/dict_16_192_64_0p5_0p02_0041_0015.uasset" 5133
"../../../Engine/Content/EngineMaterials/Substrate/GLints/dict_16_192_64_0p5_0p02_0039_0011.uasset" 5134
"../../../Engine/Content/EngineMaterials/Substrate/GLints/dict_16_192_64_0p5_0p02_0039_0013.uasset" 5135
"../../../Engine/Content/EngineMaterials/Substrate/GLints/dict_16_192_64_0p5_0p02_0039_0007.uasset" 5136
"../../../Engine/Content/EngineMaterials/Substrate/GLints/dict_16_192_64_0p5_0p02_0039_0010.uasset" 5137
"../../../Engine/Content/EngineMaterials/Substrate/GLints/dict_16_192_64_0p5_0p02_0039_0006.uasset" 5138
"../../../Engine/Content/EngineMaterials/Substrate/GLints/dict_16_192_64_0p5_0p02_0039_0009.uasset" 5139
"../../../Engine/Content/EngineMaterials/Substrate/GLints/dict_16_192_64_0p5_0p02_0039_0005.uasset" 5140
"/Engine/EngineMaterials/Substrate/GLints/dict_16_192_64_0p5_0p02_0039_0007" 5141
"/Engine/EngineMaterials/Substrate/GLints/dict_16_192_64_0p5_0p02_0043_0004" 5142
"../../../Engine/Content/EngineMaterials/Substrate/GLints/dict_16_192_64_0p5_0p02_0039_0004.uasset" 5143
"../../../Engine/Content/EngineMaterials/Substrate/GLints/dict_16_192_64_0p5_0p02_0039_0008.uasset" 5144
"/Engine/EngineMaterials/Substrate/GLints/dict_16_192_64_0p5_0p02_0039_0009" 5145
"/Engine/EngineMaterials/Substrate/GLints/dict_16_192_64_0p5_0p02_0041_0015" 5146
"/Engine/EngineMaterials/Substrate/GLints/dict_16_192_64_0p5_0p02_0039_0010" 5147
"/Engine/EngineMaterials/Substrate/GLints/dict_16_192_64_0p5_0p02_0039_0011" 5148
"../../../Engine/Content/EngineMaterials/Substrate/GLints/dict_16_192_64_0p5_0p02_0039_0001.uasset" 5149
"../../../Engine/Content/EngineMaterials/Substrate/GLints/dict_16_192_64_0p5_0p02_0039_0002.uasset" 5150
"/Engine/EngineMaterials/Substrate/GLints/dict_16_192_64_0p5_0p02_0039_0005" 5151
"/Engine/EngineMaterials/Substrate/GLints/dict_16_192_64_0p5_0p02_0039_0013" 5152
"/Engine/EngineMaterials/Substrate/GLints/dict_16_192_64_0p5_0p02_0040_0000" 5153
"/Engine/EngineMaterials/Substrate/GLints/dict_16_192_64_0p5_0p02_0040_0001" 5154
"/Engine/EngineMaterials/Substrate/GLints/dict_16_192_64_0p5_0p02_0039_0006" 5155
"/Engine/EngineMaterials/Substrate/GLints/dict_16_192_64_0p5_0p02_0040_0002" 5156
"/Engine/EngineMaterials/Substrate/GLints/dict_16_192_64_0p5_0p02_0040_0003" 5157
"/Engine/EngineMaterials/Substrate/GLints/dict_16_192_64_0p5_0p02_0039_0008" 5158
"/Engine/EngineMaterials/Substrate/GLints/dict_16_192_64_0p5_0p02_0039_0001" 5159
"../../../Engine/Content/EngineMaterials/Substrate/GLints/dict_16_192_64_0p5_0p02_0039_0000.uasset" 5160
"../../../Engine/Content/EngineMaterials/Substrate/GLints/dict_16_192_64_0p5_0p02_0038_0014.uasset" 5161
"/Engine/EngineMaterials/Substrate/GLints/dict_16_192_64_0p5_0p02_0039_0002" 5162
"../../../Engine/Content/EngineMaterials/Substrate/GLints/dict_16_192_64_0p5_0p02_0038_0015.uasset" 5163
"../../../Engine/Content/EngineMaterials/Substrate/GLints/dict_16_192_64_0p5_0p02_0038_0012.uasset" 5164
"/Engine/EngineMaterials/Substrate/GLints/dict_16_192_64_0p5_0p02_0039_0004" 5165
"../../../Engine/Content/EngineMaterials/Substrate/GLints/dict_16_192_64_0p5_0p02_0038_0013.uasset" 5166
"/Engine/EngineMaterials/Substrate/GLints/dict_16_192_64_0p5_0p02_0038_0012" 5167
"/Engine/EngineMaterials/Substrate/GLints/dict_16_192_64_0p5_0p02_0038_0014" 5168
"/Engine/EngineMaterials/Substrate/GLints/dict_16_192_64_0p5_0p02_0038_0015" 5169
"/Engine/EngineMaterials/Substrate/GLints/dict_16_192_64_0p5_0p02_0039_0000" 5170
"/Engine/EngineMaterials/Substrate/GLints/dict_16_192_64_0p5_0p02_0038_0013" 5171
"../../../Engine/Content/EngineMaterials/Substrate/GLints/dict_16_192_64_0p5_0p02_0038_0010.uasset" 5172
"../../../Engine/Content/EngineMaterials/Substrate/GLints/dict_16_192_64_0p5_0p02_0038_0011.uasset" 5173
"../../../Engine/Content/EngineMaterials/Substrate/GLints/dict_16_192_64_0p5_0p02_0040_0004.uasset" 5174
"../../../Engine/Content/EngineMaterials/Substrate/GLints/dict_16_192_64_0p5_0p02_0038_0009.uasset" 5175
"../../../Engine/Content/EngineMaterials/Substrate/GLints/dict_16_192_64_0p5_0p02_0038_0008.uasset" 5176
"../../../Engine/Content/EngineMaterials/Substrate/GLints/dict_16_192_64_0p5_0p02_0038_0007.uasset" 5177
"../../../Engine/Content/EngineMaterials/Substrate/GLints/dict_16_192_64_0p5_0p02_0038_0004.uasset" 5178
"../../../Engine/Content/EngineMaterials/Substrate/GLints/dict_16_192_64_0p5_0p02_0038_0005.uasset" 5179
"../../../Engine/Content/EngineMaterials/Substrate/GLints/dict_16_192_64_0p5_0p02_0038_0003.uasset" 5180
"../../../Engine/Content/EngineMaterials/Substrate/GLints/dict_16_192_64_0p5_0p02_0038_0006.uasset" 5181
"../../../Engine/Content/EngineMaterials/Substrate/GLints/dict_16_192_64_0p5_0p02_0038_0002.uasset" 5182
"../../../Engine/Content/EngineMaterials/Substrate/GLints/dict_16_192_64_0p5_0p02_0039_0014.uasset" 5183
"../../../Engine/Content/EngineMaterials/Substrate/GLints/dict_16_192_64_0p5_0p02_0038_0001.uasset" 5184
"../../../Engine/Content/EngineMaterials/Substrate/GLints/dict_16_192_64_0p5_0p02_0039_0015.uasset" 5185
"../../../Engine/Content/EngineMaterials/Substrate/GLints/dict_16_192_64_0p5_0p02_0037_0014.uasset" 5186
"../../../Engine/Content/EngineMaterials/Substrate/GLints/dict_16_192_64_0p5_0p02_0037_0015.uasset" 5187
"/Engine/EngineMaterials/Substrate/GLints/dict_16_192_64_0p5_0p02_0040_0004" 5188
"/Engine/EngineMaterials/Substrate/GLints/dict_16_192_64_0p5_0p02_0037_0014" 5189
"/Engine/EngineMaterials/Substrate/GLints/dict_16_192_64_0p5_0p02_0037_0015" 5190
"../../../Engine/Content/EngineMaterials/Substrate/GLints/dict_16_192_64_0p5_0p02_0037_0011.uasset" 5191
"/Engine/EngineMaterials/Substrate/GLints/dict_16_192_64_0p5_0p02_0038_0001" 5192
"../../../Engine/Content/EngineMaterials/Substrate/GLints/dict_16_192_64_0p5_0p02_0037_0009.uasset" 5193
"/Engine/EngineMaterials/Substrate/GLints/dict_16_192_64_0p5_0p02_0038_0002" 5194
"/Engine/EngineMaterials/Substrate/GLints/dict_16_192_64_0p5_0p02_0039_0014" 5195
"../../../Engine/Content/EngineMaterials/Substrate/GLints/dict_16_192_64_0p5_0p02_0037_0010.uasset" 5196
"/Engine/EngineMaterials/Substrate/GLints/dict_16_192_64_0p5_0p02_0039_0015" 5197
"/Engine/EngineMaterials/Substrate/GLints/dict_16_192_64_0p5_0p02_0038_0003" 5198
"/Engine/EngineMaterials/Substrate/GLints/dict_16_192_64_0p5_0p02_0038_0004" 5199
"/Engine/EngineMaterials/Substrate/GLints/dict_16_192_64_0p5_0p02_0038_0008" 5200
"/Engine/EngineMaterials/Substrate/GLints/dict_16_192_64_0p5_0p02_0038_0009" 5201
"/Engine/EngineMaterials/Substrate/GLints/dict_16_192_64_0p5_0p02_0038_0010" 5202
"/Engine/EngineMaterials/Substrate/GLints/dict_16_192_64_0p5_0p02_0038_0011" 5203
"/Engine/EngineMaterials/Substrate/GLints/dict_16_192_64_0p5_0p02_0038_0005" 5204
"/Engine/EngineMaterials/Substrate/GLints/dict_16_192_64_0p5_0p02_0038_0006" 5205
"/Engine/EngineMaterials/Substrate/GLints/dict_16_192_64_0p5_0p02_0038_0007" 5206
"/Engine/EngineMaterials/Substrate/GLints/dict_16_192_64_0p5_0p02_0037_0011" 5207
"/Engine/EngineMaterials/Substrate/GLints/dict_16_192_64_0p5_0p02_0037_0009" 5208
"../../../Engine/Content/EngineMaterials/Substrate/GLints/dict_16_192_64_0p5_0p02_0037_0012.uasset" 5209
"/Engine/EngineMaterials/Substrate/GLints/dict_16_192_64_0p5_0p02_0037_0010" 5210
"../../../Engine/Content/EngineMaterials/Substrate/GLints/dict_16_192_64_0p5_0p02_0037_0013.uasset" 5211
"/Engine/EngineMaterials/Substrate/GLints/dict_16_192_64_0p5_0p02_0037_0012" 5212
"../../../Engine/Content/EngineMaterials/Substrate/GLints/dict_16_192_64_0p5_0p02_0037_0006.uasset" 5213
"/Engine/EngineMaterials/Substrate/GLints/dict_16_192_64_0p5_0p02_0037_0013" 5214
"../../../Engine/Content/EngineMaterials/Substrate/GLints/dict_16_192_64_0p5_0p02_0037_0008.uasset" 5215
"/Engine/EngineMaterials/Substrate/GLints/dict_16_192_64_0p5_0p02_0037_0006" 5216
"../../../Engine/Content/EngineMaterials/Substrate/GLints/dict_16_192_64_0p5_0p02_0037_0002.uasset" 5217
"/Engine/EngineMaterials/Substrate/GLints/dict_16_192_64_0p5_0p02_0037_0008" 5218
"../../../Engine/Content/EngineMaterials/Substrate/GLints/dict_16_192_64_0p5_0p02_0037_0004.uasset" 5219
"../../../Engine/Content/EngineMaterials/Substrate/GLints/dict_16_192_64_0p5_0p02_0037_0003.uasset" 5220
"/Engine/EngineMaterials/Substrate/GLints/dict_16_192_64_0p5_0p02_0037_0003" 5221
"/Engine/EngineMaterials/Substrate/GLints/dict_16_192_64_0p5_0p02_0037_0002" 5222
"/Engine/EngineMaterials/Substrate/GLints/dict_16_192_64_0p5_0p02_0037_0004" 5223
"../../../Engine/Content/EngineMaterials/Substrate/GLints/dict_16_192_64_0p5_0p02_0037_0005.uasset" 5224
"../../../Engine/Content/EngineMaterials/Substrate/GLints/dict_16_192_64_0p5_0p02_0037_0001.uasset" 5225
"../../../Engine/Content/EngineMaterials/Substrate/GLints/dict_16_192_64_0p5_0p02_0036_0014.uasset" 5226
"../../../Engine/Content/EngineMaterials/Substrate/GLints/dict_16_192_64_0p5_0p02_0036_0015.uasset" 5227
"../../../Engine/Content/EngineMaterials/Substrate/GLints/dict_16_192_64_0p5_0p02_0039_0012.uasset" 5228
"../../../Engine/Content/EngineMaterials/Substrate/GLints/dict_16_192_64_0p5_0p02_0037_0000.uasset" 5229
"../../../Engine/Content/EngineMaterials/Substrate/GLints/dict_16_192_64_0p5_0p02_0036_0013.uasset" 5230
"../../../Engine/Content/EngineMaterials/Substrate/GLints/dict_16_192_64_0p5_0p02_0036_0012.uasset" 5231
"../../../Engine/Content/EngineMaterials/Substrate/GLints/dict_16_192_64_0p5_0p02_0036_0010.uasset" 5232
"../../../Engine/Content/EngineMaterials/Substrate/GLints/dict_16_192_64_0p5_0p02_0036_0011.uasset" 5233
"../../../Engine/Content/EngineMaterials/Substrate/GLints/dict_16_192_64_0p5_0p02_0036_0009.uasset" 5234
"../../../Engine/Content/EngineMaterials/Substrate/GLints/dict_16_192_64_0p5_0p02_0036_0008.uasset" 5235
"/Engine/EngineMaterials/Substrate/GLints/dict_16_192_64_0p5_0p02_0037_0005" 5236
"/Engine/EngineMaterials/Substrate/GLints/dict_16_192_64_0p5_0p02_0039_0012" 5237
"/Engine/EngineMaterials/Substrate/GLints/dict_16_192_64_0p5_0p02_0036_0008" 5238
"/Engine/EngineMaterials/Substrate/GLints/dict_16_192_64_0p5_0p02_0036_0009" 5239
"/Engine/EngineMaterials/Substrate/GLints/dict_16_192_64_0p5_0p02_0036_0010" 5240
"/Engine/EngineMaterials/Substrate/GLints/dict_16_192_64_0p5_0p02_0036_0011" 5241
"/Engine/EngineMaterials/Substrate/GLints/dict_16_192_64_0p5_0p02_0036_0012" 5242
"/Engine/EngineMaterials/Substrate/GLints/dict_16_192_64_0p5_0p02_0036_0013" 5243
"/Engine/EngineMaterials/Substrate/GLints/dict_16_192_64_0p5_0p02_0036_0014" 5244
"/Engine/EngineMaterials/Substrate/GLints/dict_16_192_64_0p5_0p02_0036_0015" 5245
"../../../Engine/Content/EngineMaterials/Substrate/GLints/dict_16_192_64_0p5_0p02_0036_0000.uasset" 5246
"../../../Engine/Content/EngineMaterials/Substrate/GLints/dict_16_192_64_0p5_0p02_0035_0014.uasset" 5247
"/Engine/EngineMaterials/Substrate/GLints/dict_16_192_64_0p5_0p02_0037_0000" 5248
"/Engine/EngineMaterials/Substrate/GLints/dict_16_192_64_0p5_0p02_0037_0001" 5249
"/Engine/EngineMaterials/Substrate/GLints/dict_16_192_64_0p5_0p02_0035_0014" 5250
"../../../Engine/Content/EngineMaterials/Substrate/GLints/dict_16_192_64_0p5_0p02_0037_0007.uasset" 5251
"/Engine/EngineMaterials/Substrate/GLints/dict_16_192_64_0p5_0p02_0036_0000" 5252
"/Engine/EngineMaterials/Substrate/GLints/dict_16_192_64_0p5_0p02_0037_0007" 5253
"../../../Engine/Content/EngineMaterials/Substrate/GLints/dict_16_192_64_0p5_0p02_0036_0001.uasset" 5254
"/Engine/EngineMaterials/Substrate/GLints/dict_16_192_64_0p5_0p02_0036_0001" 5255
"../../../Engine/Content/EngineMaterials/Substrate/GLints/dict_16_192_64_0p5_0p02_0036_0004.uasset" 5256
"../../../Engine/Content/EngineMaterials/Substrate/GLints/dict_16_192_64_0p5_0p02_0036_0003.uasset" 5257
"../../../Engine/Content/EngineMaterials/Substrate/GLints/dict_16_192_64_0p5_0p02_0036_0006.uasset" 5258
"/Engine/EngineMaterials/Substrate/GLints/dict_16_192_64_0p5_0p02_0036_0003" 5259
"/Engine/EngineMaterials/Substrate/GLints/dict_16_192_64_0p5_0p02_0036_0004" 5260
"../../../Engine/Content/EngineMaterials/Substrate/GLints/dict_16_192_64_0p5_0p02_0036_0007.uasset" 5261
"../../../Engine/Content/EngineMaterials/Substrate/GLints/dict_16_192_64_0p5_0p02_0035_0015.uasset" 5262
"/Engine/EngineMaterials/Substrate/GLints/dict_16_192_64_0p5_0p02_0036_0006" 5263
"/Engine/EngineMaterials/Substrate/GLints/dict_16_192_64_0p5_0p02_0035_0015" 5264
"/Engine/EngineMaterials/Substrate/GLints/dict_16_192_64_0p5_0p02_0036_0007" 5265
"../../../Engine/Content/EngineMaterials/Substrate/GLints/dict_16_192_64_0p5_0p02_0036_0005.uasset" 5266
"../../../Engine/Content/EngineMaterials/Substrate/GLints/dict_16_192_64_0p5_0p02_0036_0002.uasset" 5267
"../../../Engine/Content/EngineMaterials/Substrate/GLints/dict_16_192_64_0p5_0p02_0035_0011.uasset" 5268
"../../../Engine/Content/EngineMaterials/Substrate/GLints/dict_16_192_64_0p5_0p02_0035_0012.uasset" 5269
"../../../Engine/Content/EngineMaterials/Substrate/GLints/dict_16_192_64_0p5_0p02_0035_0013.uasset" 5270
"../../../Engine/Content/EngineMaterials/Substrate/GLints/dict_16_192_64_0p5_0p02_0035_0009.uasset" 5271
"../../../Engine/Content/EngineMaterials/Substrate/GLints/dict_16_192_64_0p5_0p02_0035_0008.uasset" 5272
"../../../Engine/Content/EngineMaterials/Substrate/GLints/dict_16_192_64_0p5_0p02_0035_0005.uasset" 5273
"../../../Engine/Content/EngineMaterials/Substrate/GLints/dict_16_192_64_0p5_0p02_0035_0007.uasset" 5274
"../../../Engine/Content/EngineMaterials/Substrate/GLints/dict_16_192_64_0p5_0p02_0035_0004.uasset" 5275
"../../../Engine/Content/EngineMaterials/Substrate/GLints/dict_16_192_64_0p5_0p02_0035_0006.uasset" 5276
"../../../Engine/Content/EngineMaterials/Substrate/GLints/dict_16_192_64_0p5_0p02_0035_0002.uasset" 5277
"../../../Engine/Content/EngineMaterials/Substrate/GLints/dict_16_192_64_0p5_0p02_0035_0003.uasset" 5278
"../../../Engine/Content/EngineMaterials/Substrate/GLints/dict_16_192_64_0p5_0p02_0035_0001.uasset" 5279
"../../../Engine/Content/EngineMaterials/Substrate/GLints/dict_16_192_64_0p5_0p02_0034_0013.uasset" 5280
"../../../Engine/Content/EngineMaterials/Substrate/GLints/dict_16_192_64_0p5_0p02_0035_0000.uasset" 5281
"../../../Engine/Content/EngineMaterials/Substrate/GLints/dict_16_192_64_0p5_0p02_0034_0014.uasset" 5282
"../../../Engine/Content/EngineMaterials/Substrate/GLints/dict_16_192_64_0p5_0p02_0034_0015.uasset" 5283
"../../../Engine/Content/EngineMaterials/Substrate/GLints/dict_16_192_64_0p5_0p02_0034_0011.uasset" 5284
"../../../Engine/Content/EngineMaterials/Substrate/GLints/dict_16_192_64_0p5_0p02_0034_0012.uasset" 5285
"../../../Engine/Content/EngineMaterials/Substrate/GLints/dict_16_192_64_0p5_0p02_0034_0008.uasset" 5286
"../../../Engine/Content/EngineMaterials/Substrate/GLints/dict_16_192_64_0p5_0p02_0034_0010.uasset" 5287
"../../../Engine/Content/EngineMaterials/Substrate/GLints/dict_16_192_64_0p5_0p02_0034_0009.uasset" 5288
"../../../Engine/Content/EngineMaterials/Substrate/GLints/dict_16_192_64_0p5_0p02_0034_0007.uasset" 5289
"../../../Engine/Content/EngineMaterials/Substrate/GLints/dict_16_192_64_0p5_0p02_0034_0006.uasset" 5290
"../../../Engine/Content/EngineMaterials/Substrate/GLints/dict_16_192_64_0p5_0p02_0048_0003.uasset" 5291
"../../../Engine/Content/EngineMaterials/Substrate/GLints/dict_16_192_64_0p5_0p02_0034_0003.uasset" 5292
"../../../Engine/Content/EngineMaterials/Substrate/GLints/dict_16_192_64_0p5_0p02_0034_0004.uasset" 5293
"../../../Engine/Content/EngineMaterials/Substrate/GLints/dict_16_192_64_0p5_0p02_0034_0005.uasset" 5294
"../../../Engine/Content/EngineMaterials/Substrate/GLints/dict_16_192_64_0p5_0p02_0038_0000.uasset" 5295
"../../../Engine/Content/EngineMaterials/Substrate/GLints/dict_16_192_64_0p5_0p02_0035_0010.uasset" 5296
"../../../Engine/Content/EngineMaterials/Substrate/GLints/dict_16_192_64_0p5_0p02_0039_0003.uasset" 5297
"C:/Arcadia/Unreal/Projects/Ricochet2/DerivedDataCache/VT/TEXTURE_7C16439390E24F1F9468894FB4D4BC55_VTCHUNKD2DAB16BFF152507817E734DBB935160EA97A322" 5298
"C:/Arcadia/Unreal/Projects/Ricochet2/DerivedDataCache/VT/TEXTURE_7C16439390E24F1F9468894FB4D4BC55_VTCHUNK38740DBD4108040D6985AA56705D97D46F27920C" 5299
"C:/Arcadia/Unreal/Projects/Ricochet2/DerivedDataCache/VT/TEXTURE_7C16439390E24F1F9468894FB4D4BC55_VTCHUNK84C05FFC339C0CEFE446DED1628C0AFB5362331E" 5300
"C:/Arcadia/Unreal/Projects/Ricochet2/DerivedDataCache/VT/TEXTURE_7C16439390E24F1F9468894FB4D4BC55_VTCHUNKC0393DE8C5B4673D99D1BECB92AA8C1F72FEB491" 5301
"C:/Arcadia/Unreal/Projects/Ricochet2/DerivedDataCache/VT/TEXTURE_7C16439390E24F1F9468894FB4D4BC55_VTCHUNK02D4C3BCAD7DFA48AB32B8281FB06B8B83DB6275" 5302
"/Engine/EngineMaterials/Substrate/GLints/dict_16_192_64_0p5_0p02_0035_0008" 5303
"/Engine/EngineMaterials/Substrate/GLints/dict_16_192_64_0p5_0p02_0034_0003" 5304
"/Engine/EngineMaterials/Substrate/GLints/dict_16_192_64_0p5_0p02_0035_0009" 5305
"/Engine/EngineMaterials/Substrate/GLints/dict_16_192_64_0p5_0p02_0035_0010" 5306
"/Engine/EngineMaterials/Substrate/GLints/dict_16_192_64_0p5_0p02_0034_0012" 5307
"/Engine/EngineMaterials/Substrate/GLints/dict_16_192_64_0p5_0p02_0036_0002" 5308
"/Engine/EngineMaterials/Substrate/GLints/dict_16_192_64_0p5_0p02_0035_0013" 5309
"/Engine/EngineMaterials/Substrate/GLints/dict_16_192_64_0p5_0p02_0034_0009" 5310
"/Engine/EngineMaterials/Substrate/GLints/dict_16_192_64_0p5_0p02_0035_0011" 5311
"/Engine/EngineMaterials/Substrate/GLints/dict_16_192_64_0p5_0p02_0035_0012" 5312
"/Engine/EngineMaterials/Substrate/GLints/dict_16_192_64_0p5_0p02_0034_0010" 5313
"/Engine/EngineMaterials/Substrate/GLints/dict_16_192_64_0p5_0p02_0034_0011" 5314
"/Engine/EngineMaterials/Substrate/GLints/dict_16_192_64_0p5_0p02_0034_0005" 5315
"/Engine/EngineMaterials/Substrate/GLints/dict_16_192_64_0p5_0p02_0048_0003" 5316
"/Engine/EngineMaterials/Substrate/GLints/dict_16_192_64_0p5_0p02_0039_0003" 5317
"/Engine/EngineMaterials/Substrate/GLints/dict_16_192_64_0p5_0p02_0034_0008" 5318
"/Engine/EngineMaterials/Substrate/GLints/dict_16_192_64_0p5_0p02_0034_0006" 5319
"/Engine/EngineMaterials/Substrate/GLints/dict_16_192_64_0p5_0p02_0038_0000" 5320
"/Engine/EngineMaterials/Substrate/GLints/dict_16_192_64_0p5_0p02_0034_0013" 5321
"/Engine/EngineMaterials/Substrate/GLints/dict_16_192_64_0p5_0p02_0036_0005" 5322
"/Engine/EngineMaterials/Substrate/GLints/dict_16_192_64_0p5_0p02_0034_0007" 5323
"/Engine/EngineMaterials/Substrate/GLints/dict_16_192_64_0p5_0p02_0034_0004" 5324
"/Engine/EngineMaterials/Substrate/GLints/dict_16_192_64_0p5_0p02_0034_0014" 5325
"/Engine/EngineMaterials/Substrate/GLints/dict_16_192_64_0p5_0p02_0034_0015" 5326
"/Engine/EngineMaterials/Substrate/GLints/dict_16_192_64_0p5_0p02_0035_0000" 5327
"/Engine/EngineMaterials/Substrate/GLints/dict_16_192_64_0p5_0p02_0035_0001" 5328
"/Engine/EngineMaterials/Substrate/GLints/dict_16_192_64_0p5_0p02_0035_0002" 5329
"/Engine/EngineMaterials/Substrate/GLints/dict_16_192_64_0p5_0p02_0035_0003" 5330
"/Engine/EngineMaterials/Substrate/GLints/dict_16_192_64_0p5_0p02_0035_0004" 5331
"/Engine/EngineMaterials/Substrate/GLints/dict_16_192_64_0p5_0p02_0035_0005" 5332
"/Engine/EngineMaterials/Substrate/GLints/dict_16_192_64_0p5_0p02_0035_0006" 5333
"/Engine/EngineMaterials/Substrate/GLints/dict_16_192_64_0p5_0p02_0035_0007" 5334
"../../../Engine/Content/EngineMaterials/Substrate/GLints/dict_16_192_64_0p5_0p02_0033_0015.uasset" 5335
"../../../Engine/Content/EngineMaterials/Substrate/GLints/dict_16_192_64_0p5_0p02_0034_0000.uasset" 5336
"/Engine/EngineMaterials/Substrate/GLints/dict_16_192_64_0p5_0p02_0033_0015" 5337
"../../../Engine/Content/EngineMaterials/Substrate/GLints/dict_16_192_64_0p5_0p02_0033_0010.uasset" 5338
"../../../Engine/Content/EngineMaterials/Substrate/GLints/dict_16_192_64_0p5_0p02_0033_0012.uasset" 5339
"../../../Engine/Content/EngineMaterials/Substrate/GLints/dict_16_192_64_0p5_0p02_0033_0011.uasset" 5340
"../../../Engine/Content/EngineMaterials/Substrate/GLints/dict_16_192_64_0p5_0p02_0034_0001.uasset" 5341
"/Engine/EngineMaterials/Substrate/GLints/dict_16_192_64_0p5_0p02_0034_0000" 5342
"../../../Engine/Content/EngineMaterials/Substrate/GLints/dict_16_192_64_0p5_0p02_0033_0013.uasset" 5343
"/Engine/EngineMaterials/Substrate/GLints/dict_16_192_64_0p5_0p02_0033_0010" 5344
"/Engine/EngineMaterials/Substrate/GLints/dict_16_192_64_0p5_0p02_0033_0011" 5345
"/Engine/EngineMaterials/Substrate/GLints/dict_16_192_64_0p5_0p02_0033_0012" 5346
"/Engine/EngineMaterials/Substrate/GLints/dict_16_192_64_0p5_0p02_0034_0001" 5347
"/Engine/EngineMaterials/Substrate/GLints/dict_16_192_64_0p5_0p02_0033_0013" 5348
"../../../Engine/Content/EngineMaterials/Substrate/GLints/dict_16_192_64_0p5_0p02_0033_0008.uasset" 5349
"../../../Engine/Content/EngineMaterials/Substrate/GLints/dict_16_192_64_0p5_0p02_0033_0007.uasset" 5350
"../../../Engine/Content/EngineMaterials/Substrate/GLints/dict_16_192_64_0p5_0p02_0033_0005.uasset" 5351
"../../../Engine/Content/EngineMaterials/Substrate/GLints/dict_16_192_64_0p5_0p02_0033_0006.uasset" 5352
"../../../Engine/Content/EngineMaterials/Substrate/GLints/dict_16_192_64_0p5_0p02_0033_0001.uasset" 5353
"../../../Engine/Content/EngineMaterials/Substrate/GLints/dict_16_192_64_0p5_0p02_0033_0000.uasset" 5354
"../../../Engine/Content/EngineMaterials/Substrate/GLints/dict_16_192_64_0p5_0p02_0032_0013.uasset" 5355
"../../../Engine/Content/EngineMaterials/Substrate/GLints/dict_16_192_64_0p5_0p02_0032_0010.uasset" 5356
"../../../Engine/Content/EngineMaterials/Substrate/GLints/dict_16_192_64_0p5_0p02_0033_0004.uasset" 5357
"../../../Engine/Content/EngineMaterials/Substrate/GLints/dict_16_192_64_0p5_0p02_0032_0015.uasset" 5358
"../../../Engine/Content/EngineMaterials/Substrate/GLints/dict_16_192_64_0p5_0p02_0032_0012.uasset" 5359
"../../../Engine/Content/EngineMaterials/Substrate/GLints/dict_16_192_64_0p5_0p02_0033_0003.uasset" 5360
"../../../Engine/Content/EngineMaterials/Substrate/GLints/dict_16_192_64_0p5_0p02_0032_0014.uasset" 5361
"../../../Engine/Content/EngineMaterials/Substrate/GLints/dict_16_192_64_0p5_0p02_0033_0002.uasset" 5362
"../../../Engine/Content/EngineMaterials/Substrate/GLints/dict_16_192_64_0p5_0p02_0032_0011.uasset" 5363
"/Engine/EngineMaterials/Substrate/GLints/dict_16_192_64_0p5_0p02_0032_0010" 5364
"../../../Engine/Content/EngineMaterials/Substrate/GLints/dict_16_192_64_0p5_0p02_0032_0009.uasset" 5365
"/Engine/EngineMaterials/Substrate/GLints/dict_16_192_64_0p5_0p02_0032_0011" 5366
"/Engine/EngineMaterials/Substrate/GLints/dict_16_192_64_0p5_0p02_0032_0012" 5367
"/Engine/EngineMaterials/Substrate/GLints/dict_16_192_64_0p5_0p02_0032_0013" 5368
"/Engine/EngineMaterials/Substrate/GLints/dict_16_192_64_0p5_0p02_0032_0014" 5369
"/Engine/EngineMaterials/Substrate/GLints/dict_16_192_64_0p5_0p02_0032_0015" 5370
"../../../Engine/Content/EngineMaterials/Substrate/GLints/dict_16_192_64_0p5_0p02_0032_0006.uasset" 5371
"../../../Engine/Content/EngineMaterials/Substrate/GLints/dict_16_192_64_0p5_0p02_0032_0008.uasset" 5372
"../../../Engine/Content/EngineMaterials/Substrate/GLints/dict_16_192_64_0p5_0p02_0032_0003.uasset" 5373
"/Engine/EngineMaterials/Substrate/GLints/dict_16_192_64_0p5_0p02_0033_0000" 5374
"/Engine/EngineMaterials/Substrate/GLints/dict_16_192_64_0p5_0p02_0033_0001" 5375
"/Engine/EngineMaterials/Substrate/GLints/dict_16_192_64_0p5_0p02_0033_0002" 5376
"/Engine/EngineMaterials/Substrate/GLints/dict_16_192_64_0p5_0p02_0033_0003" 5377
"../../../Engine/Content/EngineMaterials/Substrate/GLints/dict_16_192_64_0p5_0p02_0032_0007.uasset" 5378
"/Engine/EngineMaterials/Substrate/GLints/dict_16_192_64_0p5_0p02_0033_0004" 5379
"/Engine/EngineMaterials/Substrate/GLints/dict_16_192_64_0p5_0p02_0033_0005" 5380
"/Engine/EngineMaterials/Substrate/GLints/dict_16_192_64_0p5_0p02_0033_0006" 5381
"../../../Engine/Content/EngineMaterials/Substrate/GLints/dict_16_192_64_0p5_0p02_0032_0004.uasset" 5382
"/Engine/EngineMaterials/Substrate/GLints/dict_16_192_64_0p5_0p02_0033_0007" 5383
"/Engine/EngineMaterials/Substrate/GLints/dict_16_192_64_0p5_0p02_0033_0008" 5384
"/Engine/EngineMaterials/Substrate/GLints/dict_16_192_64_0p5_0p02_0032_0003" 5385
"/Engine/EngineMaterials/Substrate/GLints/dict_16_192_64_0p5_0p02_0032_0004" 5386
"/Engine/EngineMaterials/Substrate/GLints/dict_16_192_64_0p5_0p02_0032_0006" 5387
"/Engine/EngineMaterials/Substrate/GLints/dict_16_192_64_0p5_0p02_0032_0007" 5388
"../../../Engine/Content/EngineMaterials/Substrate/GLints/dict_16_192_64_0p5_0p02_0032_0005.uasset" 5389
"/Engine/EngineMaterials/Substrate/GLints/dict_16_192_64_0p5_0p02_0032_0008" 5390
"../../../Engine/Content/EngineMaterials/Substrate/GLints/dict_16_192_64_0p5_0p02_0033_0009.uasset" 5391
"/Engine/EngineMaterials/Substrate/GLints/dict_16_192_64_0p5_0p02_0032_0009" 5392
"/Engine/EngineMaterials/Substrate/GLints/dict_16_192_64_0p5_0p02_0032_0005" 5393
"/Engine/EngineMaterials/Substrate/GLints/dict_16_192_64_0p5_0p02_0033_0009" 5394
"../../../Engine/Content/EngineMaterials/Substrate/GLints/dict_16_192_64_0p5_0p02_0034_0002.uasset" 5395
"../../../Engine/Content/EngineMaterials/Substrate/GLints/dict_16_192_64_0p5_0p02_0033_0014.uasset" 5396
"/Engine/EngineMaterials/Substrate/GLints/dict_16_192_64_0p5_0p02_0033_0014" 5397
"/Engine/EngineMaterials/Substrate/GLints/dict_16_192_64_0p5_0p02_0034_0002" 5398
"../../../Engine/Content/EngineMaterials/Substrate/GLints/dict_16_192_64_0p5_0p02_0032_0001.uasset" 5399
"../../../Engine/Content/EngineMaterials/Substrate/GLints/dict_16_192_64_0p5_0p02_0031_0015.uasset" 5400
"../../../Engine/Content/EngineMaterials/Substrate/GLints/dict_16_192_64_0p5_0p02_0032_0000.uasset" 5401
"../../../Engine/Content/EngineMaterials/Substrate/GLints/dict_16_192_64_0p5_0p02_0032_0002.uasset" 5402
"../../../Engine/Content/EngineMaterials/Substrate/GLints/dict_16_192_64_0p5_0p02_0031_0014.uasset" 5403
"../../../Engine/Content/EngineMaterials/Substrate/GLints/dict_16_192_64_0p5_0p02_0031_0013.uasset" 5404
"/Engine/EngineMaterials/Substrate/GLints/dict_16_192_64_0p5_0p02_0031_0013" 5405
"/Engine/EngineMaterials/Substrate/GLints/dict_16_192_64_0p5_0p02_0031_0014" 5406
"../../../Engine/Content/EngineMaterials/Substrate/GLints/dict_16_192_64_0p5_0p02_0031_0011.uasset" 5407
"/Engine/EngineMaterials/Substrate/GLints/dict_16_192_64_0p5_0p02_0031_0015" 5408
"../../../Engine/Content/EngineMaterials/Substrate/GLints/dict_16_192_64_0p5_0p02_0031_0009.uasset" 5409
"/Engine/EngineMaterials/Substrate/GLints/dict_16_192_64_0p5_0p02_0032_0001" 5410
"/Engine/EngineMaterials/Substrate/GLints/dict_16_192_64_0p5_0p02_0032_0002" 5411
"/Engine/EngineMaterials/Substrate/GLints/dict_16_192_64_0p5_0p02_0032_0000" 5412
"/Engine/EngineMaterials/Substrate/GLints/dict_16_192_64_0p5_0p02_0031_0009" 5413
"/Engine/EngineMaterials/Substrate/GLints/dict_16_192_64_0p5_0p02_0031_0011" 5414
"../../../Engine/Content/EngineMaterials/Substrate/GLints/dict_16_192_64_0p5_0p02_0031_0001.uasset" 5415
"../../../Engine/Content/EngineMaterials/Substrate/GLints/dict_16_192_64_0p5_0p02_0031_0008.uasset" 5416
"../../../Engine/Content/EngineMaterials/Substrate/GLints/dict_16_192_64_0p5_0p02_0031_0006.uasset" 5417
"../../../Engine/Content/EngineMaterials/Substrate/GLints/dict_16_192_64_0p5_0p02_0031_0012.uasset" 5418
"../../../Engine/Content/EngineMaterials/Substrate/GLints/dict_16_192_64_0p5_0p02_0031_0007.uasset" 5419
"../../../Engine/Content/EngineMaterials/Substrate/GLints/dict_16_192_64_0p5_0p02_0031_0004.uasset" 5420
"../../../Engine/Content/EngineMaterials/Substrate/GLints/dict_16_192_64_0p5_0p02_0031_0010.uasset" 5421
"../../../Engine/Content/EngineMaterials/Substrate/GLints/dict_16_192_64_0p5_0p02_0031_0005.uasset" 5422
"../../../Engine/Content/EngineMaterials/Substrate/GLints/dict_16_192_64_0p5_0p02_0030_0012.uasset" 5423
"../../../Engine/Content/EngineMaterials/Substrate/GLints/dict_16_192_64_0p5_0p02_0031_0002.uasset" 5424
"../../../Engine/Content/EngineMaterials/Substrate/GLints/dict_16_192_64_0p5_0p02_0030_0011.uasset" 5425
"../../../Engine/Content/EngineMaterials/Substrate/GLints/dict_16_192_64_0p5_0p02_0030_0015.uasset" 5426
"../../../Engine/Content/EngineMaterials/Substrate/GLints/dict_16_192_64_0p5_0p02_0030_0013.uasset" 5427
"../../../Engine/Content/EngineMaterials/Substrate/GLints/dict_16_192_64_0p5_0p02_0031_0000.uasset" 5428
"../../../Engine/Content/EngineMaterials/Substrate/GLints/dict_16_192_64_0p5_0p02_0030_0014.uasset" 5429
"../../../Engine/Content/EngineMaterials/Substrate/GLints/dict_16_192_64_0p5_0p02_0030_0009.uasset" 5430
"../../../Engine/Content/EngineMaterials/Substrate/GLints/dict_16_192_64_0p5_0p02_0030_0007.uasset" 5431
"../../../Engine/Content/EngineMaterials/Substrate/GLints/dict_16_192_64_0p5_0p02_0030_0010.uasset" 5432
"../../../Engine/Content/EngineMaterials/Substrate/GLints/dict_16_192_64_0p5_0p02_0030_0008.uasset" 5433
"/Engine/EngineMaterials/Substrate/GLints/dict_16_192_64_0p5_0p02_0030_0007" 5434
"../../../Engine/Content/EngineMaterials/Substrate/GLints/dict_16_192_64_0p5_0p02_0030_0006.uasset" 5435
"../../../Engine/Content/EngineMaterials/Substrate/GLints/dict_16_192_64_0p5_0p02_0030_0002.uasset" 5436
"../../../Engine/Content/EngineMaterials/Substrate/GLints/dict_16_192_64_0p5_0p02_0029_0011.uasset" 5437
"/Engine/EngineMaterials/Substrate/GLints/dict_16_192_64_0p5_0p02_0030_0008" 5438
"../../../Engine/Content/EngineMaterials/Substrate/GLints/dict_16_192_64_0p5_0p02_0030_0004.uasset" 5439
"../../../Engine/Content/EngineMaterials/Substrate/GLints/dict_16_192_64_0p5_0p02_0031_0003.uasset" 5440
"../../../Engine/Content/EngineMaterials/Substrate/GLints/dict_16_192_64_0p5_0p02_0029_0012.uasset" 5441
"/Engine/EngineMaterials/Substrate/GLints/dict_16_192_64_0p5_0p02_0030_0009" 5442
"/Engine/EngineMaterials/Substrate/GLints/dict_16_192_64_0p5_0p02_0030_0010" 5443
"/Engine/EngineMaterials/Substrate/GLints/dict_16_192_64_0p5_0p02_0030_0011" 5444
"/Engine/EngineMaterials/Substrate/GLints/dict_16_192_64_0p5_0p02_0030_0012" 5445
"../../../Engine/Content/EngineMaterials/Substrate/GLints/dict_16_192_64_0p5_0p02_0029_0014.uasset" 5446
"../../../Engine/Content/EngineMaterials/Substrate/GLints/dict_16_192_64_0p5_0p02_0030_0001.uasset" 5447
"/Engine/EngineMaterials/Substrate/GLints/dict_16_192_64_0p5_0p02_0030_0013" 5448
"/Engine/EngineMaterials/Substrate/GLints/dict_16_192_64_0p5_0p02_0030_0014" 5449
"/Engine/EngineMaterials/Substrate/GLints/dict_16_192_64_0p5_0p02_0030_0015" 5450
"../../../Engine/Content/EngineMaterials/Substrate/GLints/dict_16_192_64_0p5_0p02_0029_0013.uasset" 5451
"../../../Engine/Content/EngineMaterials/Substrate/GLints/dict_16_192_64_0p5_0p02_0029_0015.uasset" 5452
"../../../Engine/Content/EngineMaterials/Substrate/GLints/dict_16_192_64_0p5_0p02_0030_0003.uasset" 5453
"/Engine/EngineMaterials/Substrate/GLints/dict_16_192_64_0p5_0p02_0031_0000" 5454
"../../../Engine/Content/EngineMaterials/Substrate/GLints/dict_16_192_64_0p5_0p02_0030_0005.uasset" 5455
"/Engine/EngineMaterials/Substrate/GLints/dict_16_192_64_0p5_0p02_0031_0001" 5456
"../../../Engine/Content/EngineMaterials/Substrate/GLints/dict_16_192_64_0p5_0p02_0030_0000.uasset" 5457
"/Engine/EngineMaterials/Substrate/GLints/dict_16_192_64_0p5_0p02_0031_0002" 5458
"/Engine/EngineMaterials/Substrate/GLints/dict_16_192_64_0p5_0p02_0031_0004" 5459
"/Engine/EngineMaterials/Substrate/GLints/dict_16_192_64_0p5_0p02_0031_0005" 5460
"/Engine/EngineMaterials/Substrate/GLints/dict_16_192_64_0p5_0p02_0031_0006" 5461
"/Engine/EngineMaterials/Substrate/GLints/dict_16_192_64_0p5_0p02_0031_0007" 5462
"/Engine/EngineMaterials/Substrate/GLints/dict_16_192_64_0p5_0p02_0031_0008" 5463
"/Engine/EngineMaterials/Substrate/GLints/dict_16_192_64_0p5_0p02_0031_0010" 5464
"/Engine/EngineMaterials/Substrate/GLints/dict_16_192_64_0p5_0p02_0031_0012" 5465
"/Engine/EngineMaterials/Substrate/GLints/dict_16_192_64_0p5_0p02_0030_0005" 5466
"/Engine/EngineMaterials/Substrate/GLints/dict_16_192_64_0p5_0p02_0031_0003" 5467
"/Engine/EngineMaterials/Substrate/GLints/dict_16_192_64_0p5_0p02_0029_0011" 5468
"/Engine/EngineMaterials/Substrate/GLints/dict_16_192_64_0p5_0p02_0029_0012" 5469
"/Engine/EngineMaterials/Substrate/GLints/dict_16_192_64_0p5_0p02_0030_0006" 5470
"/Engine/EngineMaterials/Substrate/GLints/dict_16_192_64_0p5_0p02_0029_0013" 5471
"/Engine/EngineMaterials/Substrate/GLints/dict_16_192_64_0p5_0p02_0029_0014" 5472
"/Engine/EngineMaterials/Substrate/GLints/dict_16_192_64_0p5_0p02_0029_0015" 5473
"/Engine/EngineMaterials/Substrate/GLints/dict_16_192_64_0p5_0p02_0030_0003" 5474
"/Engine/EngineMaterials/Substrate/GLints/dict_16_192_64_0p5_0p02_0030_0000" 5475
"/Engine/EngineMaterials/Substrate/GLints/dict_16_192_64_0p5_0p02_0030_0001" 5476
"/Engine/EngineMaterials/Substrate/GLints/dict_16_192_64_0p5_0p02_0030_0002" 5477
"/Engine/EngineMaterials/Substrate/GLints/dict_16_192_64_0p5_0p02_0030_0004" 5478
"../../../Engine/Content/EngineMaterials/Substrate/GLints/dict_16_192_64_0p5_0p02_0029_0010.uasset" 5479
"../../../Engine/Content/EngineMaterials/Substrate/GLints/dict_16_192_64_0p5_0p02_0029_0009.uasset" 5480
"../../../Engine/Content/EngineMaterials/Substrate/GLints/dict_16_192_64_0p5_0p02_0029_0008.uasset" 5481
"../../../Engine/Content/EngineMaterials/Substrate/GLints/dict_16_192_64_0p5_0p02_0029_0007.uasset" 5482
"../../../Engine/Content/EngineMaterials/Substrate/GLints/dict_16_192_64_0p5_0p02_0029_0006.uasset" 5483
"/Engine/EngineMaterials/Substrate/GLints/dict_16_192_64_0p5_0p02_0029_0006" 5484
"/Engine/EngineMaterials/Substrate/GLints/dict_16_192_64_0p5_0p02_0029_0007" 5485
"/Engine/EngineMaterials/Substrate/GLints/dict_16_192_64_0p5_0p02_0029_0008" 5486
"/Engine/EngineMaterials/Substrate/GLints/dict_16_192_64_0p5_0p02_0029_0009" 5487
"/Engine/EngineMaterials/Substrate/GLints/dict_16_192_64_0p5_0p02_0029_0010" 5488
"../../../Engine/Content/EngineMaterials/Substrate/GLints/dict_16_192_64_0p5_0p02_0029_0004.uasset" 5489
"../../../Engine/Content/EngineMaterials/Substrate/GLints/dict_16_192_64_0p5_0p02_0029_0005.uasset" 5490
"../../../Engine/Content/EngineMaterials/Substrate/GLints/dict_16_192_64_0p5_0p02_0028_0015.uasset" 5491
"../../../Engine/Content/EngineMaterials/Substrate/GLints/dict_16_192_64_0p5_0p02_0029_0002.uasset" 5492
"../../../Engine/Content/EngineMaterials/Substrate/GLints/dict_16_192_64_0p5_0p02_0028_0012.uasset" 5493
"../../../Engine/Content/EngineMaterials/Substrate/GLints/dict_16_192_64_0p5_0p02_0028_0013.uasset" 5494
"../../../Engine/Content/EngineMaterials/Substrate/GLints/dict_16_192_64_0p5_0p02_0029_0003.uasset" 5495
"../../../Engine/Content/EngineMaterials/Substrate/GLints/dict_16_192_64_0p5_0p02_0029_0001.uasset" 5496
"../../../Engine/Content/EngineMaterials/Substrate/GLints/dict_16_192_64_0p5_0p02_0029_0000.uasset" 5497
"../../../Engine/Content/EngineMaterials/Substrate/GLints/dict_16_192_64_0p5_0p02_0028_0008.uasset" 5498
"../../../Engine/Content/EngineMaterials/Substrate/GLints/dict_16_192_64_0p5_0p02_0028_0014.uasset" 5499
"../../../Engine/Content/EngineMaterials/Substrate/GLints/dict_16_192_64_0p5_0p02_0028_0011.uasset" 5500
"../../../Engine/Content/EngineMaterials/Substrate/GLints/dict_16_192_64_0p5_0p02_0028_0009.uasset" 5501
"../../../Engine/Content/EngineMaterials/Substrate/GLints/dict_16_192_64_0p5_0p02_0028_0007.uasset" 5502
"../../../Engine/Content/EngineMaterials/Substrate/GLints/dict_16_192_64_0p5_0p02_0028_0010.uasset" 5503
"/Engine/EngineMaterials/Substrate/GLints/dict_16_192_64_0p5_0p02_0028_0008" 5504
"/Engine/EngineMaterials/Substrate/GLints/dict_16_192_64_0p5_0p02_0028_0009" 5505
"/Engine/EngineMaterials/Substrate/GLints/dict_16_192_64_0p5_0p02_0028_0010" 5506
"/Engine/EngineMaterials/Substrate/GLints/dict_16_192_64_0p5_0p02_0028_0011" 5507
"/Engine/EngineMaterials/Substrate/GLints/dict_16_192_64_0p5_0p02_0028_0012" 5508
"/Engine/EngineMaterials/Substrate/GLints/dict_16_192_64_0p5_0p02_0028_0013" 5509
"../../../Engine/Content/EngineMaterials/Substrate/GLints/dict_16_192_64_0p5_0p02_0028_0004.uasset" 5510
"../../../Engine/Content/EngineMaterials/Substrate/GLints/dict_16_192_64_0p5_0p02_0028_0005.uasset" 5511
"/Engine/EngineMaterials/Substrate/GLints/dict_16_192_64_0p5_0p02_0028_0014" 5512
"/Engine/EngineMaterials/Substrate/GLints/dict_16_192_64_0p5_0p02_0028_0015" 5513
"../../../Engine/Content/EngineMaterials/Substrate/GLints/dict_16_192_64_0p5_0p02_0028_0006.uasset" 5514
"/Engine/EngineMaterials/Substrate/GLints/dict_16_192_64_0p5_0p02_0029_0000" 5515
"../../../Engine/Content/EngineMaterials/Substrate/GLints/dict_16_192_64_0p5_0p02_0028_0001.uasset" 5516
"../../../Engine/Content/EngineMaterials/Substrate/GLints/dict_16_192_64_0p5_0p02_0027_0015.uasset" 5517
"../../../Engine/Content/EngineMaterials/Substrate/GLints/dict_16_192_64_0p5_0p02_0027_0013.uasset" 5518
"../../../Engine/Content/EngineMaterials/Substrate/GLints/dict_16_192_64_0p5_0p02_0028_0002.uasset" 5519
"/Engine/EngineMaterials/Substrate/GLints/dict_16_192_64_0p5_0p02_0029_0001" 5520
"/Engine/EngineMaterials/Substrate/GLints/dict_16_192_64_0p5_0p02_0029_0002" 5521
"../../../Engine/Content/EngineMaterials/Substrate/GLints/dict_16_192_64_0p5_0p02_0028_0003.uasset" 5522
"/Engine/EngineMaterials/Substrate/GLints/dict_16_192_64_0p5_0p02_0029_0003" 5523
"../../../Engine/Content/EngineMaterials/Substrate/GLints/dict_16_192_64_0p5_0p02_0028_0000.uasset" 5524
"/Engine/EngineMaterials/Substrate/GLints/dict_16_192_64_0p5_0p02_0029_0004" 5525
"../../../Engine/Content/EngineMaterials/Substrate/GLints/dict_16_192_64_0p5_0p02_0027_0014.uasset" 5526
"../../../Engine/Content/EngineMaterials/Substrate/GLints/dict_16_192_64_0p5_0p02_0027_0012.uasset" 5527
"/Engine/EngineMaterials/Substrate/GLints/dict_16_192_64_0p5_0p02_0029_0005" 5528
"/Engine/EngineMaterials/Substrate/GLints/dict_16_192_64_0p5_0p02_0028_0007" 5529
"/Engine/EngineMaterials/Substrate/GLints/dict_16_192_64_0p5_0p02_0027_0012" 5530
"/Engine/EngineMaterials/Substrate/GLints/dict_16_192_64_0p5_0p02_0027_0013" 5531
"/Engine/EngineMaterials/Substrate/GLints/dict_16_192_64_0p5_0p02_0027_0014" 5532
"/Engine/EngineMaterials/Substrate/GLints/dict_16_192_64_0p5_0p02_0027_0015" 5533
"/Engine/EngineMaterials/Substrate/GLints/dict_16_192_64_0p5_0p02_0028_0000" 5534
"/Engine/EngineMaterials/Substrate/GLints/dict_16_192_64_0p5_0p02_0028_0001" 5535
"/Engine/EngineMaterials/Substrate/GLints/dict_16_192_64_0p5_0p02_0028_0002" 5536
"/Engine/EngineMaterials/Substrate/GLints/dict_16_192_64_0p5_0p02_0028_0003" 5537
"../../../Engine/Content/EngineMaterials/Substrate/GLints/dict_16_192_64_0p5_0p02_0027_0009.uasset" 5538
"../../../Engine/Content/EngineMaterials/Substrate/GLints/dict_16_192_64_0p5_0p02_0027_0007.uasset" 5539
"../../../Engine/Content/EngineMaterials/Substrate/GLints/dict_16_192_64_0p5_0p02_0027_0011.uasset" 5540
"/Engine/EngineMaterials/Substrate/GLints/dict_16_192_64_0p5_0p02_0028_0004" 5541
"/Engine/EngineMaterials/Substrate/GLints/dict_16_192_64_0p5_0p02_0028_0005" 5542
"/Engine/EngineMaterials/Substrate/GLints/dict_16_192_64_0p5_0p02_0028_0006" 5543
"/Engine/EngineMaterials/Substrate/GLints/dict_16_192_64_0p5_0p02_0027_0011" 5544
"../../../Engine/Content/EngineMaterials/Substrate/GLints/dict_16_192_64_0p5_0p02_0027_0006.uasset" 5545
"/Engine/EngineMaterials/Substrate/GLints/dict_16_192_64_0p5_0p02_0027_0007" 5546
"../../../Engine/Content/EngineMaterials/Substrate/GLints/dict_16_192_64_0p5_0p02_0027_0010.uasset" 5547
"../../../Engine/Content/EngineMaterials/Substrate/GLints/dict_16_192_64_0p5_0p02_0027_0008.uasset" 5548
"/Engine/EngineMaterials/Substrate/GLints/dict_16_192_64_0p5_0p02_0027_0009" 5549
"/Engine/EngineMaterials/Substrate/GLints/dict_16_192_64_0p5_0p02_0027_0006" 5550
"/Engine/EngineMaterials/Substrate/GLints/dict_16_192_64_0p5_0p02_0027_0008" 5551
"/Engine/EngineMaterials/Substrate/GLints/dict_16_192_64_0p5_0p02_0027_0010" 5552
"../../../Engine/Content/EngineMaterials/Substrate/GLints/dict_16_192_64_0p5_0p02_0027_0000.uasset" 5553
"../../../Engine/Content/EngineMaterials/Substrate/GLints/dict_16_192_64_0p5_0p02_0027_0004.uasset" 5554
"../../../Engine/Content/EngineMaterials/Substrate/GLints/dict_16_192_64_0p5_0p02_0027_0002.uasset" 5555
"../../../Engine/Content/EngineMaterials/Substrate/GLints/dict_16_192_64_0p5_0p02_0027_0003.uasset" 5556
"../../../Engine/Content/EngineMaterials/Substrate/GLints/dict_16_192_64_0p5_0p02_0027_0001.uasset" 5557
"../../../Engine/Content/EngineMaterials/Substrate/GLints/dict_16_192_64_0p5_0p02_0027_0005.uasset" 5558
"../../../Engine/Content/EngineMaterials/Substrate/GLints/dict_16_192_64_0p5_0p02_0026_0014.uasset" 5559
"../../../Engine/Content/EngineMaterials/Substrate/GLints/dict_16_192_64_0p5_0p02_0026_0015.uasset" 5560
"../../../Engine/Content/EngineMaterials/Substrate/GLints/dict_16_192_64_0p5_0p02_0026_0013.uasset" 5561
"../../../Engine/Content/EngineMaterials/Substrate/GLints/dict_16_192_64_0p5_0p02_0026_0012.uasset" 5562
"../../../Engine/Content/EngineMaterials/Substrate/GLints/dict_16_192_64_0p5_0p02_0026_0011.uasset" 5563
"../../../Engine/Content/EngineMaterials/Substrate/GLints/dict_16_192_64_0p5_0p02_0026_0010.uasset" 5564
"/Engine/EngineMaterials/Substrate/GLints/dict_16_192_64_0p5_0p02_0026_0010" 5565
"/Engine/EngineMaterials/Substrate/GLints/dict_16_192_64_0p5_0p02_0026_0011" 5566
"/Engine/EngineMaterials/Substrate/GLints/dict_16_192_64_0p5_0p02_0026_0012" 5567
"/Engine/EngineMaterials/Substrate/GLints/dict_16_192_64_0p5_0p02_0026_0013" 5568
"/Engine/EngineMaterials/Substrate/GLints/dict_16_192_64_0p5_0p02_0026_0014" 5569
"/Engine/EngineMaterials/Substrate/GLints/dict_16_192_64_0p5_0p02_0026_0015" 5570
"../../../Engine/Content/EngineMaterials/Substrate/GLints/dict_16_192_64_0p5_0p02_0026_0009.uasset" 5571
"/Engine/EngineMaterials/Substrate/GLints/dict_16_192_64_0p5_0p02_0027_0000" 5572
"../../../Engine/Content/EngineMaterials/Substrate/GLints/dict_16_192_64_0p5_0p02_0026_0007.uasset" 5573
"../../../Engine/Content/EngineMaterials/Substrate/GLints/dict_16_192_64_0p5_0p02_0026_0008.uasset" 5574
"../../../Engine/Content/EngineMaterials/Substrate/GLints/dict_16_192_64_0p5_0p02_0026_0006.uasset" 5575
"/Engine/EngineMaterials/Substrate/GLints/dict_16_192_64_0p5_0p02_0027_0001" 5576
"/Engine/EngineMaterials/Substrate/GLints/dict_16_192_64_0p5_0p02_0027_0002" 5577
"/Engine/EngineMaterials/Substrate/GLints/dict_16_192_64_0p5_0p02_0027_0003" 5578
"/Engine/EngineMaterials/Substrate/GLints/dict_16_192_64_0p5_0p02_0027_0004" 5579
"/Engine/EngineMaterials/Substrate/GLints/dict_16_192_64_0p5_0p02_0027_0005" 5580
"/Engine/EngineMaterials/Substrate/GLints/dict_16_192_64_0p5_0p02_0026_0007" 5581
"/Engine/EngineMaterials/Substrate/GLints/dict_16_192_64_0p5_0p02_0026_0008" 5582
"../../../Engine/Content/EngineMaterials/Substrate/GLints/dict_16_192_64_0p5_0p02_0026_0003.uasset" 5583
"/Engine/EngineMaterials/Substrate/GLints/dict_16_192_64_0p5_0p02_0026_0009" 5584
"/Engine/EngineMaterials/Substrate/GLints/dict_16_192_64_0p5_0p02_0026_0006" 5585
"/Engine/EngineMaterials/Substrate/GLints/dict_16_192_64_0p5_0p02_0026_0003" 5586
"../../../Engine/Content/EngineMaterials/Substrate/GLints/dict_16_192_64_0p5_0p02_0026_0002.uasset" 5587
"../../../Engine/Content/EngineMaterials/Substrate/GLints/dict_16_192_64_0p5_0p02_0026_0005.uasset" 5588
"../../../Engine/Content/EngineMaterials/Substrate/GLints/dict_16_192_64_0p5_0p02_0026_0004.uasset" 5589
"../../../Engine/Content/EngineMaterials/Substrate/GLints/dict_16_192_64_0p5_0p02_0025_0015.uasset" 5590
"../../../Engine/Content/EngineMaterials/Substrate/GLints/dict_16_192_64_0p5_0p02_0025_0014.uasset" 5591
"../../../Engine/Content/EngineMaterials/Substrate/GLints/dict_16_192_64_0p5_0p02_0025_0012.uasset" 5592
"../../../Engine/Content/EngineMaterials/Substrate/GLints/dict_16_192_64_0p5_0p02_0026_0001.uasset" 5593
"../../../Engine/Content/EngineMaterials/Substrate/GLints/dict_16_192_64_0p5_0p02_0025_0013.uasset" 5594
"../../../Engine/Content/EngineMaterials/Substrate/GLints/dict_16_192_64_0p5_0p02_0026_0000.uasset" 5595
"../../../Engine/Content/EngineMaterials/Substrate/GLints/dict_16_192_64_0p5_0p02_0025_0007.uasset" 5596
"../../../Engine/Content/EngineMaterials/Substrate/GLints/dict_16_192_64_0p5_0p02_0025_0011.uasset" 5597
"../../../Engine/Content/EngineMaterials/Substrate/GLints/dict_16_192_64_0p5_0p02_0025_0006.uasset" 5598
"../../../Engine/Content/EngineMaterials/Substrate/GLints/dict_16_192_64_0p5_0p02_0025_0010.uasset" 5599
"../../../Engine/Content/EngineMaterials/Substrate/GLints/dict_16_192_64_0p5_0p02_0025_0003.uasset" 5600
"../../../Engine/Content/EngineMaterials/Substrate/GLints/dict_16_192_64_0p5_0p02_0025_0009.uasset" 5601
"../../../Engine/Content/EngineMaterials/Substrate/GLints/dict_16_192_64_0p5_0p02_0025_0008.uasset" 5602
"../../../Engine/Content/EngineMaterials/Substrate/GLints/dict_16_192_64_0p5_0p02_0025_0005.uasset" 5603
"../../../Engine/Content/EngineMaterials/Substrate/GLints/dict_16_192_64_0p5_0p02_0025_0004.uasset" 5604
"../../../Engine/Content/EngineMaterials/Substrate/GLints/dict_16_192_64_0p5_0p02_0024_0014.uasset" 5605
"../../../Engine/Content/EngineMaterials/Substrate/GLints/dict_16_192_64_0p5_0p02_0025_0001.uasset" 5606
"/Engine/EngineMaterials/Substrate/GLints/dict_16_192_64_0p5_0p02_0025_0009" 5607
"../../../Engine/Content/EngineMaterials/Substrate/GLints/dict_16_192_64_0p5_0p02_0025_0000.uasset" 5608
"../../../Engine/Content/EngineMaterials/Substrate/GLints/dict_16_192_64_0p5_0p02_0024_0011.uasset" 5609
"../../../Engine/Content/EngineMaterials/Substrate/GLints/dict_16_192_64_0p5_0p02_0025_0002.uasset" 5610
"/Engine/EngineMaterials/Substrate/GLints/dict_16_192_64_0p5_0p02_0024_0014" 5611
"/Engine/EngineMaterials/Substrate/GLints/dict_16_192_64_0p5_0p02_0025_0001" 5612
"../../../Engine/Content/EngineMaterials/Substrate/GLints/dict_16_192_64_0p5_0p02_0024_0010.uasset" 5613
"/Engine/EngineMaterials/Substrate/GLints/dict_16_192_64_0p5_0p02_0025_0012" 5614
"../../../Engine/Content/EngineMaterials/Substrate/GLints/dict_16_192_64_0p5_0p02_0024_0013.uasset" 5615
"/Engine/EngineMaterials/Substrate/GLints/dict_16_192_64_0p5_0p02_0025_0003" 5616
"../../../Engine/Content/EngineMaterials/Substrate/GLints/dict_16_192_64_0p5_0p02_0024_0007.uasset" 5617
"../../../Engine/Content/EngineMaterials/Substrate/GLints/dict_16_192_64_0p5_0p02_0024_0008.uasset" 5618
"/Engine/EngineMaterials/Substrate/GLints/dict_16_192_64_0p5_0p02_0025_0004" 5619
"../../../Engine/Content/EngineMaterials/Substrate/GLints/dict_16_192_64_0p5_0p02_0024_0012.uasset" 5620
"/Engine/EngineMaterials/Substrate/GLints/dict_16_192_64_0p5_0p02_0025_0006" 5621
"/Engine/EngineMaterials/Substrate/GLints/dict_16_192_64_0p5_0p02_0025_0010" 5622
"../../../Engine/Content/EngineMaterials/Substrate/GLints/dict_16_192_64_0p5_0p02_0024_0009.uasset" 5623
"/Engine/EngineMaterials/Substrate/GLints/dict_16_192_64_0p5_0p02_0025_0007" 5624
"/Engine/EngineMaterials/Substrate/GLints/dict_16_192_64_0p5_0p02_0025_0013" 5625
"/Engine/EngineMaterials/Substrate/GLints/dict_16_192_64_0p5_0p02_0025_0011" 5626
"/Engine/EngineMaterials/Substrate/GLints/dict_16_192_64_0p5_0p02_0025_0014" 5627
"../../../Engine/Content/EngineMaterials/Substrate/GLints/dict_16_192_64_0p5_0p02_0024_0015.uasset" 5628
"/Engine/EngineMaterials/Substrate/GLints/dict_16_192_64_0p5_0p02_0025_0015" 5629
"/Engine/EngineMaterials/Substrate/GLints/dict_16_192_64_0p5_0p02_0026_0000" 5630
"/Engine/EngineMaterials/Substrate/GLints/dict_16_192_64_0p5_0p02_0026_0001" 5631
"../../../Engine/Content/EngineMaterials/Substrate/GLints/dict_16_192_64_0p5_0p02_0024_0006.uasset" 5632
"../../../Engine/Content/EngineMaterials/Substrate/GLints/dict_16_192_64_0p5_0p02_0024_0005.uasset" 5633
"/Engine/EngineMaterials/Substrate/GLints/dict_16_192_64_0p5_0p02_0026_0002" 5634
"/Engine/EngineMaterials/Substrate/GLints/dict_16_192_64_0p5_0p02_0025_0008" 5635
"/Engine/EngineMaterials/Substrate/GLints/dict_16_192_64_0p5_0p02_0026_0004" 5636
"/Engine/EngineMaterials/Substrate/GLints/dict_16_192_64_0p5_0p02_0026_0005" 5637
"/Engine/EngineMaterials/Substrate/GLints/dict_16_192_64_0p5_0p02_0025_0005" 5638
"/Engine/EngineMaterials/Substrate/GLints/dict_16_192_64_0p5_0p02_0024_0006" 5639
"/Engine/EngineMaterials/Substrate/GLints/dict_16_192_64_0p5_0p02_0024_0007" 5640
"/Engine/EngineMaterials/Substrate/GLints/dict_16_192_64_0p5_0p02_0024_0008" 5641
"/Engine/EngineMaterials/Substrate/GLints/dict_16_192_64_0p5_0p02_0024_0010" 5642
"/Engine/EngineMaterials/Substrate/GLints/dict_16_192_64_0p5_0p02_0024_0011" 5643
"/Engine/EngineMaterials/Substrate/GLints/dict_16_192_64_0p5_0p02_0024_0012" 5644
"/Engine/EngineMaterials/Substrate/GLints/dict_16_192_64_0p5_0p02_0024_0013" 5645
"/Engine/EngineMaterials/Substrate/GLints/dict_16_192_64_0p5_0p02_0024_0015" 5646
"/Engine/EngineMaterials/Substrate/GLints/dict_16_192_64_0p5_0p02_0025_0000" 5647
"/Engine/EngineMaterials/Substrate/GLints/dict_16_192_64_0p5_0p02_0025_0002" 5648
"/Engine/EngineMaterials/Substrate/GLints/dict_16_192_64_0p5_0p02_0024_0005" 5649
"/Engine/EngineMaterials/Substrate/GLints/dict_16_192_64_0p5_0p02_0024_0009" 5650
"../../../Engine/Content/EngineMaterials/Substrate/GLints/dict_16_192_64_0p5_0p02_0024_0000.uasset" 5651
"../../../Engine/Content/EngineMaterials/Substrate/GLints/dict_16_192_64_0p5_0p02_0023_0014.uasset" 5652
"../../../Engine/Content/EngineMaterials/Substrate/GLints/dict_16_192_64_0p5_0p02_0023_0015.uasset" 5653
"../../../Engine/Content/EngineMaterials/Substrate/GLints/dict_16_192_64_0p5_0p02_0024_0001.uasset" 5654
"../../../Engine/Content/EngineMaterials/Substrate/GLints/dict_16_192_64_0p5_0p02_0024_0002.uasset" 5655
"../../../Engine/Content/EngineMaterials/Substrate/GLints/dict_16_192_64_0p5_0p02_0023_0013.uasset" 5656
"../../../Engine/Content/EngineMaterials/Substrate/GLints/dict_16_192_64_0p5_0p02_0024_0004.uasset" 5657
"../../../Engine/Content/EngineMaterials/Substrate/GLints/dict_16_192_64_0p5_0p02_0024_0003.uasset" 5658
"/Engine/EngineMaterials/Substrate/GLints/dict_16_192_64_0p5_0p02_0023_0013" 5659
"/Engine/EngineMaterials/Substrate/GLints/dict_16_192_64_0p5_0p02_0023_0014" 5660
"/Engine/EngineMaterials/Substrate/GLints/dict_16_192_64_0p5_0p02_0023_0015" 5661
"/Engine/EngineMaterials/Substrate/GLints/dict_16_192_64_0p5_0p02_0024_0000" 5662
"../../../Engine/Content/EngineMaterials/Substrate/GLints/dict_16_192_64_0p5_0p02_0023_0006.uasset" 5663
"../../../Engine/Content/EngineMaterials/Substrate/GLints/dict_16_192_64_0p5_0p02_0023_0012.uasset" 5664
"../../../Engine/Content/EngineMaterials/Substrate/GLints/dict_16_192_64_0p5_0p02_0023_0010.uasset" 5665
"/Engine/EngineMaterials/Substrate/GLints/dict_16_192_64_0p5_0p02_0024_0001" 5666
"../../../Engine/Content/EngineMaterials/Substrate/GLints/dict_16_192_64_0p5_0p02_0023_0011.uasset" 5667
"../../../Engine/Content/EngineMaterials/Substrate/GLints/dict_16_192_64_0p5_0p02_0023_0007.uasset" 5668
"/Engine/EngineMaterials/Substrate/GLints/dict_16_192_64_0p5_0p02_0024_0002" 5669
"../../../Engine/Content/EngineMaterials/Substrate/GLints/dict_16_192_64_0p5_0p02_0023_0009.uasset" 5670
"../../../Engine/Content/EngineMaterials/Substrate/GLints/dict_16_192_64_0p5_0p02_0023_0008.uasset" 5671
"../../../Engine/Content/EngineMaterials/Substrate/GLints/dict_16_192_64_0p5_0p02_0023_0005.uasset" 5672
"/Engine/EngineMaterials/Substrate/GLints/dict_16_192_64_0p5_0p02_0024_0003" 5673
"/Engine/EngineMaterials/Substrate/GLints/dict_16_192_64_0p5_0p02_0024_0004" 5674
"/Engine/EngineMaterials/Substrate/GLints/dict_16_192_64_0p5_0p02_0023_0005" 5675
"/Engine/EngineMaterials/Substrate/GLints/dict_16_192_64_0p5_0p02_0023_0006" 5676
"/Engine/EngineMaterials/Substrate/GLints/dict_16_192_64_0p5_0p02_0023_0007" 5677
"/Engine/EngineMaterials/Substrate/GLints/dict_16_192_64_0p5_0p02_0023_0008" 5678
"/Engine/EngineMaterials/Substrate/GLints/dict_16_192_64_0p5_0p02_0023_0009" 5679
"/Engine/EngineMaterials/Substrate/GLints/dict_16_192_64_0p5_0p02_0023_0010" 5680
"/Engine/EngineMaterials/Substrate/GLints/dict_16_192_64_0p5_0p02_0023_0011" 5681
"/Engine/EngineMaterials/Substrate/GLints/dict_16_192_64_0p5_0p02_0023_0012" 5682
"../../../Engine/Content/EngineMaterials/Substrate/GLints/dict_16_192_64_0p5_0p02_0023_0004.uasset" 5683
"../../../Engine/Content/EngineMaterials/Substrate/GLints/dict_16_192_64_0p5_0p02_0023_0000.uasset" 5684
"../../../Engine/Content/EngineMaterials/Substrate/GLints/dict_16_192_64_0p5_0p02_0022_0014.uasset" 5685
"../../../Engine/Content/EngineMaterials/Substrate/GLints/dict_16_192_64_0p5_0p02_0023_0003.uasset" 5686
"../../../Engine/Content/EngineMaterials/Substrate/GLints/dict_16_192_64_0p5_0p02_0022_0013.uasset" 5687
"../../../Engine/Content/EngineMaterials/Substrate/GLints/dict_16_192_64_0p5_0p02_0022_0015.uasset" 5688
"../../../Engine/Content/EngineMaterials/Substrate/GLints/dict_16_192_64_0p5_0p02_0023_0001.uasset" 5689
"../../../Engine/Content/EngineMaterials/Substrate/GLints/dict_16_192_64_0p5_0p02_0022_0012.uasset" 5690
"../../../Engine/Content/EngineMaterials/Substrate/GLints/dict_16_192_64_0p5_0p02_0023_0002.uasset" 5691
"/Engine/EngineMaterials/Substrate/GLints/dict_16_192_64_0p5_0p02_0023_0001" 5692
"/Engine/EngineMaterials/Substrate/GLints/dict_16_192_64_0p5_0p02_0023_0002" 5693
"../../../Engine/Content/EngineMaterials/Substrate/GLints/dict_16_192_64_0p5_0p02_0022_0011.uasset" 5694
"/Engine/EngineMaterials/Substrate/GLints/dict_16_192_64_0p5_0p02_0022_0012" 5695
"../../../Engine/Content/EngineMaterials/Substrate/GLints/dict_16_192_64_0p5_0p02_0022_0009.uasset" 5696
"../../../Engine/Content/EngineMaterials/Substrate/GLints/dict_16_192_64_0p5_0p02_0022_0008.uasset" 5697
"/Engine/EngineMaterials/Substrate/GLints/dict_16_192_64_0p5_0p02_0022_0013" 5698
"../../../Engine/Content/EngineMaterials/Substrate/GLints/dict_16_192_64_0p5_0p02_0022_0010.uasset" 5699
"../../../Engine/Content/EngineMaterials/Substrate/GLints/dict_16_192_64_0p5_0p02_0022_0005.uasset" 5700
"/Engine/EngineMaterials/Substrate/GLints/dict_16_192_64_0p5_0p02_0023_0003" 5701
"../../../Engine/Content/EngineMaterials/Substrate/GLints/dict_16_192_64_0p5_0p02_0022_0006.uasset" 5702
"../../../Engine/Content/EngineMaterials/Substrate/GLints/dict_16_192_64_0p5_0p02_0022_0007.uasset" 5703
"../../../Engine/Content/EngineMaterials/Substrate/GLints/dict_16_192_64_0p5_0p02_0022_0003.uasset" 5704
"../../../Engine/Content/EngineMaterials/Substrate/GLints/dict_16_192_64_0p5_0p02_0022_0004.uasset" 5705
"/Engine/EngineMaterials/Substrate/GLints/dict_16_192_64_0p5_0p02_0022_0014" 5706
"/Engine/EngineMaterials/Substrate/GLints/dict_16_192_64_0p5_0p02_0023_0004" 5707
"/Engine/EngineMaterials/Substrate/GLints/dict_16_192_64_0p5_0p02_0022_0015" 5708
"/Engine/EngineMaterials/Substrate/GLints/dict_16_192_64_0p5_0p02_0023_0000" 5709
"/Engine/EngineMaterials/Substrate/GLints/dict_16_192_64_0p5_0p02_0022_0005" 5710
"/Engine/EngineMaterials/Substrate/GLints/dict_16_192_64_0p5_0p02_0022_0006" 5711
"/Engine/EngineMaterials/Substrate/GLints/dict_16_192_64_0p5_0p02_0022_0007" 5712
"/Engine/EngineMaterials/Substrate/GLints/dict_16_192_64_0p5_0p02_0022_0008" 5713
"/Engine/EngineMaterials/Substrate/GLints/dict_16_192_64_0p5_0p02_0022_0009" 5714
"/Engine/EngineMaterials/Substrate/GLints/dict_16_192_64_0p5_0p02_0022_0010" 5715
"/Engine/EngineMaterials/Substrate/GLints/dict_16_192_64_0p5_0p02_0022_0011" 5716
"/Engine/EngineMaterials/Substrate/GLints/dict_16_192_64_0p5_0p02_0022_0003" 5717
"/Engine/EngineMaterials/Substrate/GLints/dict_16_192_64_0p5_0p02_0022_0004" 5718
"../../../Engine/Content/EngineMaterials/Substrate/GLints/dict_16_192_64_0p5_0p02_0022_0002.uasset" 5719
"../../../Engine/Content/EngineMaterials/Substrate/GLints/dict_16_192_64_0p5_0p02_0022_0001.uasset" 5720
"../../../Engine/Content/EngineMaterials/Substrate/GLints/dict_16_192_64_0p5_0p02_0021_0015.uasset" 5721
"../../../Engine/Content/EngineMaterials/Substrate/GLints/dict_16_192_64_0p5_0p02_0021_0014.uasset" 5722
"../../../Engine/Content/EngineMaterials/Substrate/GLints/dict_16_192_64_0p5_0p02_0022_0000.uasset" 5723
"../../../Engine/Content/EngineMaterials/Substrate/GLints/dict_16_192_64_0p5_0p02_0021_0013.uasset" 5724
"../../../Engine/Content/EngineMaterials/Substrate/GLints/dict_16_192_64_0p5_0p02_0021_0011.uasset" 5725
"../../../Engine/Content/EngineMaterials/Substrate/GLints/dict_16_192_64_0p5_0p02_0021_0012.uasset" 5726
"../../../Engine/Content/EngineMaterials/Substrate/GLints/dict_16_192_64_0p5_0p02_0021_0010.uasset" 5727
"../../../Engine/Content/EngineMaterials/Substrate/GLints/dict_16_192_64_0p5_0p02_0021_0007.uasset" 5728
"../../../Engine/Content/EngineMaterials/Substrate/GLints/dict_16_192_64_0p5_0p02_0021_0008.uasset" 5729
"../../../Engine/Content/EngineMaterials/Substrate/GLints/dict_16_192_64_0p5_0p02_0021_0009.uasset" 5730
"../../../Engine/Content/EngineMaterials/Substrate/GLints/dict_16_192_64_0p5_0p02_0021_0005.uasset" 5731
"/Engine/EngineMaterials/Substrate/GLints/dict_16_192_64_0p5_0p02_0021_0007" 5732
"../../../Engine/Content/EngineMaterials/Substrate/GLints/dict_16_192_64_0p5_0p02_0021_0006.uasset" 5733
"../../../Engine/Content/EngineMaterials/Substrate/GLints/dict_16_192_64_0p5_0p02_0021_0004.uasset" 5734
"../../../Engine/Content/EngineMaterials/Substrate/GLints/dict_16_192_64_0p5_0p02_0021_0003.uasset" 5735
"../../../Engine/Content/EngineMaterials/Substrate/GLints/dict_16_192_64_0p5_0p02_0021_0002.uasset" 5736
"/Engine/EngineMaterials/Substrate/GLints/dict_16_192_64_0p5_0p02_0021_0008" 5737
"/Engine/EngineMaterials/Substrate/GLints/dict_16_192_64_0p5_0p02_0021_0009" 5738
"/Engine/EngineMaterials/Substrate/GLints/dict_16_192_64_0p5_0p02_0021_0010" 5739
"/Engine/EngineMaterials/Substrate/GLints/dict_16_192_64_0p5_0p02_0021_0011" 5740
"/Engine/EngineMaterials/Substrate/GLints/dict_16_192_64_0p5_0p02_0021_0012" 5741
"/Engine/EngineMaterials/Substrate/GLints/dict_16_192_64_0p5_0p02_0021_0013" 5742
"/Engine/EngineMaterials/Substrate/GLints/dict_16_192_64_0p5_0p02_0021_0014" 5743
"../../../Engine/Content/EngineMaterials/Substrate/GLints/dict_16_192_64_0p5_0p02_0021_0001.uasset" 5744
"/Engine/EngineMaterials/Substrate/GLints/dict_16_192_64_0p5_0p02_0021_0015" 5745
"/Engine/EngineMaterials/Substrate/GLints/dict_16_192_64_0p5_0p02_0022_0000" 5746
"/Engine/EngineMaterials/Substrate/GLints/dict_16_192_64_0p5_0p02_0022_0001" 5747
"/Engine/EngineMaterials/Substrate/GLints/dict_16_192_64_0p5_0p02_0022_0002" 5748
"/Engine/EngineMaterials/Substrate/GLints/dict_16_192_64_0p5_0p02_0021_0001" 5749
"/Engine/EngineMaterials/Substrate/GLints/dict_16_192_64_0p5_0p02_0021_0002" 5750
"/Engine/EngineMaterials/Substrate/GLints/dict_16_192_64_0p5_0p02_0021_0005" 5751
"/Engine/EngineMaterials/Substrate/GLints/dict_16_192_64_0p5_0p02_0021_0006" 5752
"/Engine/EngineMaterials/Substrate/GLints/dict_16_192_64_0p5_0p02_0021_0003" 5753
"/Engine/EngineMaterials/Substrate/GLints/dict_16_192_64_0p5_0p02_0021_0004" 5754
"../../../Engine/Content/EngineMaterials/Substrate/GLints/dict_16_192_64_0p5_0p02_0020_0015.uasset" 5755
"../../../Engine/Content/EngineMaterials/Substrate/GLints/dict_16_192_64_0p5_0p02_0020_0014.uasset" 5756
"../../../Engine/Content/EngineMaterials/Substrate/GLints/dict_16_192_64_0p5_0p02_0020_0013.uasset" 5757
"../../../Engine/Content/EngineMaterials/Substrate/GLints/dict_16_192_64_0p5_0p02_0021_0000.uasset" 5758
"../../../Engine/Content/EngineMaterials/Substrate/GLints/dict_16_192_64_0p5_0p02_0020_0009.uasset" 5759
"../../../Engine/Content/EngineMaterials/Substrate/GLints/dict_16_192_64_0p5_0p02_0020_0011.uasset" 5760
"../../../Engine/Content/EngineMaterials/Substrate/GLints/dict_16_192_64_0p5_0p02_0020_0008.uasset" 5761
"../../../Engine/Content/EngineMaterials/Substrate/GLints/dict_16_192_64_0p5_0p02_0020_0012.uasset" 5762
"../../../Engine/Content/EngineMaterials/Substrate/GLints/dict_16_192_64_0p5_0p02_0020_0010.uasset" 5763
"../../../Engine/Content/EngineMaterials/Substrate/GLints/dict_16_192_64_0p5_0p02_0020_0007.uasset" 5764
"../../../Engine/Content/EngineMaterials/Substrate/GLints/dict_16_192_64_0p5_0p02_0020_0000.uasset" 5765
"../../../Engine/Content/EngineMaterials/Substrate/GLints/dict_16_192_64_0p5_0p02_0019_0015.uasset" 5766
"/Engine/EngineMaterials/Substrate/GLints/dict_16_192_64_0p5_0p02_0020_0012" 5767
"../../../Engine/Content/EngineMaterials/Substrate/GLints/dict_16_192_64_0p5_0p02_0020_0005.uasset" 5768
"../../../Engine/Content/EngineMaterials/Substrate/GLints/dict_16_192_64_0p5_0p02_0020_0004.uasset" 5769
"../../../Engine/Content/EngineMaterials/Substrate/GLints/dict_16_192_64_0p5_0p02_0020_0006.uasset" 5770
"../../../Engine/Content/EngineMaterials/Substrate/GLints/dict_16_192_64_0p5_0p02_0020_0001.uasset" 5771
"../../../Engine/Content/EngineMaterials/Substrate/GLints/dict_16_192_64_0p5_0p02_0020_0003.uasset" 5772
"../../../Engine/Content/EngineMaterials/Substrate/GLints/dict_16_192_64_0p5_0p02_0020_0002.uasset" 5773
"/Engine/EngineMaterials/Substrate/GLints/dict_16_192_64_0p5_0p02_0020_0007" 5774
"/Engine/EngineMaterials/Substrate/GLints/dict_16_192_64_0p5_0p02_0020_0008" 5775
"/Engine/EngineMaterials/Substrate/GLints/dict_16_192_64_0p5_0p02_0020_0009" 5776
"/Engine/EngineMaterials/Substrate/GLints/dict_16_192_64_0p5_0p02_0020_0013" 5777
"/Engine/EngineMaterials/Substrate/GLints/dict_16_192_64_0p5_0p02_0020_0014" 5778
"../../../Engine/Content/EngineMaterials/Substrate/GLints/dict_16_192_64_0p5_0p02_0019_0014.uasset" 5779
"/Engine/EngineMaterials/Substrate/GLints/dict_16_192_64_0p5_0p02_0020_0015" 5780
"/Engine/EngineMaterials/Substrate/GLints/dict_16_192_64_0p5_0p02_0021_0000" 5781
"/Engine/EngineMaterials/Substrate/GLints/dict_16_192_64_0p5_0p02_0020_0010" 5782
"/Engine/EngineMaterials/Substrate/GLints/dict_16_192_64_0p5_0p02_0020_0011" 5783
"/Engine/EngineMaterials/Substrate/GLints/dict_16_192_64_0p5_0p02_0020_0003" 5784
"/Engine/EngineMaterials/Substrate/GLints/dict_16_192_64_0p5_0p02_0020_0004" 5785
"/Engine/EngineMaterials/Substrate/GLints/dict_16_192_64_0p5_0p02_0020_0005" 5786
"/Engine/EngineMaterials/Substrate/GLints/dict_16_192_64_0p5_0p02_0020_0006" 5787
"/Engine/EngineMaterials/Substrate/GLints/dict_16_192_64_0p5_0p02_0019_0014" 5788
"/Engine/EngineMaterials/Substrate/GLints/dict_16_192_64_0p5_0p02_0019_0015" 5789
"/Engine/EngineMaterials/Substrate/GLints/dict_16_192_64_0p5_0p02_0020_0000" 5790
"/Engine/EngineMaterials/Substrate/GLints/dict_16_192_64_0p5_0p02_0020_0001" 5791
"/Engine/EngineMaterials/Substrate/GLints/dict_16_192_64_0p5_0p02_0020_0002" 5792
"../../../Engine/Content/EngineMaterials/Substrate/GLints/dict_16_192_64_0p5_0p02_0019_0005.uasset" 5793
"../../../Engine/Content/EngineMaterials/Substrate/GLints/dict_16_192_64_0p5_0p02_0019_0013.uasset" 5794
"../../../Engine/Content/EngineMaterials/Substrate/GLints/dict_16_192_64_0p5_0p02_0019_0007.uasset" 5795
"../../../Engine/Content/EngineMaterials/Substrate/GLints/dict_16_192_64_0p5_0p02_0019_0011.uasset" 5796
"../../../Engine/Content/EngineMaterials/Substrate/GLints/dict_16_192_64_0p5_0p02_0019_0010.uasset" 5797
"../../../Engine/Content/EngineMaterials/Substrate/GLints/dict_16_192_64_0p5_0p02_0019_0012.uasset" 5798
"../../../Engine/Content/EngineMaterials/Substrate/GLints/dict_16_192_64_0p5_0p02_0019_0008.uasset" 5799
"../../../Engine/Content/EngineMaterials/Substrate/GLints/dict_16_192_64_0p5_0p02_0019_0009.uasset" 5800
"../../../Engine/Content/EngineMaterials/Substrate/GLints/dict_16_192_64_0p5_0p02_0019_0006.uasset" 5801
"../../../Engine/Content/EngineMaterials/Substrate/GLints/dict_16_192_64_0p5_0p02_0019_0004.uasset" 5802
"/Engine/EngineMaterials/Substrate/GLints/dict_16_192_64_0p5_0p02_0019_0004" 5803
"/Engine/EngineMaterials/Substrate/GLints/dict_16_192_64_0p5_0p02_0019_0007" 5804
"/Engine/EngineMaterials/Substrate/GLints/dict_16_192_64_0p5_0p02_0019_0008" 5805
"/Engine/EngineMaterials/Substrate/GLints/dict_16_192_64_0p5_0p02_0019_0009" 5806
"../../../Engine/Content/EngineMaterials/Substrate/GLints/dict_16_192_64_0p5_0p02_0019_0001.uasset" 5807
"../../../Engine/Content/EngineMaterials/Substrate/GLints/dict_16_192_64_0p5_0p02_0018_0013.uasset" 5808
"../../../Engine/Content/EngineMaterials/Substrate/GLints/dict_16_192_64_0p5_0p02_0019_0000.uasset" 5809
"/Engine/EngineMaterials/Substrate/GLints/dict_16_192_64_0p5_0p02_0019_0010" 5810
"../../../Engine/Content/EngineMaterials/Substrate/GLints/dict_16_192_64_0p5_0p02_0018_0008.uasset" 5811
"/Engine/EngineMaterials/Substrate/GLints/dict_16_192_64_0p5_0p02_0019_0011" 5812
"../../../Engine/Content/EngineMaterials/Substrate/GLints/dict_16_192_64_0p5_0p02_0019_0003.uasset" 5813
"../../../Engine/Content/EngineMaterials/Substrate/GLints/dict_16_192_64_0p5_0p02_0018_0011.uasset" 5814
"../../../Engine/Content/EngineMaterials/Substrate/GLints/dict_16_192_64_0p5_0p02_0018_0015.uasset" 5815
"/Engine/EngineMaterials/Substrate/GLints/dict_16_192_64_0p5_0p02_0019_0012" 5816
"../../../Engine/Content/EngineMaterials/Substrate/GLints/dict_16_192_64_0p5_0p02_0018_0012.uasset" 5817
"../../../Engine/Content/EngineMaterials/Substrate/GLints/dict_16_192_64_0p5_0p02_0018_0014.uasset" 5818
"/Engine/EngineMaterials/Substrate/GLints/dict_16_192_64_0p5_0p02_0019_0013" 5819
"../../../Engine/Content/EngineMaterials/Substrate/GLints/dict_16_192_64_0p5_0p02_0019_0002.uasset" 5820
"/Engine/EngineMaterials/Substrate/GLints/dict_16_192_64_0p5_0p02_0019_0005" 5821
"/Engine/EngineMaterials/Substrate/GLints/dict_16_192_64_0p5_0p02_0019_0006" 5822
"/Engine/EngineMaterials/Substrate/GLints/dict_16_192_64_0p5_0p02_0018_0008" 5823
"/Engine/EngineMaterials/Substrate/GLints/dict_16_192_64_0p5_0p02_0018_0011" 5824
"/Engine/EngineMaterials/Substrate/GLints/dict_16_192_64_0p5_0p02_0018_0012" 5825
"/Engine/EngineMaterials/Substrate/GLints/dict_16_192_64_0p5_0p02_0018_0013" 5826
"/Engine/EngineMaterials/Substrate/GLints/dict_16_192_64_0p5_0p02_0018_0014" 5827
"/Engine/EngineMaterials/Substrate/GLints/dict_16_192_64_0p5_0p02_0019_0001" 5828
"/Engine/EngineMaterials/Substrate/GLints/dict_16_192_64_0p5_0p02_0019_0002" 5829
"/Engine/EngineMaterials/Substrate/GLints/dict_16_192_64_0p5_0p02_0019_0003" 5830
"../../../Engine/Content/EngineMaterials/Substrate/GLints/dict_16_192_64_0p5_0p02_0018_0009.uasset" 5831
"/Engine/EngineMaterials/Substrate/GLints/dict_16_192_64_0p5_0p02_0018_0015" 5832
"/Engine/EngineMaterials/Substrate/GLints/dict_16_192_64_0p5_0p02_0019_0000" 5833
"/Engine/EngineMaterials/Substrate/GLints/dict_16_192_64_0p5_0p02_0018_0009" 5834
"../../../Engine/Content/EngineMaterials/Substrate/GLints/dict_16_192_64_0p5_0p02_0018_0010.uasset" 5835
"../../../Engine/Content/EngineMaterials/Substrate/GLints/dict_16_192_64_0p5_0p02_0018_0007.uasset" 5836
"../../../Engine/Content/EngineMaterials/Substrate/GLints/dict_16_192_64_0p5_0p02_0018_0005.uasset" 5837
"../../../Engine/Content/EngineMaterials/Substrate/GLints/dict_16_192_64_0p5_0p02_0018_0001.uasset" 5838
"../../../Engine/Content/EngineMaterials/Substrate/GLints/dict_16_192_64_0p5_0p02_0018_0002.uasset" 5839
"../../../Engine/Content/EngineMaterials/Substrate/GLints/dict_16_192_64_0p5_0p02_0018_0003.uasset" 5840
"../../../Engine/Content/EngineMaterials/Substrate/GLints/dict_16_192_64_0p5_0p02_0018_0006.uasset" 5841
"../../../Engine/Content/EngineMaterials/Substrate/GLints/dict_16_192_64_0p5_0p02_0018_0000.uasset" 5842
"../../../Engine/Content/EngineMaterials/Substrate/GLints/dict_16_192_64_0p5_0p02_0017_0015.uasset" 5843
"../../../Engine/Content/EngineMaterials/Substrate/GLints/dict_16_192_64_0p5_0p02_0017_0014.uasset" 5844
"/Engine/EngineMaterials/Substrate/GLints/dict_16_192_64_0p5_0p02_0017_0014" 5845
"/Engine/EngineMaterials/Substrate/GLints/dict_16_192_64_0p5_0p02_0017_0015" 5846
"/Engine/EngineMaterials/Substrate/GLints/dict_16_192_64_0p5_0p02_0018_0007" 5847
"../../../Engine/Content/EngineMaterials/Substrate/GLints/dict_16_192_64_0p5_0p02_0017_0012.uasset" 5848
"/Engine/EngineMaterials/Substrate/GLints/dict_16_192_64_0p5_0p02_0018_0000" 5849
"../../../Engine/Content/EngineMaterials/Substrate/GLints/dict_16_192_64_0p5_0p02_0018_0004.uasset" 5850
"../../../Engine/Content/EngineMaterials/Substrate/GLints/dict_16_192_64_0p5_0p02_0017_0010.uasset" 5851
"../../../Engine/Content/EngineMaterials/Substrate/GLints/dict_16_192_64_0p5_0p02_0017_0009.uasset" 5852
"../../../Engine/Content/EngineMaterials/Substrate/GLints/dict_16_192_64_0p5_0p02_0017_0011.uasset" 5853
"/Engine/EngineMaterials/Substrate/GLints/dict_16_192_64_0p5_0p02_0018_0001" 5854
"../../../Engine/Content/EngineMaterials/Substrate/GLints/dict_16_192_64_0p5_0p02_0017_0008.uasset" 5855
"/Engine/EngineMaterials/Substrate/GLints/dict_16_192_64_0p5_0p02_0018_0010" 5856
"/Engine/EngineMaterials/Substrate/GLints/dict_16_192_64_0p5_0p02_0018_0002" 5857
"../../../Engine/Content/EngineMaterials/Substrate/GLints/dict_16_192_64_0p5_0p02_0017_0006.uasset" 5858
"/Engine/EngineMaterials/Substrate/GLints/dict_16_192_64_0p5_0p02_0018_0003" 5859
"/Engine/EngineMaterials/Substrate/GLints/dict_16_192_64_0p5_0p02_0018_0005" 5860
"/Engine/EngineMaterials/Substrate/GLints/dict_16_192_64_0p5_0p02_0018_0006" 5861
"/Engine/EngineMaterials/Substrate/GLints/dict_16_192_64_0p5_0p02_0017_0006" 5862
"/Engine/EngineMaterials/Substrate/GLints/dict_16_192_64_0p5_0p02_0017_0008" 5863
"/Engine/EngineMaterials/Substrate/GLints/dict_16_192_64_0p5_0p02_0017_0009" 5864
"/Engine/EngineMaterials/Substrate/GLints/dict_16_192_64_0p5_0p02_0017_0010" 5865
"../../../Engine/Content/EngineMaterials/Substrate/GLints/dict_16_192_64_0p5_0p02_0017_0013.uasset" 5866
"../../../Engine/Content/EngineMaterials/Substrate/GLints/dict_16_192_64_0p5_0p02_0017_0002.uasset" 5867
"/Engine/EngineMaterials/Substrate/GLints/dict_16_192_64_0p5_0p02_0017_0011" 5868
"../../../Engine/Content/EngineMaterials/Substrate/GLints/dict_16_192_64_0p5_0p02_0017_0007.uasset" 5869
"/Engine/EngineMaterials/Substrate/GLints/dict_16_192_64_0p5_0p02_0018_0004" 5870
"/Engine/EngineMaterials/Substrate/GLints/dict_16_192_64_0p5_0p02_0017_0012" 5871
"../../../Engine/Content/EngineMaterials/Substrate/GLints/dict_16_192_64_0p5_0p02_0017_0005.uasset" 5872
"/Engine/EngineMaterials/Substrate/GLints/dict_16_192_64_0p5_0p02_0017_0005" 5873
"/Engine/EngineMaterials/Substrate/GLints/dict_16_192_64_0p5_0p02_0017_0007" 5874
"../../../Engine/Content/EngineMaterials/Substrate/GLints/dict_16_192_64_0p5_0p02_0017_0003.uasset" 5875
"/Engine/EngineMaterials/Substrate/GLints/dict_16_192_64_0p5_0p02_0017_0002" 5876
"/Engine/EngineMaterials/Substrate/GLints/dict_16_192_64_0p5_0p02_0017_0013" 5877
"/Engine/EngineMaterials/Substrate/GLints/dict_16_192_64_0p5_0p02_0017_0003" 5878
"../../../Engine/Content/EngineMaterials/Substrate/GLints/dict_16_192_64_0p5_0p02_0017_0004.uasset" 5879
"/Engine/EngineMaterials/Substrate/GLints/dict_16_192_64_0p5_0p02_0017_0004" 5880
"../../../Engine/Content/EngineMaterials/Substrate/GLints/dict_16_192_64_0p5_0p02_0017_0001.uasset" 5881
"../../../Engine/Content/EngineMaterials/Substrate/GLints/dict_16_192_64_0p5_0p02_0016_0011.uasset" 5882
"../../../Engine/Content/EngineMaterials/Substrate/GLints/dict_16_192_64_0p5_0p02_0016_0014.uasset" 5883
"../../../Engine/Content/EngineMaterials/Substrate/GLints/dict_16_192_64_0p5_0p02_0016_0013.uasset" 5884
"../../../Engine/Content/EngineMaterials/Substrate/GLints/dict_16_192_64_0p5_0p02_0016_0010.uasset" 5885
"../../../Engine/Content/EngineMaterials/Substrate/GLints/dict_16_192_64_0p5_0p02_0017_0000.uasset" 5886
"../../../Engine/Content/EngineMaterials/Substrate/GLints/dict_16_192_64_0p5_0p02_0016_0015.uasset" 5887
"../../../Engine/Content/EngineMaterials/Substrate/GLints/dict_16_192_64_0p5_0p02_0016_0012.uasset" 5888
"../../../Engine/Content/EngineMaterials/Substrate/GLints/dict_16_192_64_0p5_0p02_0016_0007.uasset" 5889
"../../../Engine/Content/EngineMaterials/Substrate/GLints/dict_16_192_64_0p5_0p02_0016_0009.uasset" 5890
"../../../Engine/Content/EngineMaterials/Substrate/GLints/dict_16_192_64_0p5_0p02_0016_0005.uasset" 5891
"../../../Engine/Content/EngineMaterials/Substrate/GLints/dict_16_192_64_0p5_0p02_0016_0008.uasset" 5892
"../../../Engine/Content/EngineMaterials/Substrate/GLints/dict_16_192_64_0p5_0p02_0016_0004.uasset" 5893
"../../../Engine/Content/EngineMaterials/Substrate/GLints/dict_16_192_64_0p5_0p02_0016_0006.uasset" 5894
"/Engine/EngineMaterials/Substrate/GLints/dict_16_192_64_0p5_0p02_0016_0010" 5895
"../../../Engine/Content/EngineMaterials/Substrate/GLints/dict_16_192_64_0p5_0p02_0015_0015.uasset" 5896
"../../../Engine/Content/EngineMaterials/Substrate/GLints/dict_16_192_64_0p5_0p02_0016_0000.uasset" 5897
"../../../Engine/Content/EngineMaterials/Substrate/GLints/dict_16_192_64_0p5_0p02_0015_0014.uasset" 5898
"/Engine/EngineMaterials/Substrate/GLints/dict_16_192_64_0p5_0p02_0016_0009" 5899
"/Engine/EngineMaterials/Substrate/GLints/dict_16_192_64_0p5_0p02_0016_0004" 5900
"../../../Engine/Content/EngineMaterials/Substrate/GLints/dict_16_192_64_0p5_0p02_0016_0002.uasset" 5901
"/Engine/EngineMaterials/Substrate/GLints/dict_16_192_64_0p5_0p02_0016_0011" 5902
"../../../Engine/Content/EngineMaterials/Substrate/GLints/dict_16_192_64_0p5_0p02_0015_0013.uasset" 5903
"/Engine/EngineMaterials/Substrate/GLints/dict_16_192_64_0p5_0p02_0016_0012" 5904
"../../../Engine/Content/EngineMaterials/Substrate/GLints/dict_16_192_64_0p5_0p02_0016_0001.uasset" 5905
"../../../Engine/Content/EngineMaterials/Substrate/GLints/dict_16_192_64_0p5_0p02_0016_0003.uasset" 5906
"/Engine/EngineMaterials/Substrate/GLints/dict_16_192_64_0p5_0p02_0016_0013" 5907
"/Engine/EngineMaterials/Substrate/GLints/dict_16_192_64_0p5_0p02_0016_0014" 5908
"../../../Engine/Content/EngineMaterials/Substrate/GLints/dict_16_192_64_0p5_0p02_0015_0012.uasset" 5909
"/Engine/EngineMaterials/Substrate/GLints/dict_16_192_64_0p5_0p02_0016_0015" 5910
"/Engine/EngineMaterials/Substrate/GLints/dict_16_192_64_0p5_0p02_0017_0000" 5911
"/Engine/EngineMaterials/Substrate/GLints/dict_16_192_64_0p5_0p02_0017_0001" 5912
"/Engine/EngineMaterials/Substrate/GLints/dict_16_192_64_0p5_0p02_0016_0005" 5913
"/Engine/EngineMaterials/Substrate/GLints/dict_16_192_64_0p5_0p02_0016_0006" 5914
"/Engine/EngineMaterials/Substrate/GLints/dict_16_192_64_0p5_0p02_0016_0007" 5915
"/Engine/EngineMaterials/Substrate/GLints/dict_16_192_64_0p5_0p02_0016_0008" 5916
"/Engine/EngineMaterials/Substrate/GLints/dict_16_192_64_0p5_0p02_0015_0015" 5917
"/Engine/EngineMaterials/Substrate/GLints/dict_16_192_64_0p5_0p02_0016_0000" 5918
"/Engine/EngineMaterials/Substrate/GLints/dict_16_192_64_0p5_0p02_0016_0001" 5919
"/Engine/EngineMaterials/Substrate/GLints/dict_16_192_64_0p5_0p02_0016_0002" 5920
"../../../Engine/Content/EngineMaterials/Substrate/GLints/dict_16_192_64_0p5_0p02_0015_0007.uasset" 5921
"../../../Engine/Content/EngineMaterials/Substrate/GLints/dict_16_192_64_0p5_0p02_0015_0009.uasset" 5922
"/Engine/EngineMaterials/Substrate/GLints/dict_16_192_64_0p5_0p02_0016_0003" 5923
"../../../Engine/Content/EngineMaterials/Substrate/GLints/dict_16_192_64_0p5_0p02_0015_0008.uasset" 5924
"../../../Engine/Content/EngineMaterials/Substrate/GLints/dict_16_192_64_0p5_0p02_0015_0006.uasset" 5925
"/Engine/EngineMaterials/Substrate/GLints/dict_16_192_64_0p5_0p02_0015_0012" 5926
"../../../Engine/Content/EngineMaterials/Substrate/GLints/dict_16_192_64_0p5_0p02_0015_0011.uasset" 5927
"/Engine/EngineMaterials/Substrate/GLints/dict_16_192_64_0p5_0p02_0015_0013" 5928
"/Engine/EngineMaterials/Substrate/GLints/dict_16_192_64_0p5_0p02_0015_0014" 5929
"../../../Engine/Content/EngineMaterials/Substrate/GLints/dict_16_192_64_0p5_0p02_0015_0010.uasset" 5930
"/Engine/EngineMaterials/Substrate/GLints/dict_16_192_64_0p5_0p02_0015_0008" 5931
"../../../Engine/Content/EngineMaterials/Substrate/GLints/dict_16_192_64_0p5_0p02_0015_0003.uasset" 5932
"../../../Engine/Content/EngineMaterials/Substrate/GLints/dict_16_192_64_0p5_0p02_0015_0002.uasset" 5933
"/Engine/EngineMaterials/Substrate/GLints/dict_16_192_64_0p5_0p02_0015_0009" 5934
"/Engine/EngineMaterials/Substrate/GLints/dict_16_192_64_0p5_0p02_0015_0010" 5935
"/Engine/EngineMaterials/Substrate/GLints/dict_16_192_64_0p5_0p02_0015_0011" 5936
"/Engine/EngineMaterials/Substrate/GLints/dict_16_192_64_0p5_0p02_0015_0006" 5937
"/Engine/EngineMaterials/Substrate/GLints/dict_16_192_64_0p5_0p02_0015_0007" 5938
"../../../Engine/Content/EngineMaterials/Substrate/GLints/dict_16_192_64_0p5_0p02_0015_0004.uasset" 5939
"/Engine/EngineMaterials/Substrate/GLints/dict_16_192_64_0p5_0p02_0015_0002" 5940
"../../../Engine/Content/EngineMaterials/Substrate/GLints/dict_16_192_64_0p5_0p02_0015_0005.uasset" 5941
"/Engine/EngineMaterials/Substrate/GLints/dict_16_192_64_0p5_0p02_0015_0004" 5942
"/Engine/EngineMaterials/Substrate/GLints/dict_16_192_64_0p5_0p02_0015_0003" 5943
"/Engine/EngineMaterials/Substrate/GLints/dict_16_192_64_0p5_0p02_0015_0005" 5944
"../../../Engine/Content/EngineMaterials/Substrate/GLints/dict_16_192_64_0p5_0p02_0014_0015.uasset" 5945
"../../../Engine/Content/EngineMaterials/Substrate/GLints/dict_16_192_64_0p5_0p02_0015_0001.uasset" 5946
"../../../Engine/Content/EngineMaterials/Substrate/GLints/dict_16_192_64_0p5_0p02_0015_0000.uasset" 5947
"../../../Engine/Content/EngineMaterials/Substrate/GLints/dict_16_192_64_0p5_0p02_0014_0009.uasset" 5948
"../../../Engine/Content/EngineMaterials/Substrate/GLints/dict_16_192_64_0p5_0p02_0014_0014.uasset" 5949
"../../../Engine/Content/EngineMaterials/Substrate/GLints/dict_16_192_64_0p5_0p02_0014_0010.uasset" 5950
"../../../Engine/Content/EngineMaterials/Substrate/GLints/dict_16_192_64_0p5_0p02_0014_0007.uasset" 5951
"../../../Engine/Content/EngineMaterials/Substrate/GLints/dict_16_192_64_0p5_0p02_0014_0008.uasset" 5952
"../../../Engine/Content/EngineMaterials/Substrate/GLints/dict_16_192_64_0p5_0p02_0014_0011.uasset" 5953
"../../../Engine/Content/EngineMaterials/Substrate/GLints/dict_16_192_64_0p5_0p02_0014_0012.uasset" 5954
"/Engine/EngineMaterials/Substrate/GLints/dict_16_192_64_0p5_0p02_0014_0007" 5955
"/Engine/EngineMaterials/Substrate/GLints/dict_16_192_64_0p5_0p02_0014_0008" 5956
"/Engine/EngineMaterials/Substrate/GLints/dict_16_192_64_0p5_0p02_0014_0009" 5957
"../../../Engine/Content/EngineMaterials/Substrate/GLints/dict_16_192_64_0p5_0p02_0014_0013.uasset" 5958
"/Engine/EngineMaterials/Substrate/GLints/dict_16_192_64_0p5_0p02_0014_0010" 5959
"../../../Engine/Content/EngineMaterials/Substrate/GLints/dict_16_192_64_0p5_0p02_0014_0002.uasset" 5960
"/Engine/EngineMaterials/Substrate/GLints/dict_16_192_64_0p5_0p02_0014_0011" 5961
"/Engine/EngineMaterials/Substrate/GLints/dict_16_192_64_0p5_0p02_0014_0012" 5962
"../../../Engine/Content/EngineMaterials/Substrate/GLints/dict_16_192_64_0p5_0p02_0014_0006.uasset" 5963
"/Engine/EngineMaterials/Substrate/GLints/dict_16_192_64_0p5_0p02_0014_0014" 5964
"../../../Engine/Content/EngineMaterials/Substrate/GLints/dict_16_192_64_0p5_0p02_0014_0005.uasset" 5965
"/Engine/EngineMaterials/Substrate/GLints/dict_16_192_64_0p5_0p02_0014_0015" 5966
"/Engine/EngineMaterials/Substrate/GLints/dict_16_192_64_0p5_0p02_0015_0000" 5967
"/Engine/EngineMaterials/Substrate/GLints/dict_16_192_64_0p5_0p02_0015_0001" 5968
"/Engine/EngineMaterials/Substrate/GLints/dict_16_192_64_0p5_0p02_0014_0005" 5969
"/Engine/EngineMaterials/Substrate/GLints/dict_16_192_64_0p5_0p02_0014_0006" 5970
"../../../Engine/Content/EngineMaterials/Substrate/GLints/dict_16_192_64_0p5_0p02_0014_0004.uasset" 5971
"../../../Engine/Content/EngineMaterials/Substrate/GLints/dict_16_192_64_0p5_0p02_0014_0003.uasset" 5972
"../../../Engine/Content/EngineMaterials/Substrate/GLints/dict_16_192_64_0p5_0p02_0013_0015.uasset" 5973
"../../../Engine/Content/EngineMaterials/Substrate/GLints/dict_16_192_64_0p5_0p02_0014_0001.uasset" 5974
"/Engine/EngineMaterials/Substrate/GLints/dict_16_192_64_0p5_0p02_0014_0013" 5975
"../../../Engine/Content/EngineMaterials/Substrate/GLints/dict_16_192_64_0p5_0p02_0013_0013.uasset" 5976
"../../../Engine/Content/EngineMaterials/Substrate/GLints/dict_16_192_64_0p5_0p02_0013_0014.uasset" 5977
"/Engine/EngineMaterials/Substrate/GLints/dict_16_192_64_0p5_0p02_0014_0002" 5978
"/Engine/EngineMaterials/Substrate/GLints/dict_16_192_64_0p5_0p02_0013_0013" 5979
"/Engine/EngineMaterials/Substrate/GLints/dict_16_192_64_0p5_0p02_0013_0014" 5980
"/Engine/EngineMaterials/Substrate/GLints/dict_16_192_64_0p5_0p02_0013_0015" 5981
"/Engine/EngineMaterials/Substrate/GLints/dict_16_192_64_0p5_0p02_0014_0004" 5982
"/Engine/EngineMaterials/Substrate/GLints/dict_16_192_64_0p5_0p02_0014_0001" 5983
"../../../Engine/Content/EngineMaterials/Substrate/GLints/dict_16_192_64_0p5_0p02_0014_0000.uasset" 5984
"/Engine/EngineMaterials/Substrate/GLints/dict_16_192_64_0p5_0p02_0014_0003" 5985
"/Engine/EngineMaterials/Substrate/GLints/dict_16_192_64_0p5_0p02_0014_0000" 5986
"../../../Engine/Content/EngineMaterials/Substrate/GLints/dict_16_192_64_0p5_0p02_0013_0007.uasset" 5987
"../../../Engine/Content/EngineMaterials/Substrate/GLints/dict_16_192_64_0p5_0p02_0013_0005.uasset" 5988
"../../../Engine/Content/EngineMaterials/Substrate/GLints/dict_16_192_64_0p5_0p02_0013_0001.uasset" 5989
"../../../Engine/Content/EngineMaterials/Substrate/GLints/dict_16_192_64_0p5_0p02_0013_0012.uasset" 5990
"../../../Engine/Content/EngineMaterials/Substrate/GLints/dict_16_192_64_0p5_0p02_0013_0010.uasset" 5991
"../../../Engine/Content/EngineMaterials/Substrate/GLints/dict_16_192_64_0p5_0p02_0013_0011.uasset" 5992
"../../../Engine/Content/EngineMaterials/Substrate/GLints/dict_16_192_64_0p5_0p02_0013_0009.uasset" 5993
"../../../Engine/Content/EngineMaterials/Substrate/GLints/dict_16_192_64_0p5_0p02_0013_0004.uasset" 5994
"../../../Engine/Content/EngineMaterials/Substrate/GLints/dict_16_192_64_0p5_0p02_0013_0003.uasset" 5995
"../../../Engine/Content/EngineMaterials/Substrate/GLints/dict_16_192_64_0p5_0p02_0013_0008.uasset" 5996
"../../../Engine/Content/EngineMaterials/Substrate/GLints/dict_16_192_64_0p5_0p02_0013_0002.uasset" 5997
"/Engine/EngineMaterials/Substrate/GLints/dict_16_192_64_0p5_0p02_0013_0012" 5998
"../../../Engine/Content/EngineMaterials/Substrate/GLints/dict_16_192_64_0p5_0p02_0013_0006.uasset" 5999
"../../../Engine/Content/EngineMaterials/Substrate/GLints/dict_16_192_64_0p5_0p02_0013_0000.uasset" 6000
"/Engine/EngineMaterials/Substrate/GLints/dict_16_192_64_0p5_0p02_0013_0003" 6001
"/Engine/EngineMaterials/Substrate/GLints/dict_16_192_64_0p5_0p02_0013_0004" 6002
"/Engine/EngineMaterials/Substrate/GLints/dict_16_192_64_0p5_0p02_0013_0007" 6003
"/Engine/EngineMaterials/Substrate/GLints/dict_16_192_64_0p5_0p02_0013_0009" 6004
"/Engine/EngineMaterials/Substrate/GLints/dict_16_192_64_0p5_0p02_0013_0001" 6005
"/Engine/EngineMaterials/Substrate/GLints/dict_16_192_64_0p5_0p02_0013_0010" 6006
"/Engine/EngineMaterials/Substrate/GLints/dict_16_192_64_0p5_0p02_0013_0011" 6007
"/Engine/EngineMaterials/Substrate/GLints/dict_16_192_64_0p5_0p02_0013_0005" 6008
"/Engine/EngineMaterials/Substrate/GLints/dict_16_192_64_0p5_0p02_0013_0006" 6009
"/Engine/EngineMaterials/Substrate/GLints/dict_16_192_64_0p5_0p02_0013_0002" 6010
"/Engine/EngineMaterials/Substrate/GLints/dict_16_192_64_0p5_0p02_0013_0008" 6011
"/Engine/EngineMaterials/Substrate/GLints/dict_16_192_64_0p5_0p02_0013_0000" 6012
"../../../Engine/Content/EngineMaterials/Substrate/GLints/dict_16_192_64_0p5_0p02_0012_0012.uasset" 6013
"/Engine/EngineMaterials/Substrate/GLints/dict_16_192_64_0p5_0p02_0012_0012" 6014
"../../../Engine/Content/EngineMaterials/Substrate/GLints/dict_16_192_64_0p5_0p02_0012_0011.uasset" 6015
"../../../Engine/Content/EngineMaterials/Substrate/GLints/dict_16_192_64_0p5_0p02_0012_0010.uasset" 6016
"../../../Engine/Content/EngineMaterials/Substrate/GLints/dict_16_192_64_0p5_0p02_0012_0007.uasset" 6017
"../../../Engine/Content/EngineMaterials/Substrate/GLints/dict_16_192_64_0p5_0p02_0012_0013.uasset" 6018
"../../../Engine/Content/EngineMaterials/Substrate/GLints/dict_16_192_64_0p5_0p02_0012_0015.uasset" 6019
"../../../Engine/Content/EngineMaterials/Substrate/GLints/dict_16_192_64_0p5_0p02_0012_0009.uasset" 6020
"../../../Engine/Content/EngineMaterials/Substrate/GLints/dict_16_192_64_0p5_0p02_0012_0008.uasset" 6021
"../../../Engine/Content/EngineMaterials/Substrate/GLints/dict_16_192_64_0p5_0p02_0012_0014.uasset" 6022
"../../../Engine/Content/EngineMaterials/Substrate/GLints/dict_16_192_64_0p5_0p02_0012_0005.uasset" 6023
"../../../Engine/Content/EngineMaterials/Substrate/GLints/dict_16_192_64_0p5_0p02_0012_0003.uasset" 6024
"../../../Engine/Content/EngineMaterials/Substrate/GLints/dict_16_192_64_0p5_0p02_0012_0004.uasset" 6025
"../../../Engine/Content/EngineMaterials/Substrate/GLints/dict_16_192_64_0p5_0p02_0012_0006.uasset" 6026
"../../../Engine/Content/EngineMaterials/Substrate/GLints/dict_16_192_64_0p5_0p02_0012_0002.uasset" 6027
"../../../Engine/Content/EngineMaterials/Substrate/GLints/dict_16_192_64_0p5_0p02_0012_0000.uasset" 6028
"../../../Engine/Content/EngineMaterials/Substrate/GLints/dict_16_192_64_0p5_0p02_0011_0015.uasset" 6029
"../../../Engine/Content/EngineMaterials/Substrate/GLints/dict_16_192_64_0p5_0p02_0011_0013.uasset" 6030
"/Engine/EngineMaterials/Substrate/GLints/dict_16_192_64_0p5_0p02_0011_0015" 6031
"../../../Engine/Content/EngineMaterials/Substrate/GLints/dict_16_192_64_0p5_0p02_0011_0014.uasset" 6032
"/Engine/EngineMaterials/Substrate/GLints/dict_16_192_64_0p5_0p02_0012_0000" 6033
"/Engine/EngineMaterials/Substrate/GLints/dict_16_192_64_0p5_0p02_0012_0004" 6034
"../../../Engine/Content/EngineMaterials/Substrate/GLints/dict_16_192_64_0p5_0p02_0011_0012.uasset" 6035
"../../../Engine/Content/EngineMaterials/Substrate/GLints/dict_16_192_64_0p5_0p02_0011_0011.uasset" 6036
"/Engine/EngineMaterials/Substrate/GLints/dict_16_192_64_0p5_0p02_0012_0005" 6037
"../../../Engine/Content/EngineMaterials/Substrate/GLints/dict_16_192_64_0p5_0p02_0012_0001.uasset" 6038
"/Engine/EngineMaterials/Substrate/GLints/dict_16_192_64_0p5_0p02_0012_0008" 6039
"/Engine/EngineMaterials/Substrate/GLints/dict_16_192_64_0p5_0p02_0012_0009" 6040
"../../../Engine/Content/EngineMaterials/Substrate/GLints/dict_16_192_64_0p5_0p02_0011_0008.uasset" 6041
"../../../Engine/Content/EngineMaterials/Substrate/GLints/dict_16_192_64_0p5_0p02_0011_0010.uasset" 6042
"/Engine/EngineMaterials/Substrate/GLints/dict_16_192_64_0p5_0p02_0012_0010" 6043
"../../../Engine/Content/EngineMaterials/Substrate/GLints/dict_16_192_64_0p5_0p02_0011_0007.uasset" 6044
"../../../Engine/Content/EngineMaterials/Substrate/GLints/dict_16_192_64_0p5_0p02_0011_0009.uasset" 6045
"/Engine/EngineMaterials/Substrate/GLints/dict_16_192_64_0p5_0p02_0012_0011" 6046
"/Engine/EngineMaterials/Substrate/GLints/dict_16_192_64_0p5_0p02_0012_0013" 6047
"/Engine/EngineMaterials/Substrate/GLints/dict_16_192_64_0p5_0p02_0012_0006" 6048
"../../../Engine/Content/EngineMaterials/Substrate/GLints/dict_16_192_64_0p5_0p02_0011_0006.uasset" 6049
"/Engine/EngineMaterials/Substrate/GLints/dict_16_192_64_0p5_0p02_0012_0002" 6050
"/Engine/EngineMaterials/Substrate/GLints/dict_16_192_64_0p5_0p02_0012_0014" 6051
"/Engine/EngineMaterials/Substrate/GLints/dict_16_192_64_0p5_0p02_0012_0015" 6052
"/Engine/EngineMaterials/Substrate/GLints/dict_16_192_64_0p5_0p02_0012_0007" 6053
"/Engine/EngineMaterials/Substrate/GLints/dict_16_192_64_0p5_0p02_0012_0003" 6054
"/Engine/EngineMaterials/Substrate/GLints/dict_16_192_64_0p5_0p02_0011_0014" 6055
"/Engine/EngineMaterials/Substrate/GLints/dict_16_192_64_0p5_0p02_0011_0013" 6056
"/Engine/EngineMaterials/Substrate/GLints/dict_16_192_64_0p5_0p02_0012_0001" 6057
"/Engine/EngineMaterials/Substrate/GLints/dict_16_192_64_0p5_0p02_0011_0006" 6058
"/Engine/EngineMaterials/Substrate/GLints/dict_16_192_64_0p5_0p02_0011_0007" 6059
"/Engine/EngineMaterials/Substrate/GLints/dict_16_192_64_0p5_0p02_0011_0008" 6060
"/Engine/EngineMaterials/Substrate/GLints/dict_16_192_64_0p5_0p02_0011_0009" 6061
"/Engine/EngineMaterials/Substrate/GLints/dict_16_192_64_0p5_0p02_0011_0010" 6062
"/Engine/EngineMaterials/Substrate/GLints/dict_16_192_64_0p5_0p02_0011_0011" 6063
"/Engine/EngineMaterials/Substrate/GLints/dict_16_192_64_0p5_0p02_0011_0012" 6064
"../../../Engine/Content/EngineMaterials/Substrate/GLints/dict_16_192_64_0p5_0p02_0011_0003.uasset" 6065
"../../../Engine/Content/EngineMaterials/Substrate/GLints/dict_16_192_64_0p5_0p02_0011_0001.uasset" 6066
"../../../Engine/Content/EngineMaterials/Substrate/GLints/dict_16_192_64_0p5_0p02_0011_0002.uasset" 6067
"../../../Engine/Content/EngineMaterials/Substrate/GLints/dict_16_192_64_0p5_0p02_0011_0005.uasset" 6068
"../../../Engine/Content/EngineMaterials/Substrate/GLints/dict_16_192_64_0p5_0p02_0011_0004.uasset" 6069
"../../../Engine/Content/EngineMaterials/Substrate/GLints/dict_16_192_64_0p5_0p02_0010_0015.uasset" 6070
"../../../Engine/Content/EngineMaterials/Substrate/GLints/dict_16_192_64_0p5_0p02_0011_0000.uasset" 6071
"../../../Engine/Content/EngineMaterials/Substrate/GLints/dict_16_192_64_0p5_0p02_0010_0011.uasset" 6072
"../../../Engine/Content/EngineMaterials/Substrate/GLints/dict_16_192_64_0p5_0p02_0010_0014.uasset" 6073
"../../../Engine/Content/EngineMaterials/Substrate/GLints/dict_16_192_64_0p5_0p02_0010_0010.uasset" 6074
"../../../Engine/Content/EngineMaterials/Substrate/GLints/dict_16_192_64_0p5_0p02_0010_0012.uasset" 6075
"../../../Engine/Content/EngineMaterials/Substrate/GLints/dict_16_192_64_0p5_0p02_0010_0013.uasset" 6076
"../../../Engine/Content/EngineMaterials/Substrate/GLints/dict_16_192_64_0p5_0p02_0010_0009.uasset" 6077
"../../../Engine/Content/EngineMaterials/Substrate/GLints/dict_16_192_64_0p5_0p02_0010_0003.uasset" 6078
"/Engine/EngineMaterials/Substrate/GLints/dict_16_192_64_0p5_0p02_0011_0004" 6079
"../../../Engine/Content/EngineMaterials/Substrate/GLints/dict_16_192_64_0p5_0p02_0010_0005.uasset" 6080
"../../../Engine/Content/EngineMaterials/Substrate/GLints/dict_16_192_64_0p5_0p02_0010_0008.uasset" 6081
"../../../Engine/Content/EngineMaterials/Substrate/GLints/dict_16_192_64_0p5_0p02_0010_0007.uasset" 6082
"/Engine/EngineMaterials/Substrate/GLints/dict_16_192_64_0p5_0p02_0010_0015" 6083
"/Engine/EngineMaterials/Substrate/GLints/dict_16_192_64_0p5_0p02_0010_0009" 6084
"../../../Engine/Content/EngineMaterials/Substrate/GLints/dict_16_192_64_0p5_0p02_0010_0002.uasset" 6085
"../../../Engine/Content/EngineMaterials/Substrate/GLints/dict_16_192_64_0p5_0p02_0010_0006.uasset" 6086
"/Engine/EngineMaterials/Substrate/GLints/dict_16_192_64_0p5_0p02_0011_0005" 6087
"/Engine/EngineMaterials/Substrate/GLints/dict_16_192_64_0p5_0p02_0011_0000" 6088
"/Engine/EngineMaterials/Substrate/GLints/dict_16_192_64_0p5_0p02_0011_0001" 6089
"/Engine/EngineMaterials/Substrate/GLints/dict_16_192_64_0p5_0p02_0011_0002" 6090
"/Engine/EngineMaterials/Substrate/GLints/dict_16_192_64_0p5_0p02_0010_0010" 6091
"../../../Engine/Content/EngineMaterials/Substrate/GLints/dict_16_192_64_0p5_0p02_0010_0004.uasset" 6092
"/Engine/EngineMaterials/Substrate/GLints/dict_16_192_64_0p5_0p02_0010_0011" 6093
"/Engine/EngineMaterials/Substrate/GLints/dict_16_192_64_0p5_0p02_0010_0012" 6094
"/Engine/EngineMaterials/Substrate/GLints/dict_16_192_64_0p5_0p02_0010_0013" 6095
"/Engine/EngineMaterials/Substrate/GLints/dict_16_192_64_0p5_0p02_0011_0003" 6096
"/Engine/EngineMaterials/Substrate/GLints/dict_16_192_64_0p5_0p02_0010_0014" 6097
"/Engine/EngineMaterials/Substrate/GLints/dict_16_192_64_0p5_0p02_0010_0002" 6098
"/Engine/EngineMaterials/Substrate/GLints/dict_16_192_64_0p5_0p02_0010_0003" 6099
"/Engine/EngineMaterials/Substrate/GLints/dict_16_192_64_0p5_0p02_0010_0004" 6100
"../../../Engine/Content/EngineMaterials/Substrate/GLints/dict_16_192_64_0p5_0p02_0010_0001.uasset" 6101
"../../../Engine/Content/EngineMaterials/Substrate/GLints/dict_16_192_64_0p5_0p02_0009_0013.uasset" 6102
"../../../Engine/Content/EngineMaterials/Substrate/GLints/dict_16_192_64_0p5_0p02_0009_0015.uasset" 6103
"../../../Engine/Content/EngineMaterials/Substrate/GLints/dict_16_192_64_0p5_0p02_0009_0012.uasset" 6104
"/Engine/EngineMaterials/Substrate/GLints/dict_16_192_64_0p5_0p02_0010_0005" 6105
"../../../Engine/Content/EngineMaterials/Substrate/GLints/dict_16_192_64_0p5_0p02_0010_0000.uasset" 6106
"/Engine/EngineMaterials/Substrate/GLints/dict_16_192_64_0p5_0p02_0010_0006" 6107
"/Engine/EngineMaterials/Substrate/GLints/dict_16_192_64_0p5_0p02_0010_0007" 6108
"../../../Engine/Content/EngineMaterials/Substrate/GLints/dict_16_192_64_0p5_0p02_0009_0014.uasset" 6109
"/Engine/EngineMaterials/Substrate/GLints/dict_16_192_64_0p5_0p02_0010_0008" 6110
"/Engine/EngineMaterials/Substrate/GLints/dict_16_192_64_0p5_0p02_0010_0000" 6111
"/Engine/EngineMaterials/Substrate/GLints/dict_16_192_64_0p5_0p02_0010_0001" 6112
"/Engine/EngineMaterials/Substrate/GLints/dict_16_192_64_0p5_0p02_0009_0012" 6113
"/Engine/EngineMaterials/Substrate/GLints/dict_16_192_64_0p5_0p02_0009_0013" 6114
"/Engine/EngineMaterials/Substrate/GLints/dict_16_192_64_0p5_0p02_0009_0014" 6115
"../../../Engine/Content/EngineMaterials/Substrate/GLints/dict_16_192_64_0p5_0p02_0009_0008.uasset" 6116
"/Engine/EngineMaterials/Substrate/GLints/dict_16_192_64_0p5_0p02_0009_0015" 6117
"../../../Engine/Content/EngineMaterials/Substrate/GLints/dict_16_192_64_0p5_0p02_0009_0011.uasset" 6118
"../../../Engine/Content/EngineMaterials/Substrate/GLints/dict_16_192_64_0p5_0p02_0009_0010.uasset" 6119
"/Engine/EngineMaterials/Substrate/GLints/dict_16_192_64_0p5_0p02_0009_0008" 6120
"../../../Engine/Content/EngineMaterials/Substrate/GLints/dict_16_192_64_0p5_0p02_0009_0009.uasset" 6121
"/Engine/EngineMaterials/Substrate/GLints/dict_16_192_64_0p5_0p02_0009_0011" 6122
"/Engine/EngineMaterials/Substrate/GLints/dict_16_192_64_0p5_0p02_0009_0009" 6123
"/Engine/EngineMaterials/Substrate/GLints/dict_16_192_64_0p5_0p02_0009_0010" 6124
"../../../Engine/Content/EngineMaterials/Substrate/GLints/dict_16_192_64_0p5_0p02_0009_0007.uasset" 6125
"/Engine/EngineMaterials/Substrate/GLints/dict_16_192_64_0p5_0p02_0009_0007" 6126
"../../../Engine/Content/EngineMaterials/Substrate/GLints/dict_16_192_64_0p5_0p02_0009_0006.uasset" 6127
"../../../Engine/Content/EngineMaterials/Substrate/GLints/dict_16_192_64_0p5_0p02_0009_0002.uasset" 6128
"../../../Engine/Content/EngineMaterials/Substrate/GLints/dict_16_192_64_0p5_0p02_0009_0003.uasset" 6129
"../../../Engine/Content/EngineMaterials/Substrate/GLints/dict_16_192_64_0p5_0p02_0009_0004.uasset" 6130
"../../../Engine/Content/EngineMaterials/Substrate/GLints/dict_16_192_64_0p5_0p02_0009_0001.uasset" 6131
"../../../Engine/Content/EngineMaterials/Substrate/GLints/dict_16_192_64_0p5_0p02_0008_0015.uasset" 6132
"../../../Engine/Content/EngineMaterials/Substrate/GLints/dict_16_192_64_0p5_0p02_0009_0005.uasset" 6133
"../../../Engine/Content/EngineMaterials/Substrate/GLints/dict_16_192_64_0p5_0p02_0009_0000.uasset" 6134
"../../../Engine/Content/EngineMaterials/Substrate/GLints/dict_16_192_64_0p5_0p02_0008_0012.uasset" 6135
"../../../Engine/Content/EngineMaterials/Substrate/GLints/dict_16_192_64_0p5_0p02_0008_0011.uasset" 6136
"../../../Engine/Content/EngineMaterials/Substrate/GLints/dict_16_192_64_0p5_0p02_0008_0013.uasset" 6137
"../../../Engine/Content/EngineMaterials/Substrate/GLints/dict_16_192_64_0p5_0p02_0008_0014.uasset" 6138
"/Engine/EngineMaterials/Substrate/GLints/dict_16_192_64_0p5_0p02_0009_0006" 6139
"../../../Engine/Content/EngineMaterials/Substrate/GLints/dict_16_192_64_0p5_0p02_0008_0002.uasset" 6140
"../../../Engine/Content/EngineMaterials/Substrate/GLints/dict_16_192_64_0p5_0p02_0008_0010.uasset" 6141
"../../../Engine/Content/EngineMaterials/Substrate/GLints/dict_16_192_64_0p5_0p02_0008_0009.uasset" 6142
"/Engine/EngineMaterials/Substrate/GLints/dict_16_192_64_0p5_0p02_0008_0011" 6143
"../../../Engine/Content/EngineMaterials/Substrate/GLints/dict_16_192_64_0p5_0p02_0008_0008.uasset" 6144
"/Engine/EngineMaterials/Substrate/GLints/dict_16_192_64_0p5_0p02_0008_0012" 6145
"../../../Engine/Content/EngineMaterials/Substrate/GLints/dict_16_192_64_0p5_0p02_0008_0004.uasset" 6146
"../../../Engine/Content/EngineMaterials/Substrate/GLints/dict_16_192_64_0p5_0p02_0008_0005.uasset" 6147
"../../../Engine/Content/EngineMaterials/Substrate/GLints/dict_16_192_64_0p5_0p02_0008_0006.uasset" 6148
"../../../Engine/Content/EngineMaterials/Substrate/GLints/dict_16_192_64_0p5_0p02_0008_0007.uasset" 6149
"/Engine/EngineMaterials/Substrate/GLints/dict_16_192_64_0p5_0p02_0008_0013" 6150
"/Engine/EngineMaterials/Substrate/GLints/dict_16_192_64_0p5_0p02_0008_0014" 6151
"/Engine/EngineMaterials/Substrate/GLints/dict_16_192_64_0p5_0p02_0008_0015" 6152
"/Engine/EngineMaterials/Substrate/GLints/dict_16_192_64_0p5_0p02_0009_0000" 6153
"../../../Engine/Content/EngineMaterials/Substrate/GLints/dict_16_192_64_0p5_0p02_0008_0003.uasset" 6154
"/Engine/EngineMaterials/Substrate/GLints/dict_16_192_64_0p5_0p02_0009_0001" 6155
"/Engine/EngineMaterials/Substrate/GLints/dict_16_192_64_0p5_0p02_0009_0002" 6156
"/Engine/EngineMaterials/Substrate/GLints/dict_16_192_64_0p5_0p02_0009_0003" 6157
"/Engine/EngineMaterials/Substrate/GLints/dict_16_192_64_0p5_0p02_0009_0004" 6158
"/Engine/EngineMaterials/Substrate/GLints/dict_16_192_64_0p5_0p02_0009_0005" 6159
"../../../Engine/Content/EngineMaterials/Substrate/GLints/dict_16_192_64_0p5_0p02_0008_0001.uasset" 6160
"../../../Engine/Content/EngineMaterials/Substrate/GLints/dict_16_192_64_0p5_0p02_0008_0000.uasset" 6161
"/Engine/EngineMaterials/Substrate/GLints/dict_16_192_64_0p5_0p02_0008_0009" 6162
"../../../Engine/Content/EngineMaterials/Substrate/GLints/dict_16_192_64_0p5_0p02_0007_0014.uasset" 6163
"/Engine/EngineMaterials/Substrate/GLints/dict_16_192_64_0p5_0p02_0008_0002" 6164
"/Engine/EngineMaterials/Substrate/GLints/dict_16_192_64_0p5_0p02_0008_0003" 6165
"../../../Engine/Content/EngineMaterials/Substrate/GLints/dict_16_192_64_0p5_0p02_0007_0015.uasset" 6166
"/Engine/EngineMaterials/Substrate/GLints/dict_16_192_64_0p5_0p02_0008_0004" 6167
"/Engine/EngineMaterials/Substrate/GLints/dict_16_192_64_0p5_0p02_0008_0005" 6168
"/Engine/EngineMaterials/Substrate/GLints/dict_16_192_64_0p5_0p02_0008_0006" 6169
"/Engine/EngineMaterials/Substrate/GLints/dict_16_192_64_0p5_0p02_0008_0007" 6170
"/Engine/EngineMaterials/Substrate/GLints/dict_16_192_64_0p5_0p02_0008_0010" 6171
"/Engine/EngineMaterials/Substrate/GLints/dict_16_192_64_0p5_0p02_0008_0008" 6172
"/Engine/EngineMaterials/Substrate/GLints/dict_16_192_64_0p5_0p02_0007_0014" 6173
"/Engine/EngineMaterials/Substrate/GLints/dict_16_192_64_0p5_0p02_0007_0015" 6174
"/Engine/EngineMaterials/Substrate/GLints/dict_16_192_64_0p5_0p02_0008_0000" 6175
"/Engine/EngineMaterials/Substrate/GLints/dict_16_192_64_0p5_0p02_0008_0001" 6176
"../../../Engine/Content/EngineMaterials/Substrate/GLints/dict_16_192_64_0p5_0p02_0007_0013.uasset" 6177
"/Engine/EngineMaterials/Substrate/GLints/dict_16_192_64_0p5_0p02_0007_0013" 6178
"../../../Engine/Content/EngineMaterials/Substrate/GLints/dict_16_192_64_0p5_0p02_0007_0011.uasset" 6179
"../../../Engine/Content/EngineMaterials/Substrate/GLints/dict_16_192_64_0p5_0p02_0007_0008.uasset" 6180
"../../../Engine/Content/EngineMaterials/Substrate/GLints/dict_16_192_64_0p5_0p02_0007_0010.uasset" 6181
"../../../Engine/Content/EngineMaterials/Substrate/GLints/dict_16_192_64_0p5_0p02_0007_0009.uasset" 6182
"../../../Engine/Content/EngineMaterials/Substrate/GLints/dict_16_192_64_0p5_0p02_0007_0007.uasset" 6183
"../../../Engine/Content/EngineMaterials/Substrate/GLints/dict_16_192_64_0p5_0p02_0007_0012.uasset" 6184
"../../../Engine/Content/EngineMaterials/Substrate/GLints/dict_16_192_64_0p5_0p02_0007_0001.uasset" 6185
"../../../Engine/Content/EngineMaterials/Substrate/GLints/dict_16_192_64_0p5_0p02_0007_0004.uasset" 6186
"../../../Engine/Content/EngineMaterials/Substrate/GLints/dict_16_192_64_0p5_0p02_0007_0005.uasset" 6187
"../../../Engine/Content/EngineMaterials/Substrate/GLints/dict_16_192_64_0p5_0p02_0007_0006.uasset" 6188
"../../../Engine/Content/EngineMaterials/Substrate/GLints/dict_16_192_64_0p5_0p02_0007_0002.uasset" 6189
"../../../Engine/Content/EngineMaterials/Substrate/GLints/dict_16_192_64_0p5_0p02_0007_0000.uasset" 6190
"../../../Engine/Content/EngineMaterials/Substrate/GLints/dict_16_192_64_0p5_0p02_0007_0003.uasset" 6191
"/Engine/EngineMaterials/Substrate/GLints/dict_16_192_64_0p5_0p02_0007_0012" 6192
"../../../Engine/Content/EngineMaterials/Substrate/GLints/dict_16_192_64_0p5_0p02_0006_0012.uasset" 6193
"../../../Engine/Content/EngineMaterials/Substrate/GLints/dict_16_192_64_0p5_0p02_0006_0015.uasset" 6194
"/Engine/EngineMaterials/Substrate/GLints/dict_16_192_64_0p5_0p02_0007_0007" 6195
"../../../Engine/Content/EngineMaterials/Substrate/GLints/dict_16_192_64_0p5_0p02_0006_0011.uasset" 6196
"../../../Engine/Content/EngineMaterials/Substrate/GLints/dict_16_192_64_0p5_0p02_0006_0014.uasset" 6197
"../../../Engine/Content/EngineMaterials/Substrate/GLints/dict_16_192_64_0p5_0p02_0006_0013.uasset" 6198
"/Engine/EngineMaterials/Substrate/GLints/dict_16_192_64_0p5_0p02_0007_0010" 6199
"../../../Engine/Content/EngineMaterials/Substrate/GLints/dict_16_192_64_0p5_0p02_0006_0010.uasset" 6200
"/Engine/EngineMaterials/Substrate/GLints/dict_16_192_64_0p5_0p02_0007_0008" 6201
"../../../Engine/Content/EngineMaterials/Substrate/GLints/dict_16_192_64_0p5_0p02_0006_0009.uasset" 6202
"/Engine/EngineMaterials/Substrate/GLints/dict_16_192_64_0p5_0p02_0007_0009" 6203
"../../../Engine/Content/EngineMaterials/Substrate/GLints/dict_16_192_64_0p5_0p02_0006_0008.uasset" 6204
"../../../Engine/Content/EngineMaterials/Substrate/GLints/dict_16_192_64_0p5_0p02_0006_0006.uasset" 6205
"/Engine/EngineMaterials/Substrate/GLints/dict_16_192_64_0p5_0p02_0007_0000" 6206
"../../../Engine/Content/EngineMaterials/Substrate/GLints/dict_16_192_64_0p5_0p02_0006_0007.uasset" 6207
"../../../Engine/Content/EngineMaterials/Substrate/GLints/dict_16_192_64_0p5_0p02_0006_0005.uasset" 6208
"/Engine/EngineMaterials/Substrate/GLints/dict_16_192_64_0p5_0p02_0007_0011" 6209
"/Engine/EngineMaterials/Substrate/GLints/dict_16_192_64_0p5_0p02_0007_0001" 6210
"/Engine/EngineMaterials/Substrate/GLints/dict_16_192_64_0p5_0p02_0007_0002" 6211
"/Engine/EngineMaterials/Substrate/GLints/dict_16_192_64_0p5_0p02_0007_0003" 6212
"../../../Engine/Content/EngineMaterials/Substrate/GLints/dict_16_192_64_0p5_0p02_0006_0002.uasset" 6213
"/Engine/EngineMaterials/Substrate/GLints/dict_16_192_64_0p5_0p02_0007_0004" 6214
"../../../Engine/Content/EngineMaterials/Substrate/GLints/dict_16_192_64_0p5_0p02_0006_0004.uasset" 6215
"../../../Engine/Content/EngineMaterials/Substrate/GLints/dict_16_192_64_0p5_0p02_0006_0003.uasset" 6216
"/Engine/EngineMaterials/Substrate/GLints/dict_16_192_64_0p5_0p02_0007_0005" 6217
"/Engine/EngineMaterials/Substrate/GLints/dict_16_192_64_0p5_0p02_0007_0006" 6218
"/Engine/EngineMaterials/Substrate/GLints/dict_16_192_64_0p5_0p02_0006_0002" 6219
"/Engine/EngineMaterials/Substrate/GLints/dict_16_192_64_0p5_0p02_0006_0011" 6220
"/Engine/EngineMaterials/Substrate/GLints/dict_16_192_64_0p5_0p02_0006_0003" 6221
"/Engine/EngineMaterials/Substrate/GLints/dict_16_192_64_0p5_0p02_0006_0004" 6222
"../../../Engine/Content/EngineMaterials/Substrate/GLints/dict_16_192_64_0p5_0p02_0006_0000.uasset" 6223
"../../../Engine/Content/EngineMaterials/Substrate/GLints/dict_16_192_64_0p5_0p02_0005_0015.uasset" 6224
"/Engine/EngineMaterials/Substrate/GLints/dict_16_192_64_0p5_0p02_0006_0005" 6225
"/Engine/EngineMaterials/Substrate/GLints/dict_16_192_64_0p5_0p02_0006_0006" 6226
"/Engine/EngineMaterials/Substrate/GLints/dict_16_192_64_0p5_0p02_0006_0007" 6227
"../../../Engine/Content/EngineMaterials/Substrate/GLints/dict_16_192_64_0p5_0p02_0005_0013.uasset" 6228
"/Engine/EngineMaterials/Substrate/GLints/dict_16_192_64_0p5_0p02_0006_0008" 6229
"../../../Engine/Content/EngineMaterials/Substrate/GLints/dict_16_192_64_0p5_0p02_0006_0001.uasset" 6230
"/Engine/EngineMaterials/Substrate/GLints/dict_16_192_64_0p5_0p02_0006_0009" 6231
"/Engine/EngineMaterials/Substrate/GLints/dict_16_192_64_0p5_0p02_0006_0010" 6232
"/Engine/EngineMaterials/Substrate/GLints/dict_16_192_64_0p5_0p02_0006_0012" 6233
"/Engine/EngineMaterials/Substrate/GLints/dict_16_192_64_0p5_0p02_0006_0013" 6234
"/Engine/EngineMaterials/Substrate/GLints/dict_16_192_64_0p5_0p02_0006_0014" 6235
"/Engine/EngineMaterials/Substrate/GLints/dict_16_192_64_0p5_0p02_0006_0015" 6236
"/Engine/EngineMaterials/Substrate/GLints/dict_16_192_64_0p5_0p02_0005_0013" 6237
"/Engine/EngineMaterials/Substrate/GLints/dict_16_192_64_0p5_0p02_0005_0015" 6238
"/Engine/EngineMaterials/Substrate/GLints/dict_16_192_64_0p5_0p02_0006_0000" 6239
"../../../Engine/Content/EngineMaterials/Substrate/GLints/dict_16_192_64_0p5_0p02_0005_0014.uasset" 6240
"/Engine/EngineMaterials/Substrate/GLints/dict_16_192_64_0p5_0p02_0006_0001" 6241
"/Engine/EngineMaterials/Substrate/GLints/dict_16_192_64_0p5_0p02_0005_0014" 6242
"../../../Engine/Content/EngineMaterials/Substrate/GLints/dict_16_192_64_0p5_0p02_0005_0011.uasset" 6243
"../../../Engine/Content/EngineMaterials/Substrate/GLints/dict_16_192_64_0p5_0p02_0005_0012.uasset" 6244
"../../../Engine/Content/EngineMaterials/Substrate/GLints/dict_16_192_64_0p5_0p02_0005_0008.uasset" 6245
"../../../Engine/Content/EngineMaterials/Substrate/GLints/dict_16_192_64_0p5_0p02_0005_0009.uasset" 6246
"../../../Engine/Content/EngineMaterials/Substrate/GLints/dict_16_192_64_0p5_0p02_0005_0007.uasset" 6247
"../../../Engine/Content/EngineMaterials/Substrate/GLints/dict_16_192_64_0p5_0p02_0005_0003.uasset" 6248
"../../../Engine/Content/EngineMaterials/Substrate/GLints/dict_16_192_64_0p5_0p02_0005_0005.uasset" 6249
"../../../Engine/Content/EngineMaterials/Substrate/GLints/dict_16_192_64_0p5_0p02_0005_0010.uasset" 6250
"../../../Engine/Content/EngineMaterials/Substrate/GLints/dict_16_192_64_0p5_0p02_0005_0006.uasset" 6251
"../../../Engine/Content/EngineMaterials/Substrate/GLints/dict_16_192_64_0p5_0p02_0005_0000.uasset" 6252
"../../../Engine/Content/EngineMaterials/Substrate/GLints/dict_16_192_64_0p5_0p02_0004_0015.uasset" 6253
"../../../Engine/Content/EngineMaterials/Substrate/GLints/dict_16_192_64_0p5_0p02_0005_0004.uasset" 6254
"../../../Engine/Content/EngineMaterials/Substrate/GLints/dict_16_192_64_0p5_0p02_0005_0001.uasset" 6255
"/Engine/EngineMaterials/Substrate/GLints/dict_16_192_64_0p5_0p02_0005_0000" 6256
"../../../Engine/Content/EngineMaterials/Substrate/GLints/dict_16_192_64_0p5_0p02_0004_0014.uasset" 6257
"../../../Engine/Content/EngineMaterials/Substrate/GLints/dict_16_192_64_0p5_0p02_0004_0013.uasset" 6258
"/Engine/EngineMaterials/Substrate/GLints/dict_16_192_64_0p5_0p02_0005_0003" 6259
"../../../Engine/Content/EngineMaterials/Substrate/GLints/dict_16_192_64_0p5_0p02_0005_0002.uasset" 6260
"/Engine/EngineMaterials/Substrate/GLints/dict_16_192_64_0p5_0p02_0004_0015" 6261
"/Engine/EngineMaterials/Substrate/GLints/dict_16_192_64_0p5_0p02_0005_0004" 6262
"../../../Engine/Content/EngineMaterials/Substrate/GLints/dict_16_192_64_0p5_0p02_0004_0009.uasset" 6263
"/Engine/EngineMaterials/Substrate/GLints/dict_16_192_64_0p5_0p02_0005_0005" 6264
"../../../Engine/Content/EngineMaterials/Substrate/GLints/dict_16_192_64_0p5_0p02_0004_0011.uasset" 6265
"/Engine/EngineMaterials/Substrate/GLints/dict_16_192_64_0p5_0p02_0005_0006" 6266
"../../../Engine/Content/EngineMaterials/Substrate/GLints/dict_16_192_64_0p5_0p02_0004_0012.uasset" 6267
"../../../Engine/Content/EngineMaterials/Substrate/GLints/dict_16_192_64_0p5_0p02_0004_0008.uasset" 6268
"../../../Engine/Content/EngineMaterials/Substrate/GLints/dict_16_192_64_0p5_0p02_0004_0006.uasset" 6269
"/Engine/EngineMaterials/Substrate/GLints/dict_16_192_64_0p5_0p02_0005_0007" 6270
"/Engine/EngineMaterials/Substrate/GLints/dict_16_192_64_0p5_0p02_0005_0008" 6271
"/Engine/EngineMaterials/Substrate/GLints/dict_16_192_64_0p5_0p02_0005_0009" 6272
"../../../Engine/Content/EngineMaterials/Substrate/GLints/dict_16_192_64_0p5_0p02_0004_0010.uasset" 6273
"/Engine/EngineMaterials/Substrate/GLints/dict_16_192_64_0p5_0p02_0005_0010" 6274
"/Engine/EngineMaterials/Substrate/GLints/dict_16_192_64_0p5_0p02_0005_0011" 6275
"/Engine/EngineMaterials/Substrate/GLints/dict_16_192_64_0p5_0p02_0005_0012" 6276
"/Engine/EngineMaterials/Substrate/GLints/dict_16_192_64_0p5_0p02_0005_0001" 6277
"../../../Engine/Content/EngineMaterials/Substrate/GLints/dict_16_192_64_0p5_0p02_0004_0004.uasset" 6278
"/Engine/EngineMaterials/Substrate/GLints/dict_16_192_64_0p5_0p02_0005_0002" 6279
"/Engine/EngineMaterials/Substrate/GLints/dict_16_192_64_0p5_0p02_0004_0006" 6280
"../../../Engine/Content/EngineMaterials/Substrate/GLints/dict_16_192_64_0p5_0p02_0004_0005.uasset" 6281
"../../../Engine/Content/EngineMaterials/Substrate/GLints/dict_16_192_64_0p5_0p02_0004_0003.uasset" 6282
"../../../Engine/Content/EngineMaterials/Substrate/GLints/dict_16_192_64_0p5_0p02_0004_0007.uasset" 6283
"/Engine/EngineMaterials/Substrate/GLints/dict_16_192_64_0p5_0p02_0004_0008" 6284
"/Engine/EngineMaterials/Substrate/GLints/dict_16_192_64_0p5_0p02_0004_0009" 6285
"/Engine/EngineMaterials/Substrate/GLints/dict_16_192_64_0p5_0p02_0004_0010" 6286
"/Engine/EngineMaterials/Substrate/GLints/dict_16_192_64_0p5_0p02_0004_0011" 6287
"/Engine/EngineMaterials/Substrate/GLints/dict_16_192_64_0p5_0p02_0004_0012" 6288
"/Engine/EngineMaterials/Substrate/GLints/dict_16_192_64_0p5_0p02_0004_0013" 6289
"/Engine/EngineMaterials/Substrate/GLints/dict_16_192_64_0p5_0p02_0004_0014" 6290
"/Engine/EngineMaterials/Substrate/GLints/dict_16_192_64_0p5_0p02_0004_0003" 6291
"../../../Engine/Content/EngineMaterials/Substrate/GLints/dict_16_192_64_0p5_0p02_0004_0002.uasset" 6292
"../../../Engine/Content/EngineMaterials/Substrate/GLints/dict_16_192_64_0p5_0p02_0004_0001.uasset" 6293
"../../../Engine/Content/EngineMaterials/Substrate/GLints/dict_16_192_64_0p5_0p02_0003_0015.uasset" 6294
"/Engine/EngineMaterials/Substrate/GLints/dict_16_192_64_0p5_0p02_0004_0004" 6295
"/Engine/EngineMaterials/Substrate/GLints/dict_16_192_64_0p5_0p02_0004_0005" 6296
"/Engine/EngineMaterials/Substrate/GLints/dict_16_192_64_0p5_0p02_0004_0007" 6297
"/Engine/EngineMaterials/Substrate/GLints/dict_16_192_64_0p5_0p02_0004_0002" 6298
"/Engine/EngineMaterials/Substrate/GLints/dict_16_192_64_0p5_0p02_0003_0015" 6299
"/Engine/EngineMaterials/Substrate/GLints/dict_16_192_64_0p5_0p02_0004_0001" 6300
"../../../Engine/Content/EngineMaterials/Substrate/GLints/dict_16_192_64_0p5_0p02_0003_0014.uasset" 6301
"../../../Engine/Content/EngineMaterials/Substrate/GLints/dict_16_192_64_0p5_0p02_0003_0013.uasset" 6302
"../../../Engine/Content/EngineMaterials/Substrate/GLints/dict_16_192_64_0p5_0p02_0004_0000.uasset" 6303
"../../../Engine/Content/EngineMaterials/Substrate/GLints/dict_16_192_64_0p5_0p02_0003_0009.uasset" 6304
"../../../Engine/Content/EngineMaterials/Substrate/GLints/dict_16_192_64_0p5_0p02_0003_0006.uasset" 6305
"../../../Engine/Content/EngineMaterials/Substrate/GLints/dict_16_192_64_0p5_0p02_0003_0012.uasset" 6306
"../../../Engine/Content/EngineMaterials/Substrate/GLints/dict_16_192_64_0p5_0p02_0003_0011.uasset" 6307
"../../../Engine/Content/EngineMaterials/Substrate/GLints/dict_16_192_64_0p5_0p02_0003_0010.uasset" 6308
"../../../Engine/Content/EngineMaterials/Substrate/GLints/dict_16_192_64_0p5_0p02_0003_0008.uasset" 6309
"../../../Engine/Content/EngineMaterials/Substrate/GLints/dict_16_192_64_0p5_0p02_0003_0004.uasset" 6310
"../../../Engine/Content/EngineMaterials/Substrate/GLints/dict_16_192_64_0p5_0p02_0003_0007.uasset" 6311
"../../../Engine/Content/EngineMaterials/Substrate/GLints/dict_16_192_64_0p5_0p02_0003_0005.uasset" 6312
"../../../Engine/Content/EngineMaterials/Substrate/GLints/dict_16_192_64_0p5_0p02_0003_0003.uasset" 6313
"../../../Engine/Content/EngineMaterials/Substrate/GLints/dict_16_192_64_0p5_0p02_0003_0001.uasset" 6314
"../../../Engine/Content/EngineMaterials/Substrate/GLints/dict_16_192_64_0p5_0p02_0003_0000.uasset" 6315
"../../../Engine/Content/EngineMaterials/Substrate/GLints/dict_16_192_64_0p5_0p02_0003_0002.uasset" 6316
"/Engine/EngineMaterials/Substrate/GLints/dict_16_192_64_0p5_0p02_0003_0001" 6317
"../../../Engine/Content/EngineMaterials/Substrate/GLints/dict_16_192_64_0p5_0p02_0002_0014.uasset" 6318
"/Engine/EngineMaterials/Substrate/GLints/dict_16_192_64_0p5_0p02_0003_0014" 6319
"../../../Engine/Content/EngineMaterials/Substrate/GLints/dict_16_192_64_0p5_0p02_0002_0013.uasset" 6320
"../../../Engine/Content/EngineMaterials/Substrate/GLints/dict_16_192_64_0p5_0p02_0002_0011.uasset" 6321
"../../../Engine/Content/EngineMaterials/Substrate/GLints/dict_16_192_64_0p5_0p02_0002_0012.uasset" 6322
"/Engine/EngineMaterials/Substrate/GLints/dict_16_192_64_0p5_0p02_0003_0002" 6323
"../../../Engine/Content/EngineMaterials/Substrate/GLints/dict_16_192_64_0p5_0p02_0002_0015.uasset" 6324
"../../../Engine/Content/EngineMaterials/Substrate/GLints/dict_16_192_64_0p5_0p02_0002_0009.uasset" 6325
"../../../Engine/Content/EngineMaterials/Substrate/GLints/dict_16_192_64_0p5_0p02_0002_0010.uasset" 6326
"/Engine/EngineMaterials/Substrate/GLints/dict_16_192_64_0p5_0p02_0003_0000" 6327
"../../../Engine/Content/EngineMaterials/Substrate/GLints/dict_16_192_64_0p5_0p02_0002_0008.uasset" 6328
"/Engine/EngineMaterials/Substrate/GLints/dict_16_192_64_0p5_0p02_0003_0003" 6329
"/Engine/EngineMaterials/Substrate/GLints/dict_16_192_64_0p5_0p02_0003_0004" 6330
"/Engine/EngineMaterials/Substrate/GLints/dict_16_192_64_0p5_0p02_0003_0005" 6331
"../../../Engine/Content/EngineMaterials/Substrate/GLints/dict_16_192_64_0p5_0p02_0002_0006.uasset" 6332
"../../../Engine/Content/EngineMaterials/Substrate/GLints/dict_16_192_64_0p5_0p02_0002_0004.uasset" 6333
"../../../Engine/Content/EngineMaterials/Substrate/GLints/dict_16_192_64_0p5_0p02_0002_0005.uasset" 6334
"/Engine/EngineMaterials/Substrate/GLints/dict_16_192_64_0p5_0p02_0003_0006" 6335
"/Engine/EngineMaterials/Substrate/GLints/dict_16_192_64_0p5_0p02_0003_0007" 6336
"/Engine/EngineMaterials/Substrate/GLints/dict_16_192_64_0p5_0p02_0003_0008" 6337
"../../../Engine/Content/EngineMaterials/Substrate/GLints/dict_16_192_64_0p5_0p02_0002_0000.uasset" 6338
"/Engine/EngineMaterials/Substrate/GLints/dict_16_192_64_0p5_0p02_0003_0009" 6339
"../../../Engine/Content/EngineMaterials/Substrate/GLints/dict_16_192_64_0p5_0p02_0002_0007.uasset" 6340
"../../../Engine/Content/EngineMaterials/Substrate/GLints/dict_16_192_64_0p5_0p02_0002_0002.uasset" 6341
"../../../Engine/Content/EngineMaterials/Substrate/GLints/dict_16_192_64_0p5_0p02_0002_0003.uasset" 6342
"/Engine/EngineMaterials/Substrate/GLints/dict_16_192_64_0p5_0p02_0003_0010" 6343
"/Engine/EngineMaterials/Substrate/GLints/dict_16_192_64_0p5_0p02_0003_0011" 6344
"/Engine/EngineMaterials/Substrate/GLints/dict_16_192_64_0p5_0p02_0003_0012" 6345
"../../../Engine/Content/EngineMaterials/Substrate/GLints/dict_16_192_64_0p5_0p02_0002_0001.uasset" 6346
"/Engine/EngineMaterials/Substrate/GLints/dict_16_192_64_0p5_0p02_0003_0013" 6347
"/Engine/EngineMaterials/Substrate/GLints/dict_16_192_64_0p5_0p02_0004_0000" 6348
"/Engine/EngineMaterials/Substrate/GLints/dict_16_192_64_0p5_0p02_0002_0000" 6349
"/Engine/EngineMaterials/Substrate/GLints/dict_16_192_64_0p5_0p02_0002_0003" 6350
"/Engine/EngineMaterials/Substrate/GLints/dict_16_192_64_0p5_0p02_0002_0007" 6351
"/Engine/EngineMaterials/Substrate/GLints/dict_16_192_64_0p5_0p02_0002_0008" 6352
"/Engine/EngineMaterials/Substrate/GLints/dict_16_192_64_0p5_0p02_0002_0004" 6353
"/Engine/EngineMaterials/Substrate/GLints/dict_16_192_64_0p5_0p02_0002_0005" 6354
"/Engine/EngineMaterials/Substrate/GLints/dict_16_192_64_0p5_0p02_0002_0009" 6355
"/Engine/EngineMaterials/Substrate/GLints/dict_16_192_64_0p5_0p02_0002_0006" 6356
"/Engine/EngineMaterials/Substrate/GLints/dict_16_192_64_0p5_0p02_0002_0010" 6357
"/Engine/EngineMaterials/Substrate/GLints/dict_16_192_64_0p5_0p02_0002_0011" 6358
"/Engine/EngineMaterials/Substrate/GLints/dict_16_192_64_0p5_0p02_0002_0012" 6359
"/Engine/EngineMaterials/Substrate/GLints/dict_16_192_64_0p5_0p02_0002_0013" 6360
"/Engine/EngineMaterials/Substrate/GLints/dict_16_192_64_0p5_0p02_0002_0014" 6361
"/Engine/EngineMaterials/Substrate/GLints/dict_16_192_64_0p5_0p02_0002_0015" 6362
"/Engine/EngineMaterials/Substrate/GLints/dict_16_192_64_0p5_0p02_0002_0001" 6363
"/Engine/EngineMaterials/Substrate/GLints/dict_16_192_64_0p5_0p02_0002_0002" 6364
"../../../Engine/Content/EngineMaterials/Substrate/GLints/dict_16_192_64_0p5_0p02_0001_0003.uasset" 6365
"../../../Engine/Content/EngineMaterials/Substrate/GLints/dict_16_192_64_0p5_0p02_0001_0008.uasset" 6366
"../../../Engine/Content/EngineMaterials/Substrate/GLints/dict_16_192_64_0p5_0p02_0001_0011.uasset" 6367
"../../../Engine/Content/EngineMaterials/Substrate/GLints/dict_16_192_64_0p5_0p02_0001_0009.uasset" 6368
"../../../Engine/Content/EngineMaterials/Substrate/GLints/dict_16_192_64_0p5_0p02_0001_0007.uasset" 6369
"../../../Engine/Content/EngineMaterials/Substrate/GLints/dict_16_192_64_0p5_0p02_0001_0006.uasset" 6370
"../../../Engine/Content/EngineMaterials/Substrate/GLints/dict_16_192_64_0p5_0p02_0001_0000.uasset" 6371
"../../../Engine/Content/EngineMaterials/Substrate/GLints/dict_16_192_64_0p5_0p02_0001_0013.uasset" 6372
"../../../Engine/Content/EngineMaterials/Substrate/GLints/dict_16_192_64_0p5_0p02_0001_0015.uasset" 6373
"../../../Engine/Content/EngineMaterials/Substrate/GLints/dict_16_192_64_0p5_0p02_0001_0002.uasset" 6374
"../../../Engine/Content/EngineMaterials/Substrate/GLints/dict_16_192_64_0p5_0p02_0001_0005.uasset" 6375
"../../../Engine/Content/EngineMaterials/Substrate/GLints/dict_16_192_64_0p5_0p02_0001_0014.uasset" 6376
"../../../Engine/Content/EngineMaterials/Substrate/GLints/dict_16_192_64_0p5_0p02_0001_0010.uasset" 6377
"../../../Engine/Content/EngineMaterials/Substrate/GLints/dict_16_192_64_0p5_0p02_0001_0001.uasset" 6378
"../../../Engine/Content/EngineMaterials/Substrate/GLints/dict_16_192_64_0p5_0p02_0001_0004.uasset" 6379
"../../../Engine/Content/EngineMaterials/Substrate/GLints/dict_16_192_64_0p5_0p02_0001_0012.uasset" 6380
"../../../Engine/Content/EngineMaterials/Substrate/GLints/dict_16_192_64_0p5_0p02_0000_0014.uasset" 6381
"/Engine/EngineMaterials/Substrate/GLints/dict_16_192_64_0p5_0p02_0001_0000" 6382
"/Engine/EngineMaterials/Substrate/GLints/dict_16_192_64_0p5_0p02_0001_0001" 6383
"/Engine/EngineMaterials/Substrate/GLints/dict_16_192_64_0p5_0p02_0001_0002" 6384
"/Engine/EngineMaterials/Substrate/GLints/dict_16_192_64_0p5_0p02_0001_0003" 6385
"/Engine/EngineMaterials/Substrate/GLints/dict_16_192_64_0p5_0p02_0001_0004" 6386
"../../../Engine/Content/EngineMaterials/Substrate/GLints/dict_16_192_64_0p5_0p02_0000_0013.uasset" 6387
"/Engine/EngineMaterials/Substrate/GLints/dict_16_192_64_0p5_0p02_0001_0005" 6388
"../../../Engine/Content/EngineMaterials/Substrate/GLints/dict_16_192_64_0p5_0p02_0000_0006.uasset" 6389
"../../../Engine/Content/EngineMaterials/Substrate/GLints/dict_16_192_64_0p5_0p02_0000_0015.uasset" 6390
"../../../Engine/Content/EngineMaterials/Substrate/GLints/dict_16_192_64_0p5_0p02_0000_0010.uasset" 6391
"/Engine/EngineMaterials/Substrate/GLints/dict_16_192_64_0p5_0p02_0001_0006" 6392
"../../../Engine/Content/EngineMaterials/Substrate/GLints/dict_16_192_64_0p5_0p02_0000_0009.uasset" 6393
"/Engine/EngineMaterials/Substrate/GLints/dict_16_192_64_0p5_0p02_0001_0007" 6394
"../../../Engine/Content/EngineMaterials/Substrate/GLints/dict_16_192_64_0p5_0p02_0000_0008.uasset" 6395
"/Engine/EngineMaterials/Substrate/GLints/dict_16_192_64_0p5_0p02_0001_0008" 6396
"/Engine/EngineMaterials/Substrate/GLints/dict_16_192_64_0p5_0p02_0001_0009" 6397
"../../../Engine/Content/EngineMaterials/Substrate/GLints/dict_16_192_64_0p5_0p02_0000_0012.uasset" 6398
"/Engine/EngineMaterials/Substrate/GLints/dict_16_192_64_0p5_0p02_0001_0010" 6399
"../../../Engine/Content/EngineMaterials/Substrate/GLints/dict_16_192_64_0p5_0p02_0000_0011.uasset" 6400
"/Engine/EngineMaterials/Substrate/GLints/dict_16_192_64_0p5_0p02_0001_0011" 6401
"../../../Engine/Content/EngineMaterials/Substrate/GLints/dict_16_192_64_0p5_0p02_0000_0000.uasset" 6402
"../../../Engine/Content/EngineMaterials/Substrate/GLints/dict_16_192_64_0p5_0p02_0000_0005.uasset" 6403
"../../../Engine/Content/EngineMaterials/Substrate/GLints/dict_16_192_64_0p5_0p02_0000_0007.uasset" 6404
"../../../Engine/Content/EngineMaterials/Substrate/GLints/dict_16_192_64_0p5_0p02_0000_0001.uasset" 6405
"/Engine/EngineMaterials/Substrate/GLints/dict_16_192_64_0p5_0p02_0001_0012" 6406
"../../../Engine/Content/EngineMaterials/Substrate/GLints/dict_16_192_64_0p5_0p02_0000_0004.uasset" 6407
"/Engine/EngineMaterials/Substrate/GLints/dict_16_192_64_0p5_0p02_0001_0013" 6408
"/Engine/EngineMaterials/Substrate/GLints/dict_16_192_64_0p5_0p02_0000_0014" 6409
"/Engine/EngineMaterials/Substrate/GLints/dict_16_192_64_0p5_0p02_0001_0015" 6410
"/Engine/EngineMaterials/Substrate/GLints/dict_16_192_64_0p5_0p02_0000_0000" 6411
"/Engine/EngineMaterials/Substrate/GLints/dict_16_192_64_0p5_0p02_0000_0001" 6412
"/Engine/EngineMaterials/Substrate/GLints/dict_16_192_64_0p5_0p02_0000_0004" 6413
"/Engine/EngineMaterials/Substrate/GLints/dict_16_192_64_0p5_0p02_0000_0005" 6414
"/Engine/EngineMaterials/Substrate/GLints/dict_16_192_64_0p5_0p02_0000_0006" 6415
"/Engine/EngineMaterials/Substrate/GLints/dict_16_192_64_0p5_0p02_0000_0007" 6416
"/Engine/EngineMaterials/Substrate/GLints/dict_16_192_64_0p5_0p02_0000_0008" 6417
"/Engine/EngineMaterials/Substrate/GLints/dict_16_192_64_0p5_0p02_0000_0009" 6418
"/Engine/EngineMaterials/Substrate/GLints/dict_16_192_64_0p5_0p02_0000_0010" 6419
"../../../Engine/Content/EngineMaterials/Substrate/GLints/dict_16_192_64_0p5_0p02_0000_0002.uasset" 6420
"/Engine/EngineMaterials/Substrate/GLints/dict_16_192_64_0p5_0p02_0000_0011" 6421
"/Engine/EngineMaterials/Substrate/GLints/dict_16_192_64_0p5_0p02_0000_0012" 6422
"/Engine/EngineMaterials/Substrate/GLints/dict_16_192_64_0p5_0p02_0000_0013" 6423
"/Engine/EngineMaterials/Substrate/GLints/dict_16_192_64_0p5_0p02_0000_0015" 6424
"/Engine/EngineMaterials/Substrate/GLints/dict_16_192_64_0p5_0p02_0000_0002" 6425
"../../../Engine/Content/EngineMaterials/Substrate/GLints/dict_16_192_64_0p5_0p02_0000_0003.uasset" 6426
"../../../Engine/Content/EngineMaterials/Substrate/Glints2/dict_0007_0249.uasset" 6427
"../../../Engine/Content/EngineMaterials/Substrate/Glints2/dict_0007_0255.uasset" 6428
"../../../Engine/Content/EngineMaterials/Substrate/Glints2/dict_0007_0244.uasset" 6429
"../../../Engine/Content/EngineMaterials/Substrate/Glints2/dict_0007_0248.uasset" 6430
"../../../Engine/Content/EngineMaterials/Substrate/Glints2/dict_0007_0243.uasset" 6431
"../../../Engine/Content/EngineMaterials/Substrate/Glints2/dict_0007_0251.uasset" 6432
"../../../Engine/Content/EngineMaterials/Substrate/Glints2/dict_0007_0250.uasset" 6433
"../../../Engine/Content/EngineMaterials/Substrate/Glints2/dict_0007_0254.uasset" 6434
"../../../Engine/Content/EngineMaterials/Substrate/Glints2/dict_0007_0253.uasset" 6435
"../../../Engine/Content/EngineMaterials/Substrate/Glints2/dict_0007_0247.uasset" 6436
"../../../Engine/Content/EngineMaterials/Substrate/Glints2/dict_0007_0242.uasset" 6437
"../../../Engine/Content/EngineMaterials/Substrate/Glints2/dict_0007_0246.uasset" 6438
"../../../Engine/Content/EngineMaterials/Substrate/Glints2/dict_0007_0245.uasset" 6439
"../../../Engine/Content/EngineMaterials/Substrate/Glints2/dict_0007_0252.uasset" 6440
"../../../Engine/Content/EngineMaterials/Substrate/GLints/AGlintTex2dArray.uasset" 6441
"/Engine/EngineMaterials/Substrate/Glints2/dict_0007_0242" 6442
"../../../Engine/Content/EngineMaterials/Substrate/Glints2/dict_0007_0241.uasset" 6443
"/Engine/EngineMaterials/Substrate/GLints/dict_16_192_64_0p5_0p02_0000_0003" 6444
"/Engine/EngineMaterials/Substrate/Glints2/dict_0007_0243" 6445
"/Engine/EngineMaterials/Substrate/Glints2/dict_0007_0244" 6446
"/Engine/EngineMaterials/Substrate/Glints2/dict_0007_0245" 6447
"../../../Engine/Content/EngineMaterials/Substrate/Glints2/dict_0007_0238.uasset" 6448
"/Engine/EngineMaterials/Substrate/Glints2/dict_0007_0246" 6449
"../../../Engine/Content/EngineMaterials/Substrate/Glints2/dict_0007_0234.uasset" 6450
"/Engine/EngineMaterials/Substrate/Glints2/dict_0007_0247" 6451
"../../../Engine/Content/EngineMaterials/Substrate/Glints2/dict_0007_0235.uasset" 6452
"../../../Engine/Content/EngineMaterials/Substrate/Glints2/dict_0007_0237.uasset" 6453
"../../../Engine/Content/EngineMaterials/Substrate/Glints2/dict_0007_0239.uasset" 6454
"/Engine/EngineMaterials/Substrate/Glints2/dict_0007_0248" 6455
"../../../Engine/Content/EngineMaterials/Substrate/Glints2/dict_0007_0236.uasset" 6456
"/Engine/EngineMaterials/Substrate/Glints2/dict_0007_0249" 6457
"/Engine/EngineMaterials/Substrate/Glints2/dict_0007_0250" 6458
"/Engine/EngineMaterials/Substrate/Glints2/dict_0007_0251" 6459
"/Engine/EngineMaterials/Substrate/Glints2/dict_0007_0252" 6460
"/Engine/EngineMaterials/Substrate/Glints2/dict_0007_0253" 6461
"/Engine/EngineMaterials/Substrate/Glints2/dict_0007_0254" 6462
"/Engine/EngineMaterials/Substrate/Glints2/dict_0007_0255" 6463
"../../../Engine/Content/EngineMaterials/Substrate/Glints2/dict_0007_0231.uasset" 6464
"../../../Engine/Content/EngineMaterials/Substrate/Glints2/dict_0007_0230.uasset" 6465
"../../../Engine/Content/EngineMaterials/Substrate/Glints2/dict_0007_0233.uasset" 6466
"../../../Engine/Content/EngineMaterials/Substrate/Glints2/dict_0007_0232.uasset" 6467
"../../../Engine/Content/EngineMaterials/Substrate/Glints2/dict_0007_0240.uasset" 6468
"/Engine/EngineMaterials/Substrate/Glints2/dict_0007_0241" 6469
"/Engine/EngineMaterials/Substrate/Glints2/dict_0007_0230" 6470
"/Engine/EngineMaterials/Substrate/Glints2/dict_0007_0231" 6471
"/Engine/EngineMaterials/Substrate/Glints2/dict_0007_0233" 6472
"/Engine/EngineMaterials/Substrate/Glints2/dict_0007_0234" 6473
"/Engine/EngineMaterials/Substrate/Glints2/dict_0007_0235" 6474
"/Engine/EngineMaterials/Substrate/Glints2/dict_0007_0236" 6475
"/Engine/EngineMaterials/Substrate/Glints2/dict_0007_0237" 6476
"/Engine/EngineMaterials/Substrate/Glints2/dict_0007_0238" 6477
"/Engine/EngineMaterials/Substrate/Glints2/dict_0007_0239" 6478
"../../../Engine/Content/EngineMaterials/Substrate/Glints2/dict_0007_0229.uasset" 6479
"../../../Engine/Content/EngineMaterials/Substrate/Glints2/dict_0007_0227.uasset" 6480
"../../../Engine/Content/EngineMaterials/Substrate/Glints2/dict_0007_0228.uasset" 6481
"/Engine/EngineMaterials/Substrate/Glints2/dict_0007_0228" 6482
"/Engine/EngineMaterials/Substrate/Glints2/dict_0007_0229" 6483
"/Engine/EngineMaterials/Substrate/Glints2/dict_0007_0227" 6484
"/Engine/EngineMaterials/Substrate/Glints2/dict_0007_0232" 6485
"/Engine/EngineMaterials/Substrate/GLints/dict_16_192_64_0p5_0p02_0001_0014" 6486
"/Engine/EngineMaterials/Substrate/GLints/AGlintTex2dArray" 6487
"../../../Engine/Content/EngineMaterials/Substrate/Glints2/dict_0007_0220.uasset" 6488
"../../../Engine/Content/EngineMaterials/Substrate/Glints2/dict_0007_0222.uasset" 6489
"../../../Engine/Content/EngineMaterials/Substrate/Glints2/dict_0007_0226.uasset" 6490
"../../../Engine/Content/EngineMaterials/Substrate/Glints2/dict_0007_0221.uasset" 6491
"../../../Engine/Content/EngineMaterials/Substrate/Glints2/dict_0007_0223.uasset" 6492
"../../../Engine/Content/EngineMaterials/Substrate/Glints2/dict_0007_0224.uasset" 6493
"../../../Engine/Content/EngineMaterials/Substrate/Glints2/dict_0007_0225.uasset" 6494
"../../../Engine/Content/EngineMaterials/Substrate/Glints2/dict_0007_0218.uasset" 6495
"../../../Engine/Content/EngineMaterials/Substrate/Glints2/dict_0007_0215.uasset" 6496
"../../../Engine/Content/EngineMaterials/Substrate/Glints2/dict_0007_0214.uasset" 6497
"../../../Engine/Content/EngineMaterials/Substrate/Glints2/dict_0007_0217.uasset" 6498
"../../../Engine/Content/EngineMaterials/Substrate/Glints2/dict_0007_0216.uasset" 6499
"/Engine/EngineMaterials/Substrate/Glints2/dict_0007_0240" 6500
"../../../Engine/Content/EngineMaterials/Substrate/Glints2/dict_0007_0209.uasset" 6501
"../../../Engine/Content/EngineMaterials/Substrate/Glints2/dict_0007_0208.uasset" 6502
"/Engine/EngineMaterials/Substrate/Glints2/dict_0007_0214" 6503
"../../../Engine/Content/EngineMaterials/Substrate/Glints2/dict_0007_0211.uasset" 6504
"../../../Engine/Content/EngineMaterials/Substrate/Glints2/dict_0007_0210.uasset" 6505
"../../../Engine/Content/EngineMaterials/Substrate/Glints2/dict_0007_0212.uasset" 6506
"../../../Engine/Content/EngineMaterials/Substrate/Glints2/dict_0007_0213.uasset" 6507
"/Engine/EngineMaterials/Substrate/Glints2/dict_0007_0215" 6508
"/Engine/EngineMaterials/Substrate/Glints2/dict_0007_0216" 6509
"/Engine/EngineMaterials/Substrate/Glints2/dict_0007_0217" 6510
"/Engine/EngineMaterials/Substrate/Glints2/dict_0007_0218" 6511
"../../../Engine/Content/EngineMaterials/Substrate/Glints2/dict_0007_0207.uasset" 6512
"/Engine/EngineMaterials/Substrate/Glints2/dict_0007_0220" 6513
"/Engine/EngineMaterials/Substrate/Glints2/dict_0007_0221" 6514
"/Engine/EngineMaterials/Substrate/Glints2/dict_0007_0222" 6515
"/Engine/EngineMaterials/Substrate/Glints2/dict_0007_0223" 6516
"../../../Engine/Content/EngineMaterials/Substrate/Glints2/dict_0007_0206.uasset" 6517
"/Engine/EngineMaterials/Substrate/Glints2/dict_0007_0224" 6518
"../../../Engine/Content/EngineMaterials/Substrate/Glints2/dict_0007_0205.uasset" 6519
"/Engine/EngineMaterials/Substrate/Glints2/dict_0007_0225" 6520
"../../../Engine/Content/EngineMaterials/Substrate/Glints2/dict_0007_0204.uasset" 6521
"/Engine/EngineMaterials/Substrate/Glints2/dict_0007_0226" 6522
"../../../Engine/Content/EngineMaterials/Substrate/Glints2/dict_0007_0202.uasset" 6523
"/Engine/EngineMaterials/Substrate/Glints2/dict_0007_0202" 6524
"../../../Engine/Content/EngineMaterials/Substrate/Glints2/dict_0007_0203.uasset" 6525
"/Engine/EngineMaterials/Substrate/Glints2/dict_0007_0212" 6526
"/Engine/EngineMaterials/Substrate/Glints2/dict_0007_0213" 6527
"/Engine/EngineMaterials/Substrate/Glints2/dict_0007_0204" 6528
"/Engine/EngineMaterials/Substrate/Glints2/dict_0007_0205" 6529
"../../../Engine/Content/EngineMaterials/Substrate/Glints2/dict_0007_0197.uasset" 6530
"/Engine/EngineMaterials/Substrate/Glints2/dict_0007_0206" 6531
"/Engine/EngineMaterials/Substrate/Glints2/dict_0007_0207" 6532
"../../../Engine/Content/EngineMaterials/Substrate/Glints2/dict_0007_0201.uasset" 6533
"/Engine/EngineMaterials/Substrate/Glints2/dict_0007_0208" 6534
"../../../Engine/Content/EngineMaterials/Substrate/Glints2/dict_0007_0200.uasset" 6535
"../../../Engine/Content/EngineMaterials/Substrate/Glints2/dict_0007_0196.uasset" 6536
"/Engine/EngineMaterials/Substrate/Glints2/dict_0007_0209" 6537
"../../../Engine/Content/EngineMaterials/Substrate/Glints2/dict_0007_0195.uasset" 6538
"../../../Engine/Content/EngineMaterials/Substrate/Glints2/dict_0007_0199.uasset" 6539
"../../../Engine/Content/EngineMaterials/Substrate/Glints2/dict_0007_0198.uasset" 6540
"/Engine/EngineMaterials/Substrate/Glints2/dict_0007_0210" 6541
"/Engine/EngineMaterials/Substrate/Glints2/dict_0007_0211" 6542
"/Engine/EngineMaterials/Substrate/Glints2/dict_0007_0195" 6543
"/Engine/EngineMaterials/Substrate/Glints2/dict_0007_0196" 6544
"/Engine/EngineMaterials/Substrate/Glints2/dict_0007_0197" 6545
"../../../Engine/Content/EngineMaterials/Substrate/Glints2/dict_0007_0190.uasset" 6546
"../../../Engine/Content/EngineMaterials/Substrate/Glints2/dict_0007_0194.uasset" 6547
"/Engine/EngineMaterials/Substrate/Glints2/dict_0007_0203" 6548
"../../../Engine/Content/EngineMaterials/Substrate/Glints2/dict_0007_0191.uasset" 6549
"../../../Engine/Content/EngineMaterials/Substrate/Glints2/dict_0007_0192.uasset" 6550
"../../../Engine/Content/EngineMaterials/Substrate/Glints2/dict_0007_0193.uasset" 6551
"/Engine/EngineMaterials/Substrate/Glints2/dict_0007_0198" 6552
"/Engine/EngineMaterials/Substrate/Glints2/dict_0007_0199" 6553
"/Engine/EngineMaterials/Substrate/Glints2/dict_0007_0200" 6554
"/Engine/EngineMaterials/Substrate/Glints2/dict_0007_0201" 6555
"../../../Engine/Content/EngineMaterials/Substrate/Glints2/dict_0007_0189.uasset" 6556
"/Engine/EngineMaterials/Substrate/Glints2/dict_0007_0190" 6557
"/Engine/EngineMaterials/Substrate/Glints2/dict_0007_0191" 6558
"/Engine/EngineMaterials/Substrate/Glints2/dict_0007_0192" 6559
"/Engine/EngineMaterials/Substrate/Glints2/dict_0007_0193" 6560
"../../../Engine/Content/EngineMaterials/Substrate/Glints2/dict_0007_0187.uasset" 6561
"../../../Engine/Content/EngineMaterials/Substrate/Glints2/dict_0007_0185.uasset" 6562
"/Engine/EngineMaterials/Substrate/Glints2/dict_0007_0194" 6563
"/Engine/EngineMaterials/Substrate/Glints2/dict_0007_0185" 6564
"../../../Engine/Content/EngineMaterials/Substrate/Glints2/dict_0007_0183.uasset" 6565
"../../../Engine/Content/EngineMaterials/Substrate/Glints2/dict_0007_0186.uasset" 6566
"../../../Engine/Content/EngineMaterials/Substrate/Glints2/dict_0007_0188.uasset" 6567
"../../../Engine/Content/EngineMaterials/Substrate/Glints2/dict_0007_0176.uasset" 6568
"/Engine/EngineMaterials/Substrate/Glints2/dict_0007_0187" 6569
"../../../Engine/Content/EngineMaterials/Substrate/Glints2/dict_0007_0179.uasset" 6570
"../../../Engine/Content/EngineMaterials/Substrate/Glints2/dict_0007_0184.uasset" 6571
"/Engine/EngineMaterials/Substrate/Glints2/dict_0007_0189" 6572
"../../../Engine/Content/EngineMaterials/Substrate/Glints2/dict_0007_0181.uasset" 6573
"/Engine/EngineMaterials/Substrate/Glints2/dict_0007_0176" 6574
"/Engine/EngineMaterials/Substrate/Glints2/dict_0007_0179" 6575
"../../../Engine/Content/EngineMaterials/Substrate/Glints2/dict_0007_0178.uasset" 6576
"../../../Engine/Content/EngineMaterials/Substrate/Glints2/dict_0007_0177.uasset" 6577
"/Engine/EngineMaterials/Substrate/Glints2/dict_0007_0181" 6578
"/Engine/EngineMaterials/Substrate/Glints2/dict_0007_0183" 6579
"/Engine/EngineMaterials/Substrate/Glints2/dict_0007_0184" 6580
"/Engine/EngineMaterials/Substrate/Glints2/dict_0007_0186" 6581
"/Engine/EngineMaterials/Substrate/Glints2/dict_0007_0188" 6582
"../../../Engine/Content/EngineMaterials/Substrate/Glints2/dict_0007_0180.uasset" 6583
"/Engine/EngineMaterials/Substrate/Glints2/dict_0007_0177" 6584
"../../../Engine/Content/EngineMaterials/Substrate/Glints2/dict_0007_0174.uasset" 6585
"../../../Engine/Content/EngineMaterials/Substrate/Glints2/dict_0007_0182.uasset" 6586
"/Engine/EngineMaterials/Substrate/Glints2/dict_0007_0178" 6587
"/Engine/EngineMaterials/Substrate/Glints2/dict_0007_0174" 6588
"/Engine/EngineMaterials/Substrate/Glints2/dict_0007_0180" 6589
"/Engine/EngineMaterials/Substrate/Glints2/dict_0007_0182" 6590
"../../../Engine/Content/EngineMaterials/Substrate/Glints2/dict_0007_0169.uasset" 6591
"../../../Engine/Content/EngineMaterials/Substrate/Glints2/dict_0007_0173.uasset" 6592
"../../../Engine/Content/EngineMaterials/Substrate/Glints2/dict_0007_0167.uasset" 6593
"../../../Engine/Content/EngineMaterials/Substrate/Glints2/dict_0007_0175.uasset" 6594
"../../../Engine/Content/EngineMaterials/Substrate/Glints2/dict_0007_0168.uasset" 6595
"../../../Engine/Content/EngineMaterials/Substrate/Glints2/dict_0007_0166.uasset" 6596
"../../../Engine/Content/EngineMaterials/Substrate/Glints2/dict_0007_0163.uasset" 6597
"../../../Engine/Content/EngineMaterials/Substrate/Glints2/dict_0007_0162.uasset" 6598
"../../../Engine/Content/EngineMaterials/Substrate/Glints2/dict_0007_0161.uasset" 6599
"../../../Engine/Content/EngineMaterials/Substrate/Glints2/dict_0007_0171.uasset" 6600
"../../../Engine/Content/EngineMaterials/Substrate/Glints2/dict_0007_0170.uasset" 6601
"../../../Engine/Content/EngineMaterials/Substrate/Glints2/dict_0007_0164.uasset" 6602
"../../../Engine/Content/EngineMaterials/Substrate/Glints2/dict_0007_0172.uasset" 6603
"../../../Engine/Content/EngineMaterials/Substrate/Glints2/dict_0007_0165.uasset" 6604
"../../../Engine/Content/EngineMaterials/Substrate/Glints2/dict_0007_0157.uasset" 6605
"../../../Engine/Content/EngineMaterials/Substrate/Glints2/dict_0007_0158.uasset" 6606
"../../../Engine/Content/EngineMaterials/Substrate/Glints2/dict_0007_0156.uasset" 6607
"../../../Engine/Content/EngineMaterials/Substrate/Glints2/dict_0007_0153.uasset" 6608
"../../../Engine/Content/EngineMaterials/Substrate/Glints2/dict_0007_0160.uasset" 6609
"../../../Engine/Content/EngineMaterials/Substrate/Glints2/dict_0007_0155.uasset" 6610
"../../../Engine/Content/EngineMaterials/Substrate/Glints2/dict_0007_0159.uasset" 6611
"../../../Engine/Content/EngineMaterials/Substrate/Glints2/dict_0007_0150.uasset" 6612
"../../../Engine/Content/EngineMaterials/Substrate/Glints2/dict_0007_0149.uasset" 6613
"../../../Engine/Content/EngineMaterials/Substrate/Glints2/dict_0007_0154.uasset" 6614
"../../../Engine/Content/EngineMaterials/Substrate/Glints2/dict_0007_0152.uasset" 6615
"../../../Engine/Content/EngineMaterials/Substrate/Glints2/dict_0007_0151.uasset" 6616
"../../../Engine/Content/EngineMaterials/Substrate/Glints2/dict_0007_0148.uasset" 6617
"../../../Engine/Content/EngineMaterials/Substrate/Glints2/dict_0007_0146.uasset" 6618
"../../../Engine/Content/EngineMaterials/Substrate/Glints2/dict_0007_0144.uasset" 6619
"../../../Engine/Content/EngineMaterials/Substrate/Glints2/dict_0007_0147.uasset" 6620
"../../../Engine/Content/EngineMaterials/Substrate/Glints2/dict_0007_0145.uasset" 6621
"../../../Engine/Content/EngineMaterials/Substrate/Glints2/dict_0007_0219.uasset" 6622
"/Engine/EngineMaterials/Substrate/Glints2/dict_0007_0164" 6623
"/Engine/EngineMaterials/Substrate/Glints2/dict_0007_0165" 6624
"/Engine/EngineMaterials/Substrate/Glints2/dict_0007_0172" 6625
"/Engine/EngineMaterials/Substrate/Glints2/dict_0007_0173" 6626
"/Engine/EngineMaterials/Substrate/Glints2/dict_0007_0166" 6627
"/Engine/EngineMaterials/Substrate/Glints2/dict_0007_0144" 6628
"/Engine/EngineMaterials/Substrate/Glints2/dict_0007_0167" 6629
"/Engine/EngineMaterials/Substrate/Glints2/dict_0007_0175" 6630
"/Engine/EngineMaterials/Substrate/Glints2/dict_0007_0168" 6631
"/Engine/EngineMaterials/Substrate/Glints2/dict_0007_0149" 6632
"/Engine/EngineMaterials/Substrate/Glints2/dict_0007_0147" 6633
"/Engine/EngineMaterials/Substrate/Glints2/dict_0007_0148" 6634
"/Engine/EngineMaterials/Substrate/Glints2/dict_0007_0150" 6635
"/Engine/EngineMaterials/Substrate/Glints2/dict_0007_0145" 6636
"/Engine/EngineMaterials/Substrate/Glints2/dict_0007_0151" 6637
"/Engine/EngineMaterials/Substrate/Glints2/dict_0007_0146" 6638
"/Engine/EngineMaterials/Substrate/Glints2/dict_0007_0152" 6639
"/Engine/EngineMaterials/Substrate/Glints2/dict_0007_0153" 6640
"/Engine/EngineMaterials/Substrate/Glints2/dict_0007_0156" 6641
"/Engine/EngineMaterials/Substrate/Glints2/dict_0007_0154" 6642
"/Engine/EngineMaterials/Substrate/Glints2/dict_0007_0157" 6643
"/Engine/EngineMaterials/Substrate/Glints2/dict_0007_0219" 6644
"/Engine/EngineMaterials/Substrate/Glints2/dict_0007_0155" 6645
"/Engine/EngineMaterials/Substrate/Glints2/dict_0007_0158" 6646
"/Engine/EngineMaterials/Substrate/Glints2/dict_0007_0159" 6647
"/Engine/EngineMaterials/Substrate/Glints2/dict_0007_0160" 6648
"/Engine/EngineMaterials/Substrate/Glints2/dict_0007_0161" 6649
"/Engine/EngineMaterials/Substrate/Glints2/dict_0007_0162" 6650
"/Engine/EngineMaterials/Substrate/Glints2/dict_0007_0169" 6651
"/Engine/EngineMaterials/Substrate/Glints2/dict_0007_0163" 6652
"/Engine/EngineMaterials/Substrate/Glints2/dict_0007_0170" 6653
"/Engine/EngineMaterials/Substrate/Glints2/dict_0007_0171" 6654
"../../../Engine/Content/EngineMaterials/Substrate/Glints2/dict_0007_0116.uasset" 6655
"../../../Engine/Content/EngineMaterials/Substrate/Glints2/dict_0007_0136.uasset" 6656
"../../../Engine/Content/EngineMaterials/Substrate/Glints2/dict_0007_0138.uasset" 6657
"../../../Engine/Content/EngineMaterials/Substrate/Glints2/dict_0007_0127.uasset" 6658
"../../../Engine/Content/EngineMaterials/Substrate/Glints2/dict_0007_0126.uasset" 6659
"../../../Engine/Content/EngineMaterials/Substrate/Glints2/dict_0007_0121.uasset" 6660
"/Engine/EngineMaterials/Substrate/Glints2/dict_0007_0116" 6661
"../../../Engine/Content/EngineMaterials/Substrate/Glints2/dict_0007_0139.uasset" 6662
"/Engine/EngineMaterials/Substrate/Glints2/dict_0007_0121" 6663
"/Engine/EngineMaterials/Substrate/Glints2/dict_0007_0126" 6664
"/Engine/EngineMaterials/Substrate/Glints2/dict_0007_0127" 6665
"../../../Engine/Content/EngineMaterials/Substrate/Glints2/dict_0007_0137.uasset" 6666
"../../../Engine/Content/EngineMaterials/Substrate/Glints2/dict_0007_0131.uasset" 6667
"/Engine/EngineMaterials/Substrate/Glints2/dict_0007_0136" 6668
"/Engine/EngineMaterials/Substrate/Glints2/dict_0007_0138" 6669
"../../../Engine/Content/EngineMaterials/Substrate/Glints2/dict_0007_0129.uasset" 6670
"/Engine/EngineMaterials/Substrate/Glints2/dict_0007_0129" 6671
"/Engine/EngineMaterials/Substrate/Glints2/dict_0007_0131" 6672
"../../../Engine/Content/EngineMaterials/Substrate/Glints2/dict_0007_0130.uasset" 6673
"/Engine/EngineMaterials/Substrate/Glints2/dict_0007_0137" 6674
"/Engine/EngineMaterials/Substrate/Glints2/dict_0007_0139" 6675
"../../../Engine/Content/EngineMaterials/Substrate/Glints2/dict_0007_0128.uasset" 6676
"../../../Engine/Content/EngineMaterials/Substrate/Glints2/dict_0007_0142.uasset" 6677
"/Engine/EngineMaterials/Substrate/Glints2/dict_0007_0128" 6678
"../../../Engine/Content/EngineMaterials/Substrate/Glints2/dict_0007_0115.uasset" 6679
"../../../Engine/Content/EngineMaterials/Substrate/Glints2/dict_0007_0134.uasset" 6680
"/Engine/EngineMaterials/Substrate/Glints2/dict_0007_0130" 6681
"/Engine/EngineMaterials/Substrate/Glints2/dict_0007_0142" 6682
"../../../Engine/Content/EngineMaterials/Substrate/Glints2/dict_0007_0133.uasset" 6683
"../../../Engine/Content/EngineMaterials/Substrate/Glints2/dict_0007_0120.uasset" 6684
"../../../Engine/Content/EngineMaterials/Substrate/Glints2/dict_0007_0143.uasset" 6685
"/Engine/EngineMaterials/Substrate/Glints2/dict_0007_0115" 6686
"../../../Engine/Content/EngineMaterials/Substrate/Glints2/dict_0007_0132.uasset" 6687
"/Engine/EngineMaterials/Substrate/Glints2/dict_0007_0133" 6688
"/Engine/EngineMaterials/Substrate/Glints2/dict_0007_0134" 6689
"../../../Engine/Content/EngineMaterials/Substrate/Glints2/dict_0007_0123.uasset" 6690
"/Engine/EngineMaterials/Substrate/Glints2/dict_0007_0120" 6691
"../../../Engine/Content/EngineMaterials/Substrate/Glints2/dict_0007_0113.uasset" 6692
"../../../Engine/Content/EngineMaterials/Substrate/Glints2/dict_0007_0114.uasset" 6693
"../../../Engine/Content/EngineMaterials/Substrate/Glints2/dict_0007_0125.uasset" 6694
"../../../Engine/Content/EngineMaterials/Substrate/Glints2/dict_0007_0141.uasset" 6695
"../../../Engine/Content/EngineMaterials/Substrate/Glints2/dict_0007_0140.uasset" 6696
"/Engine/EngineMaterials/Substrate/Glints2/dict_0007_0123" 6697
"../../../Engine/Content/EngineMaterials/Substrate/Glints2/dict_0007_0135.uasset" 6698
"/Engine/EngineMaterials/Substrate/Glints2/dict_0007_0132" 6699
"../../../Engine/Content/EngineMaterials/Substrate/Glints2/dict_0007_0117.uasset" 6700
"/Engine/EngineMaterials/Substrate/Glints2/dict_0007_0143" 6701
"/Engine/EngineMaterials/Substrate/Glints2/dict_0007_0113" 6702
"/Engine/EngineMaterials/Substrate/Glints2/dict_0007_0114" 6703
"/Engine/EngineMaterials/Substrate/Glints2/dict_0007_0117" 6704
"/Engine/EngineMaterials/Substrate/Glints2/dict_0007_0125" 6705
"/Engine/EngineMaterials/Substrate/Glints2/dict_0007_0135" 6706
"/Engine/EngineMaterials/Substrate/Glints2/dict_0007_0140" 6707
"/Engine/EngineMaterials/Substrate/Glints2/dict_0007_0141" 6708
"../../../Engine/Content/EngineMaterials/Substrate/Glints2/dict_0007_0112.uasset" 6709
"../../../Engine/Content/EngineMaterials/Substrate/Glints2/dict_0007_0111.uasset" 6710
"../../../Engine/Content/EngineMaterials/Substrate/Glints2/dict_0007_0109.uasset" 6711
"../../../Engine/Content/EngineMaterials/Substrate/Glints2/dict_0007_0108.uasset" 6712
"../../../Engine/Content/EngineMaterials/Substrate/Glints2/dict_0007_0106.uasset" 6713
"../../../Engine/Content/EngineMaterials/Substrate/Glints2/dict_0007_0107.uasset" 6714
"../../../Engine/Content/EngineMaterials/Substrate/Glints2/dict_0007_0103.uasset" 6715
"../../../Engine/Content/EngineMaterials/Substrate/Glints2/dict_0007_0093.uasset" 6716
"../../../Engine/Content/EngineMaterials/Substrate/Glints2/dict_0007_0101.uasset" 6717
"../../../Engine/Content/EngineMaterials/Substrate/Glints2/dict_0007_0096.uasset" 6718
"../../../Engine/Content/EngineMaterials/Substrate/Glints2/dict_0007_0124.uasset" 6719
"../../../Engine/Content/EngineMaterials/Substrate/Glints2/dict_0007_0110.uasset" 6720
"../../../Engine/Content/EngineMaterials/Substrate/Glints2/dict_0007_0099.uasset" 6721
"../../../Engine/Content/EngineMaterials/Substrate/Glints2/dict_0007_0102.uasset" 6722
"../../../Engine/Content/EngineMaterials/Substrate/Glints2/dict_0007_0104.uasset" 6723
"/Engine/EngineMaterials/Substrate/Glints2/dict_0007_0112" 6724
"../../../Engine/Content/EngineMaterials/Substrate/Glints2/dict_0007_0119.uasset" 6725
"/Engine/EngineMaterials/Substrate/Glints2/dict_0007_0096" 6726
"/Engine/EngineMaterials/Substrate/Glints2/dict_0007_0106" 6727
"/Engine/EngineMaterials/Substrate/Glints2/dict_0007_0107" 6728
"../../../Engine/Content/EngineMaterials/Substrate/Glints2/dict_0007_0097.uasset" 6729
"/Engine/EngineMaterials/Substrate/Glints2/dict_0007_0093" 6730
"../../../Engine/Content/EngineMaterials/Substrate/Glints2/dict_0007_0098.uasset" 6731
"../../../Engine/Content/EngineMaterials/Substrate/Glints2/dict_0007_0122.uasset" 6732
"/Engine/EngineMaterials/Substrate/Glints2/dict_0007_0124" 6733
"/Engine/EngineMaterials/Substrate/Glints2/dict_0007_0108" 6734
"../../../Engine/Content/EngineMaterials/Substrate/Glints2/dict_0007_0089.uasset" 6735
"../../../Engine/Content/EngineMaterials/Substrate/Glints2/dict_0007_0105.uasset" 6736
"/Engine/EngineMaterials/Substrate/Glints2/dict_0007_0109" 6737
"/Engine/EngineMaterials/Substrate/Glints2/dict_0007_0099" 6738
"/Engine/EngineMaterials/Substrate/Glints2/dict_0007_0102" 6739
"../../../Engine/Content/EngineMaterials/Substrate/Glints2/dict_0007_0090.uasset" 6740
"../../../Engine/Content/EngineMaterials/Substrate/Glints2/dict_0007_0086.uasset" 6741
"../../../Engine/Content/EngineMaterials/Substrate/Glints2/dict_0007_0100.uasset" 6742
"../../../Engine/Content/EngineMaterials/Substrate/Glints2/dict_0007_0091.uasset" 6743
"/Engine/EngineMaterials/Substrate/Glints2/dict_0007_0103" 6744
"../../../Engine/Content/EngineMaterials/Substrate/Glints2/dict_0007_0094.uasset" 6745
"/Engine/EngineMaterials/Substrate/Glints2/dict_0007_0110" 6746
"../../../Engine/Content/EngineMaterials/Substrate/Glints2/dict_0007_0087.uasset" 6747
"/Engine/EngineMaterials/Substrate/Glints2/dict_0007_0104" 6748
"/Engine/EngineMaterials/Substrate/Glints2/dict_0007_0111" 6749
"../../../Engine/Content/EngineMaterials/Substrate/Glints2/dict_0007_0088.uasset" 6750
"../../../Engine/Content/EngineMaterials/Substrate/Glints2/dict_0007_0095.uasset" 6751
"/Engine/EngineMaterials/Substrate/Glints2/dict_0007_0101" 6752
"/Engine/EngineMaterials/Substrate/Glints2/dict_0007_0086" 6753
"/Engine/EngineMaterials/Substrate/Glints2/dict_0007_0087" 6754
"/Engine/EngineMaterials/Substrate/Glints2/dict_0007_0119" 6755
"../../../Engine/Content/EngineMaterials/Substrate/Glints2/dict_0007_0085.uasset" 6756
"/Engine/EngineMaterials/Substrate/Glints2/dict_0007_0122" 6757
"../../../Engine/Content/EngineMaterials/Substrate/Glints2/dict_0007_0092.uasset" 6758
"/Engine/EngineMaterials/Substrate/Glints2/dict_0007_0088" 6759
"/Engine/EngineMaterials/Substrate/Glints2/dict_0007_0100" 6760
"/Engine/EngineMaterials/Substrate/Glints2/dict_0007_0094" 6761
"/Engine/EngineMaterials/Substrate/Glints2/dict_0007_0097" 6762
"/Engine/EngineMaterials/Substrate/Glints2/dict_0007_0098" 6763
"/Engine/EngineMaterials/Substrate/Glints2/dict_0007_0089" 6764
"/Engine/EngineMaterials/Substrate/Glints2/dict_0007_0105" 6765
"/Engine/EngineMaterials/Substrate/Glints2/dict_0007_0090" 6766
"/Engine/EngineMaterials/Substrate/Glints2/dict_0007_0091" 6767
"/Engine/EngineMaterials/Substrate/Glints2/dict_0007_0095" 6768
"/Engine/EngineMaterials/Substrate/Glints2/dict_0007_0085" 6769
"/Engine/EngineMaterials/Substrate/Glints2/dict_0007_0092" 6770
"../../../Engine/Content/EngineMaterials/Substrate/Glints2/dict_0007_0076.uasset" 6771
"../../../Engine/Content/EngineMaterials/Substrate/Glints2/dict_0007_0075.uasset" 6772
"../../../Engine/Content/EngineMaterials/Substrate/Glints2/dict_0007_0079.uasset" 6773
"../../../Engine/Content/EngineMaterials/Substrate/Glints2/dict_0007_0070.uasset" 6774
"../../../Engine/Content/EngineMaterials/Substrate/Glints2/dict_0007_0072.uasset" 6775
"../../../Engine/Content/EngineMaterials/Substrate/Glints2/dict_0007_0077.uasset" 6776
"../../../Engine/Content/EngineMaterials/Substrate/Glints2/dict_0007_0074.uasset" 6777
"../../../Engine/Content/EngineMaterials/Substrate/Glints2/dict_0007_0071.uasset" 6778
"../../../Engine/Content/EngineMaterials/Substrate/Glints2/dict_0007_0073.uasset" 6779
"../../../Engine/Content/EngineMaterials/Substrate/Glints2/dict_0007_0083.uasset" 6780
"../../../Engine/Content/EngineMaterials/Substrate/Glints2/dict_0007_0081.uasset" 6781
"../../../Engine/Content/EngineMaterials/Substrate/Glints2/dict_0007_0080.uasset" 6782
"/Engine/EngineMaterials/Substrate/Glints2/dict_0007_0070" 6783
"../../../Engine/Content/EngineMaterials/Substrate/Glints2/dict_0007_0069.uasset" 6784
"/Engine/EngineMaterials/Substrate/Glints2/dict_0007_0071" 6785
"../../../Engine/Content/EngineMaterials/Substrate/Glints2/dict_0007_0084.uasset" 6786
"/Engine/EngineMaterials/Substrate/Glints2/dict_0007_0072" 6787
"/Engine/EngineMaterials/Substrate/Glints2/dict_0007_0073" 6788
"/Engine/EngineMaterials/Substrate/Glints2/dict_0007_0074" 6789
"/Engine/EngineMaterials/Substrate/Glints2/dict_0007_0075" 6790
"/Engine/EngineMaterials/Substrate/Glints2/dict_0007_0076" 6791
"../../../Engine/Content/EngineMaterials/Substrate/Glints2/dict_0007_0078.uasset" 6792
"../../../Engine/Content/EngineMaterials/Substrate/Glints2/dict_0007_0066.uasset" 6793
"../../../Engine/Content/EngineMaterials/Substrate/Glints2/dict_0007_0062.uasset" 6794
"../../../Engine/Content/EngineMaterials/Substrate/Glints2/dict_0007_0064.uasset" 6795
"../../../Engine/Content/EngineMaterials/Substrate/Glints2/dict_0007_0055.uasset" 6796
"../../../Engine/Content/EngineMaterials/Substrate/Glints2/dict_0007_0067.uasset" 6797
"/Engine/EngineMaterials/Substrate/Glints2/dict_0007_0077" 6798
"../../../Engine/Content/EngineMaterials/Substrate/Glints2/dict_0007_0082.uasset" 6799
"../../../Engine/Content/EngineMaterials/Substrate/Glints2/dict_0007_0058.uasset" 6800
"../../../Engine/Content/EngineMaterials/Substrate/Glints2/dict_0007_0065.uasset" 6801
"../../../Engine/Content/EngineMaterials/Substrate/Glints2/dict_0007_0054.uasset" 6802
"/Engine/EngineMaterials/Substrate/Glints2/dict_0007_0079" 6803
"/Engine/EngineMaterials/Substrate/Glints2/dict_0007_0080" 6804
"/Engine/EngineMaterials/Substrate/Glints2/dict_0007_0081" 6805
"/Engine/EngineMaterials/Substrate/Glints2/dict_0007_0083" 6806
"../../../Engine/Content/EngineMaterials/Substrate/Glints2/dict_0007_0056.uasset" 6807
"../../../Engine/Content/EngineMaterials/Substrate/Glints2/dict_0007_0061.uasset" 6808
"../../../Engine/Content/EngineMaterials/Substrate/Glints2/dict_0007_0068.uasset" 6809
"/Engine/EngineMaterials/Substrate/Glints2/dict_0007_0054" 6810
"/Engine/EngineMaterials/Substrate/Glints2/dict_0007_0056" 6811
"/Engine/EngineMaterials/Substrate/Glints2/dict_0007_0058" 6812
"../../../Engine/Content/EngineMaterials/Substrate/Glints2/dict_0007_0060.uasset" 6813
"/Engine/EngineMaterials/Substrate/Glints2/dict_0007_0055" 6814
"/Engine/EngineMaterials/Substrate/Glints2/dict_0007_0078" 6815
"../../../Engine/Content/EngineMaterials/Substrate/Glints2/dict_0007_0057.uasset" 6816
"/Engine/EngineMaterials/Substrate/Glints2/dict_0007_0061" 6817
"../../../Engine/Content/EngineMaterials/Substrate/Glints2/dict_0007_0063.uasset" 6818
"../../../Engine/Content/EngineMaterials/Substrate/Glints2/dict_0007_0059.uasset" 6819
"/Engine/EngineMaterials/Substrate/Glints2/dict_0007_0062" 6820
"/Engine/EngineMaterials/Substrate/Glints2/dict_0007_0064" 6821
"/Engine/EngineMaterials/Substrate/Glints2/dict_0007_0065" 6822
"/Engine/EngineMaterials/Substrate/Glints2/dict_0007_0082" 6823
"/Engine/EngineMaterials/Substrate/Glints2/dict_0007_0066" 6824
"/Engine/EngineMaterials/Substrate/Glints2/dict_0007_0067" 6825
"/Engine/EngineMaterials/Substrate/Glints2/dict_0007_0084" 6826
"/Engine/EngineMaterials/Substrate/Glints2/dict_0007_0069" 6827
"/Engine/EngineMaterials/Substrate/Glints2/dict_0007_0057" 6828
"/Engine/EngineMaterials/Substrate/Glints2/dict_0007_0059" 6829
"/Engine/EngineMaterials/Substrate/Glints2/dict_0007_0060" 6830
"/Engine/EngineMaterials/Substrate/Glints2/dict_0007_0063" 6831
"/Engine/EngineMaterials/Substrate/Glints2/dict_0007_0068" 6832
"../../../Engine/Content/EngineMaterials/Substrate/Glints2/dict_0007_0044.uasset" 6833
"../../../Engine/Content/EngineMaterials/Substrate/Glints2/dict_0007_0047.uasset" 6834
"../../../Engine/Content/EngineMaterials/Substrate/Glints2/dict_0007_0048.uasset" 6835
"../../../Engine/Content/EngineMaterials/Substrate/Glints2/dict_0007_0045.uasset" 6836
"../../../Engine/Content/EngineMaterials/Substrate/Glints2/dict_0007_0042.uasset" 6837
"../../../Engine/Content/EngineMaterials/Substrate/Glints2/dict_0007_0046.uasset" 6838
"../../../Engine/Content/EngineMaterials/Substrate/Glints2/dict_0007_0053.uasset" 6839
"../../../Engine/Content/EngineMaterials/Substrate/Glints2/dict_0007_0043.uasset" 6840
"../../../Engine/Content/EngineMaterials/Substrate/Glints2/dict_0007_0049.uasset" 6841
"../../../Engine/Content/EngineMaterials/Substrate/Glints2/dict_0007_0038.uasset" 6842
"../../../Engine/Content/EngineMaterials/Substrate/Glints2/dict_0007_0034.uasset" 6843
"../../../Engine/Content/EngineMaterials/Substrate/Glints2/dict_0007_0036.uasset" 6844
"../../../Engine/Content/EngineMaterials/Substrate/Glints2/dict_0007_0051.uasset" 6845
"../../../Engine/Content/EngineMaterials/Substrate/Glints2/dict_0007_0032.uasset" 6846
"../../../Engine/Content/EngineMaterials/Substrate/Glints2/dict_0007_0035.uasset" 6847
"../../../Engine/Content/EngineMaterials/Substrate/Glints2/dict_0007_0037.uasset" 6848
"../../../Engine/Content/EngineMaterials/Substrate/Glints2/dict_0007_0040.uasset" 6849
"../../../Engine/Content/EngineMaterials/Substrate/Glints2/dict_0007_0050.uasset" 6850
"../../../Engine/Content/EngineMaterials/Substrate/Glints2/dict_0007_0052.uasset" 6851
"../../../Engine/Content/EngineMaterials/Substrate/Glints2/dict_0007_0039.uasset" 6852
"../../../Engine/Content/EngineMaterials/Substrate/Glints2/dict_0007_0041.uasset" 6853
"../../../Engine/Content/EngineMaterials/Substrate/Glints2/dict_0007_0030.uasset" 6854
"../../../Engine/Content/EngineMaterials/Substrate/Glints2/dict_0007_0031.uasset" 6855
"/Engine/EngineMaterials/Substrate/Glints2/dict_0007_0042" 6856
"/Engine/EngineMaterials/Substrate/Glints2/dict_0007_0043" 6857
"/Engine/EngineMaterials/Substrate/Glints2/dict_0007_0044" 6858
"../../../Engine/Content/EngineMaterials/Substrate/Glints2/dict_0007_0027.uasset" 6859
"/Engine/EngineMaterials/Substrate/Glints2/dict_0007_0030" 6860
"../../../Engine/Content/EngineMaterials/Substrate/Glints2/dict_0007_0028.uasset" 6861
"/Engine/EngineMaterials/Substrate/Glints2/dict_0007_0031" 6862
"/Engine/EngineMaterials/Substrate/Glints2/dict_0007_0045" 6863
"/Engine/EngineMaterials/Substrate/Glints2/dict_0007_0046" 6864
"/Engine/EngineMaterials/Substrate/Glints2/dict_0007_0047" 6865
"../../../Engine/Content/EngineMaterials/Substrate/Glints2/dict_0007_0118.uasset" 6866
"/Engine/EngineMaterials/Substrate/Glints2/dict_0007_0048" 6867
"/Engine/EngineMaterials/Substrate/Glints2/dict_0007_0049" 6868
"../../../Engine/Content/EngineMaterials/Substrate/Glints2/dict_0007_0033.uasset" 6869
"../../../Engine/Content/EngineMaterials/Substrate/Glints2/dict_0007_0026.uasset" 6870
"/Engine/EngineMaterials/Substrate/Glints2/dict_0007_0032" 6871
"/Engine/EngineMaterials/Substrate/Glints2/dict_0007_0050" 6872
"/Engine/EngineMaterials/Substrate/Glints2/dict_0007_0051" 6873
"/Engine/EngineMaterials/Substrate/Glints2/dict_0007_0034" 6874
"/Engine/EngineMaterials/Substrate/Glints2/dict_0007_0035" 6875
"/Engine/EngineMaterials/Substrate/Glints2/dict_0007_0036" 6876
"../../../Engine/Content/EngineMaterials/Substrate/Glints2/dict_0007_0023.uasset" 6877
"../../../Engine/Content/EngineMaterials/Substrate/Glints2/dict_0007_0024.uasset" 6878
"../../../Engine/Content/EngineMaterials/Substrate/Glints2/dict_0007_0025.uasset" 6879
"/Engine/EngineMaterials/Substrate/Glints2/dict_0007_0052" 6880
"/Engine/EngineMaterials/Substrate/Glints2/dict_0007_0037" 6881
"/Engine/EngineMaterials/Substrate/Glints2/dict_0007_0053" 6882
"/Engine/EngineMaterials/Substrate/Glints2/dict_0007_0038" 6883
"/Engine/EngineMaterials/Substrate/Glints2/dict_0007_0039" 6884
"/Engine/EngineMaterials/Substrate/Glints2/dict_0007_0040" 6885
"/Engine/EngineMaterials/Substrate/Glints2/dict_0007_0041" 6886
"/Engine/EngineMaterials/Substrate/Glints2/dict_0007_0028" 6887
"/Engine/EngineMaterials/Substrate/Glints2/dict_0007_0023" 6888
"/Engine/EngineMaterials/Substrate/Glints2/dict_0007_0118" 6889
"/Engine/EngineMaterials/Substrate/Glints2/dict_0007_0024" 6890
"../../../Engine/Content/EngineMaterials/Substrate/Glints2/dict_0007_0029.uasset" 6891
"/Engine/EngineMaterials/Substrate/Glints2/dict_0007_0025" 6892
"/Engine/EngineMaterials/Substrate/Glints2/dict_0007_0033" 6893
"/Engine/EngineMaterials/Substrate/Glints2/dict_0007_0026" 6894
"/Engine/EngineMaterials/Substrate/Glints2/dict_0007_0027" 6895
"/Engine/EngineMaterials/Substrate/Glints2/dict_0007_0029" 6896
"../../../Engine/Content/EngineMaterials/Substrate/Glints2/dict_0007_0018.uasset" 6897
"../../../Engine/Content/EngineMaterials/Substrate/Glints2/dict_0007_0019.uasset" 6898
"../../../Engine/Content/EngineMaterials/Substrate/Glints2/dict_0007_0004.uasset" 6899
"../../../Engine/Content/EngineMaterials/Substrate/Glints2/dict_0007_0010.uasset" 6900
"../../../Engine/Content/EngineMaterials/Substrate/Glints2/dict_0007_0015.uasset" 6901
"../../../Engine/Content/EngineMaterials/Substrate/Glints2/dict_0007_0000.uasset" 6902
"../../../Engine/Content/EngineMaterials/Substrate/Glints2/dict_0007_0006.uasset" 6903
"../../../Engine/Content/EngineMaterials/Substrate/Glints2/dict_0007_0003.uasset" 6904
"../../../Engine/Content/EngineMaterials/Substrate/Glints2/dict_0007_0001.uasset" 6905
"../../../Engine/Content/EngineMaterials/Substrate/Glints2/dict_0007_0012.uasset" 6906
"../../../Engine/Content/EngineMaterials/Substrate/Glints2/dict_0007_0020.uasset" 6907
"../../../Engine/Content/EngineMaterials/Substrate/Glints2/dict_0006_0254.uasset" 6908
"../../../Engine/Content/EngineMaterials/Substrate/Glints2/dict_0007_0009.uasset" 6909
"../../../Engine/Content/EngineMaterials/Substrate/Glints2/dict_0007_0005.uasset" 6910
"../../../Engine/Content/EngineMaterials/Substrate/Glints2/dict_0007_0021.uasset" 6911
"../../../Engine/Content/EngineMaterials/Substrate/Glints2/dict_0007_0011.uasset" 6912
"../../../Engine/Content/EngineMaterials/Substrate/Glints2/dict_0006_0255.uasset" 6913
"../../../Engine/Content/EngineMaterials/Substrate/Glints2/dict_0007_0007.uasset" 6914
"../../../Engine/Content/EngineMaterials/Substrate/Glints2/dict_0007_0017.uasset" 6915
"../../../Engine/Content/EngineMaterials/Substrate/Glints2/dict_0007_0013.uasset" 6916
"../../../Engine/Content/EngineMaterials/Substrate/Glints2/dict_0007_0016.uasset" 6917
"../../../Engine/Content/EngineMaterials/Substrate/Glints2/dict_0006_0253.uasset" 6918
"../../../Engine/Content/EngineMaterials/Substrate/Glints2/dict_0006_0250.uasset" 6919
"../../../Engine/Content/EngineMaterials/Substrate/Glints2/dict_0007_0022.uasset" 6920
"../../../Engine/Content/EngineMaterials/Substrate/Glints2/dict_0007_0002.uasset" 6921
"../../../Engine/Content/EngineMaterials/Substrate/Glints2/dict_0006_0248.uasset" 6922
"../../../Engine/Content/EngineMaterials/Substrate/Glints2/dict_0006_0247.uasset" 6923
"../../../Engine/Content/EngineMaterials/Substrate/Glints2/dict_0006_0249.uasset" 6924
"../../../Engine/Content/EngineMaterials/Substrate/Glints2/dict_0006_0251.uasset" 6925
"/Engine/EngineMaterials/Substrate/Glints2/dict_0007_0000" 6926
"/Engine/EngineMaterials/Substrate/Glints2/dict_0006_0248" 6927
"/Engine/EngineMaterials/Substrate/Glints2/dict_0007_0001" 6928
"/Engine/EngineMaterials/Substrate/Glints2/dict_0006_0249" 6929
"../../../Engine/Content/EngineMaterials/Substrate/Glints2/dict_0007_0008.uasset" 6930
"../../../Engine/Content/EngineMaterials/Substrate/Glints2/dict_0006_0252.uasset" 6931
"../../../Engine/Content/EngineMaterials/Substrate/Glints2/dict_0007_0014.uasset" 6932
"/Engine/EngineMaterials/Substrate/Glints2/dict_0006_0250" 6933
"/Engine/EngineMaterials/Substrate/Glints2/dict_0007_0003" 6934
"/Engine/EngineMaterials/Substrate/Glints2/dict_0007_0004" 6935
"/Engine/EngineMaterials/Substrate/Glints2/dict_0007_0005" 6936
"/Engine/EngineMaterials/Substrate/Glints2/dict_0007_0006" 6937
"/Engine/EngineMaterials/Substrate/Glints2/dict_0007_0007" 6938
"/Engine/EngineMaterials/Substrate/Glints2/dict_0007_0009" 6939
"/Engine/EngineMaterials/Substrate/Glints2/dict_0007_0010" 6940
"/Engine/EngineMaterials/Substrate/Glints2/dict_0007_0011" 6941
"/Engine/EngineMaterials/Substrate/Glints2/dict_0006_0253" 6942
"/Engine/EngineMaterials/Substrate/Glints2/dict_0007_0012" 6943
"/Engine/EngineMaterials/Substrate/Glints2/dict_0007_0013" 6944
"/Engine/EngineMaterials/Substrate/Glints2/dict_0006_0254" 6945
"/Engine/EngineMaterials/Substrate/Glints2/dict_0007_0015" 6946
"/Engine/EngineMaterials/Substrate/Glints2/dict_0007_0016" 6947
"/Engine/EngineMaterials/Substrate/Glints2/dict_0007_0017" 6948
"/Engine/EngineMaterials/Substrate/Glints2/dict_0007_0018" 6949
"/Engine/EngineMaterials/Substrate/Glints2/dict_0007_0019" 6950
"/Engine/EngineMaterials/Substrate/Glints2/dict_0007_0020" 6951
"/Engine/EngineMaterials/Substrate/Glints2/dict_0006_0255" 6952
"/Engine/EngineMaterials/Substrate/Glints2/dict_0007_0021" 6953
"/Engine/EngineMaterials/Substrate/Glints2/dict_0007_0022" 6954
"/Engine/EngineMaterials/Substrate/Glints2/dict_0006_0247" 6955
"/Engine/EngineMaterials/Substrate/Glints2/dict_0007_0002" 6956
"/Engine/EngineMaterials/Substrate/Glints2/dict_0006_0251" 6957
"/Engine/EngineMaterials/Substrate/Glints2/dict_0006_0252" 6958
"/Engine/EngineMaterials/Substrate/Glints2/dict_0007_0008" 6959
"/Engine/EngineMaterials/Substrate/Glints2/dict_0007_0014" 6960
"../../../Engine/Content/EngineMaterials/Substrate/Glints2/dict_0006_0241.uasset" 6961
"../../../Engine/Content/EngineMaterials/Substrate/Glints2/dict_0006_0227.uasset" 6962
"../../../Engine/Content/EngineMaterials/Substrate/Glints2/dict_0006_0233.uasset" 6963
"../../../Engine/Content/EngineMaterials/Substrate/Glints2/dict_0006_0240.uasset" 6964
"../../../Engine/Content/EngineMaterials/Substrate/Glints2/dict_0006_0238.uasset" 6965
"../../../Engine/Content/EngineMaterials/Substrate/Glints2/dict_0006_0237.uasset" 6966
"../../../Engine/Content/EngineMaterials/Substrate/Glints2/dict_0006_0232.uasset" 6967
"../../../Engine/Content/EngineMaterials/Substrate/Glints2/dict_0006_0236.uasset" 6968
"../../../Engine/Content/EngineMaterials/Substrate/Glints2/dict_0006_0235.uasset" 6969
"../../../Engine/Content/EngineMaterials/Substrate/Glints2/dict_0006_0242.uasset" 6970
"../../../Engine/Content/EngineMaterials/Substrate/Glints2/dict_0006_0246.uasset" 6971
"../../../Engine/Content/EngineMaterials/Substrate/Glints2/dict_0006_0244.uasset" 6972
"../../../Engine/Content/EngineMaterials/Substrate/Glints2/dict_0006_0245.uasset" 6973
"../../../Engine/Content/EngineMaterials/Substrate/Glints2/dict_0006_0222.uasset" 6974
"../../../Engine/Content/EngineMaterials/Substrate/Glints2/dict_0006_0243.uasset" 6975
"../../../Engine/Content/EngineMaterials/Substrate/Glints2/dict_0006_0230.uasset" 6976
"/Engine/EngineMaterials/Substrate/Glints2/dict_0006_0222" 6977
"/Engine/EngineMaterials/Substrate/Glints2/dict_0006_0227" 6978
"/Engine/EngineMaterials/Substrate/Glints2/dict_0006_0230" 6979
"/Engine/EngineMaterials/Substrate/Glints2/dict_0006_0232" 6980
"../../../Engine/Content/EngineMaterials/Substrate/Glints2/dict_0006_0225.uasset" 6981
"/Engine/EngineMaterials/Substrate/Glints2/dict_0006_0233" 6982
"../../../Engine/Content/EngineMaterials/Substrate/Glints2/dict_0006_0228.uasset" 6983
"../../../Engine/Content/EngineMaterials/Substrate/Glints2/dict_0006_0231.uasset" 6984
"/Engine/EngineMaterials/Substrate/Glints2/dict_0006_0235" 6985
"/Engine/EngineMaterials/Substrate/Glints2/dict_0006_0236" 6986
"/Engine/EngineMaterials/Substrate/Glints2/dict_0006_0237" 6987
"/Engine/EngineMaterials/Substrate/Glints2/dict_0006_0238" 6988
"../../../Engine/Content/EngineMaterials/Substrate/Glints2/dict_0006_0229.uasset" 6989
"/Engine/EngineMaterials/Substrate/Glints2/dict_0006_0240" 6990
"/Engine/EngineMaterials/Substrate/Glints2/dict_0006_0241" 6991
"/Engine/EngineMaterials/Substrate/Glints2/dict_0006_0242" 6992
"/Engine/EngineMaterials/Substrate/Glints2/dict_0006_0243" 6993
"/Engine/EngineMaterials/Substrate/Glints2/dict_0006_0244" 6994
"/Engine/EngineMaterials/Substrate/Glints2/dict_0006_0245" 6995
"/Engine/EngineMaterials/Substrate/Glints2/dict_0006_0246" 6996
"../../../Engine/Content/EngineMaterials/Substrate/Glints2/dict_0006_0223.uasset" 6997
"../../../Engine/Content/EngineMaterials/Substrate/Glints2/dict_0006_0239.uasset" 6998
"../../../Engine/Content/EngineMaterials/Substrate/Glints2/dict_0006_0217.uasset" 6999
"../../../Engine/Content/EngineMaterials/Substrate/Glints2/dict_0006_0226.uasset" 7000
"../../../Engine/Content/EngineMaterials/Substrate/Glints2/dict_0006_0219.uasset" 7001
"/Engine/EngineMaterials/Substrate/Glints2/dict_0006_0223" 7002
"/Engine/EngineMaterials/Substrate/Glints2/dict_0006_0225" 7003
"../../../Engine/Content/EngineMaterials/Substrate/Glints2/dict_0006_0221.uasset" 7004
"/Engine/EngineMaterials/Substrate/Glints2/dict_0006_0228" 7005
"/Engine/EngineMaterials/Substrate/Glints2/dict_0006_0229" 7006
"../../../Engine/Content/EngineMaterials/Substrate/Glints2/dict_0006_0224.uasset" 7007
"/Engine/EngineMaterials/Substrate/Glints2/dict_0006_0231" 7008
"/Engine/EngineMaterials/Substrate/Glints2/dict_0006_0239" 7009
"/Engine/EngineMaterials/Substrate/Glints2/dict_0006_0221" 7010
"/Engine/EngineMaterials/Substrate/Glints2/dict_0006_0224" 7011
"/Engine/EngineMaterials/Substrate/Glints2/dict_0006_0226" 7012
"../../../Engine/Content/EngineMaterials/Substrate/Glints2/dict_0006_0218.uasset" 7013
"/Engine/EngineMaterials/Substrate/Glints2/dict_0006_0217" 7014
"/Engine/EngineMaterials/Substrate/Glints2/dict_0006_0219" 7015
"/Engine/EngineMaterials/Substrate/Glints2/dict_0006_0218" 7016
"../../../Engine/Content/EngineMaterials/Substrate/Glints2/dict_0006_0215.uasset" 7017
"/Engine/EngineMaterials/Substrate/Glints2/dict_0006_0215" 7018
"../../../Engine/Content/EngineMaterials/Substrate/Glints2/dict_0006_0220.uasset" 7019
"/Engine/EngineMaterials/Substrate/Glints2/dict_0006_0220" 7020
"../../../Engine/Content/EngineMaterials/Substrate/Glints2/dict_0006_0216.uasset" 7021
"../../../Engine/Content/EngineMaterials/Substrate/Glints2/dict_0006_0201.uasset" 7022
"../../../Engine/Content/EngineMaterials/Substrate/Glints2/dict_0006_0207.uasset" 7023
"../../../Engine/Content/EngineMaterials/Substrate/Glints2/dict_0006_0209.uasset" 7024
"../../../Engine/Content/EngineMaterials/Substrate/Glints2/dict_0006_0206.uasset" 7025
"../../../Engine/Content/EngineMaterials/Substrate/Glints2/dict_0006_0211.uasset" 7026
"../../../Engine/Content/EngineMaterials/Substrate/Glints2/dict_0006_0234.uasset" 7027
"../../../Engine/Content/EngineMaterials/Substrate/Glints2/dict_0006_0214.uasset" 7028
"../../../Engine/Content/EngineMaterials/Substrate/Glints2/dict_0006_0199.uasset" 7029
"../../../Engine/Content/EngineMaterials/Substrate/Glints2/dict_0006_0205.uasset" 7030
"../../../Engine/Content/EngineMaterials/Substrate/Glints2/dict_0006_0208.uasset" 7031
"../../../Engine/Content/EngineMaterials/Substrate/Glints2/dict_0006_0212.uasset" 7032
"../../../Engine/Content/EngineMaterials/Substrate/Glints2/dict_0006_0203.uasset" 7033
"../../../Engine/Content/EngineMaterials/Substrate/Glints2/dict_0006_0213.uasset" 7034
"../../../Engine/Content/EngineMaterials/Substrate/Glints2/dict_0006_0198.uasset" 7035
"../../../Engine/Content/EngineMaterials/Substrate/Glints2/dict_0006_0210.uasset" 7036
"../../../Engine/Content/EngineMaterials/Substrate/Glints2/dict_0006_0204.uasset" 7037
"../../../Engine/Content/EngineMaterials/Substrate/Glints2/dict_0006_0196.uasset" 7038
"../../../Engine/Content/EngineMaterials/Substrate/Glints2/dict_0006_0197.uasset" 7039
"../../../Engine/Content/EngineMaterials/Substrate/Glints2/dict_0006_0200.uasset" 7040
"../../../Engine/Content/EngineMaterials/Substrate/Glints2/dict_0006_0202.uasset" 7041
"../../../Engine/Content/EngineMaterials/Substrate/Glints2/dict_0006_0194.uasset" 7042
"../../../Engine/Content/EngineMaterials/Substrate/Glints2/dict_0006_0195.uasset" 7043
"/Engine/EngineMaterials/Substrate/Glints2/dict_0006_0199" 7044
"/Engine/EngineMaterials/Substrate/Glints2/dict_0006_0216" 7045
"/Engine/EngineMaterials/Substrate/Glints2/dict_0006_0194" 7046
"/Engine/EngineMaterials/Substrate/Glints2/dict_0006_0200" 7047
"../../../Engine/Content/EngineMaterials/Substrate/Glints2/dict_0006_0193.uasset" 7048
"../../../Engine/Content/EngineMaterials/Substrate/Glints2/dict_0006_0186.uasset" 7049
"../../../Engine/Content/EngineMaterials/Substrate/Glints2/dict_0006_0189.uasset" 7050
"/Engine/EngineMaterials/Substrate/Glints2/dict_0006_0195" 7051
"../../../Engine/Content/EngineMaterials/Substrate/Glints2/dict_0006_0192.uasset" 7052
"/Engine/EngineMaterials/Substrate/Glints2/dict_0006_0196" 7053
"../../../Engine/Content/EngineMaterials/Substrate/Glints2/dict_0006_0188.uasset" 7054
"../../../Engine/Content/EngineMaterials/Substrate/Glints2/dict_0006_0190.uasset" 7055
"../../../Engine/Content/EngineMaterials/Substrate/Glints2/dict_0006_0191.uasset" 7056
"/Engine/EngineMaterials/Substrate/Glints2/dict_0006_0201" 7057
"/Engine/EngineMaterials/Substrate/Glints2/dict_0006_0197" 7058
"../../../Engine/Content/EngineMaterials/Substrate/Glints2/dict_0006_0185.uasset" 7059
"/Engine/EngineMaterials/Substrate/Glints2/dict_0006_0202" 7060
"/Engine/EngineMaterials/Substrate/Glints2/dict_0006_0203" 7061
"../../../Engine/Content/EngineMaterials/Substrate/Glints2/dict_0006_0187.uasset" 7062
"/Engine/EngineMaterials/Substrate/Glints2/dict_0006_0234" 7063
"/Engine/EngineMaterials/Substrate/Glints2/dict_0006_0204" 7064
"/Engine/EngineMaterials/Substrate/Glints2/dict_0006_0205" 7065
"/Engine/EngineMaterials/Substrate/Glints2/dict_0006_0206" 7066
"/Engine/EngineMaterials/Substrate/Glints2/dict_0006_0207" 7067
"/Engine/EngineMaterials/Substrate/Glints2/dict_0006_0198" 7068
"/Engine/EngineMaterials/Substrate/Glints2/dict_0006_0208" 7069
"/Engine/EngineMaterials/Substrate/Glints2/dict_0006_0209" 7070
"/Engine/EngineMaterials/Substrate/Glints2/dict_0006_0210" 7071
"/Engine/EngineMaterials/Substrate/Glints2/dict_0006_0211" 7072
"/Engine/EngineMaterials/Substrate/Glints2/dict_0006_0212" 7073
"/Engine/EngineMaterials/Substrate/Glints2/dict_0006_0213" 7074
"/Engine/EngineMaterials/Substrate/Glints2/dict_0006_0214" 7075
"/Engine/EngineMaterials/Substrate/Glints2/dict_0006_0188" 7076
"/Engine/EngineMaterials/Substrate/Glints2/dict_0006_0186" 7077
"/Engine/EngineMaterials/Substrate/Glints2/dict_0006_0193" 7078
"/Engine/EngineMaterials/Substrate/Glints2/dict_0006_0189" 7079
"/Engine/EngineMaterials/Substrate/Glints2/dict_0006_0190" 7080
"/Engine/EngineMaterials/Substrate/Glints2/dict_0006_0191" 7081
"/Engine/EngineMaterials/Substrate/Glints2/dict_0006_0187" 7082
"/Engine/EngineMaterials/Substrate/Glints2/dict_0006_0192" 7083
"/Engine/EngineMaterials/Substrate/Glints2/dict_0006_0185" 7084
"../../../Engine/Content/EngineMaterials/Substrate/Glints2/dict_0006_0178.uasset" 7085
"../../../Engine/Content/EngineMaterials/Substrate/Glints2/dict_0006_0184.uasset" 7086
"../../../Engine/Content/EngineMaterials/Substrate/Glints2/dict_0006_0166.uasset" 7087
"../../../Engine/Content/EngineMaterials/Substrate/Glints2/dict_0006_0179.uasset" 7088
"../../../Engine/Content/EngineMaterials/Substrate/Glints2/dict_0006_0172.uasset" 7089
"../../../Engine/Content/EngineMaterials/Substrate/Glints2/dict_0006_0173.uasset" 7090
"../../../Engine/Content/EngineMaterials/Substrate/Glints2/dict_0006_0164.uasset" 7091
"../../../Engine/Content/EngineMaterials/Substrate/Glints2/dict_0006_0175.uasset" 7092
"../../../Engine/Content/EngineMaterials/Substrate/Glints2/dict_0006_0170.uasset" 7093
"../../../Engine/Content/EngineMaterials/Substrate/Glints2/dict_0006_0162.uasset" 7094
"../../../Engine/Content/EngineMaterials/Substrate/Glints2/dict_0006_0167.uasset" 7095
"../../../Engine/Content/EngineMaterials/Substrate/Glints2/dict_0006_0182.uasset" 7096
"../../../Engine/Content/EngineMaterials/Substrate/Glints2/dict_0006_0177.uasset" 7097
"../../../Engine/Content/EngineMaterials/Substrate/Glints2/dict_0006_0163.uasset" 7098
"/Engine/EngineMaterials/Substrate/Glints2/dict_0006_0162" 7099
"/Engine/EngineMaterials/Substrate/Glints2/dict_0006_0164" 7100
"../../../Engine/Content/EngineMaterials/Substrate/Glints2/dict_0006_0171.uasset" 7101
"../../../Engine/Content/EngineMaterials/Substrate/Glints2/dict_0006_0176.uasset" 7102
"../../../Engine/Content/EngineMaterials/Substrate/Glints2/dict_0006_0159.uasset" 7103
"/Engine/EngineMaterials/Substrate/Glints2/dict_0006_0166" 7104
"/Engine/EngineMaterials/Substrate/Glints2/dict_0006_0167" 7105
"../../../Engine/Content/EngineMaterials/Substrate/Glints2/dict_0006_0181.uasset" 7106
"../../../Engine/Content/EngineMaterials/Substrate/Glints2/dict_0006_0180.uasset" 7107
"/Engine/EngineMaterials/Substrate/Glints2/dict_0006_0170" 7108
"/Engine/EngineMaterials/Substrate/Glints2/dict_0006_0172" 7109
"../../../Engine/Content/EngineMaterials/Substrate/Glints2/dict_0006_0174.uasset" 7110
"../../../Engine/Content/EngineMaterials/Substrate/Glints2/dict_0006_0165.uasset" 7111
"/Engine/EngineMaterials/Substrate/Glints2/dict_0006_0173" 7112
"/Engine/EngineMaterials/Substrate/Glints2/dict_0006_0175" 7113
"/Engine/EngineMaterials/Substrate/Glints2/dict_0006_0177" 7114
"../../../Engine/Content/EngineMaterials/Substrate/Glints2/dict_0006_0183.uasset" 7115
"/Engine/EngineMaterials/Substrate/Glints2/dict_0006_0178" 7116
"../../../Engine/Content/EngineMaterials/Substrate/Glints2/dict_0006_0169.uasset" 7117
"/Engine/EngineMaterials/Substrate/Glints2/dict_0006_0179" 7118
"/Engine/EngineMaterials/Substrate/Glints2/dict_0006_0182" 7119
"/Engine/EngineMaterials/Substrate/Glints2/dict_0006_0184" 7120
"/Engine/EngineMaterials/Substrate/Glints2/dict_0006_0163" 7121
"/Engine/EngineMaterials/Substrate/Glints2/dict_0006_0165" 7122
"../../../Engine/Content/EngineMaterials/Substrate/Glints2/dict_0006_0155.uasset" 7123
"/Engine/EngineMaterials/Substrate/Glints2/dict_0006_0159" 7124
"../../../Engine/Content/EngineMaterials/Substrate/Glints2/dict_0006_0157.uasset" 7125
"../../../Engine/Content/EngineMaterials/Substrate/Glints2/dict_0006_0160.uasset" 7126
"../../../Engine/Content/EngineMaterials/Substrate/Glints2/dict_0006_0154.uasset" 7127
"../../../Engine/Content/EngineMaterials/Substrate/Glints2/dict_0006_0168.uasset" 7128
"/Engine/EngineMaterials/Substrate/Glints2/dict_0006_0169" 7129
"/Engine/EngineMaterials/Substrate/Glints2/dict_0006_0171" 7130
"../../../Engine/Content/EngineMaterials/Substrate/Glints2/dict_0006_0158.uasset" 7131
"/Engine/EngineMaterials/Substrate/Glints2/dict_0006_0174" 7132
"../../../Engine/Content/EngineMaterials/Substrate/Glints2/dict_0006_0161.uasset" 7133
"/Engine/EngineMaterials/Substrate/Glints2/dict_0006_0176" 7134
"/Engine/EngineMaterials/Substrate/Glints2/dict_0006_0180" 7135
"/Engine/EngineMaterials/Substrate/Glints2/dict_0006_0181" 7136
"/Engine/EngineMaterials/Substrate/Glints2/dict_0006_0183" 7137
"/Engine/EngineMaterials/Substrate/Glints2/dict_0006_0154" 7138
"../../../Engine/Content/EngineMaterials/Substrate/Glints2/dict_0006_0153.uasset" 7139
"/Engine/EngineMaterials/Substrate/Glints2/dict_0006_0155" 7140
"/Engine/EngineMaterials/Substrate/Glints2/dict_0006_0157" 7141
"/Engine/EngineMaterials/Substrate/Glints2/dict_0006_0158" 7142
"/Engine/EngineMaterials/Substrate/Glints2/dict_0006_0168" 7143
"/Engine/EngineMaterials/Substrate/Glints2/dict_0006_0160" 7144
"/Engine/EngineMaterials/Substrate/Glints2/dict_0006_0161" 7145
"/Engine/EngineMaterials/Substrate/Glints2/dict_0006_0153" 7146
"../../../Engine/Content/EngineMaterials/Substrate/Glints2/dict_0006_0141.uasset" 7147
"../../../Engine/Content/EngineMaterials/Substrate/Glints2/dict_0006_0145.uasset" 7148
"../../../Engine/Content/EngineMaterials/Substrate/Glints2/dict_0006_0144.uasset" 7149
"../../../Engine/Content/EngineMaterials/Substrate/Glints2/dict_0006_0148.uasset" 7150
"/Engine/EngineMaterials/Substrate/Glints2/dict_0006_0141" 7151
"../../../Engine/Content/EngineMaterials/Substrate/Glints2/dict_0006_0146.uasset" 7152
"/Engine/EngineMaterials/Substrate/Glints2/dict_0006_0144" 7153
"/Engine/EngineMaterials/Substrate/Glints2/dict_0006_0145" 7154
"../../../Engine/Content/EngineMaterials/Substrate/Glints2/dict_0006_0156.uasset" 7155
"/Engine/EngineMaterials/Substrate/Glints2/dict_0006_0146" 7156
"../../../Engine/Content/EngineMaterials/Substrate/Glints2/dict_0006_0150.uasset" 7157
"/Engine/EngineMaterials/Substrate/Glints2/dict_0006_0148" 7158
"../../../Engine/Content/EngineMaterials/Substrate/Glints2/dict_0006_0142.uasset" 7159
"../../../Engine/Content/EngineMaterials/Substrate/Glints2/dict_0006_0149.uasset" 7160
"/Engine/EngineMaterials/Substrate/Glints2/dict_0006_0156" 7161
"../../../Engine/Content/EngineMaterials/Substrate/Glints2/dict_0006_0152.uasset" 7162
"/Engine/EngineMaterials/Substrate/Glints2/dict_0006_0150" 7163
"/Engine/EngineMaterials/Substrate/Glints2/dict_0006_0142" 7164
"../../../Engine/Content/EngineMaterials/Substrate/Glints2/dict_0006_0151.uasset" 7165
"/Engine/EngineMaterials/Substrate/Glints2/dict_0006_0149" 7166
"/Engine/EngineMaterials/Substrate/Glints2/dict_0006_0152" 7167
"/Engine/EngineMaterials/Substrate/Glints2/dict_0006_0151" 7168
"../../../Engine/Content/EngineMaterials/Substrate/Glints2/dict_0006_0140.uasset" 7169
"../../../Engine/Content/EngineMaterials/Substrate/Glints2/dict_0006_0132.uasset" 7170
"../../../Engine/Content/EngineMaterials/Substrate/Glints2/dict_0006_0147.uasset" 7171
"/Engine/EngineMaterials/Substrate/Glints2/dict_0006_0140" 7172
"/Engine/EngineMaterials/Substrate/Glints2/dict_0006_0132" 7173
"../../../Engine/Content/EngineMaterials/Substrate/Glints2/dict_0006_0130.uasset" 7174
"/Engine/EngineMaterials/Substrate/Glints2/dict_0006_0147" 7175
"../../../Engine/Content/EngineMaterials/Substrate/Glints2/dict_0006_0133.uasset" 7176
"../../../Engine/Content/EngineMaterials/Substrate/Glints2/dict_0006_0131.uasset" 7177
"/Engine/EngineMaterials/Substrate/Glints2/dict_0006_0130" 7178
"../../../Engine/Content/EngineMaterials/Substrate/Glints2/dict_0006_0143.uasset" 7179
"/Engine/EngineMaterials/Substrate/Glints2/dict_0006_0131" 7180
"../../../Engine/Content/EngineMaterials/Substrate/Glints2/dict_0006_0136.uasset" 7181
"../../../Engine/Content/EngineMaterials/Substrate/Glints2/dict_0006_0135.uasset" 7182
"/Engine/EngineMaterials/Substrate/Glints2/dict_0006_0133" 7183
"/Engine/EngineMaterials/Substrate/Glints2/dict_0006_0143" 7184
"/Engine/EngineMaterials/Substrate/Glints2/dict_0006_0135" 7185
"/Engine/EngineMaterials/Substrate/Glints2/dict_0006_0136" 7186
"../../../Engine/Content/EngineMaterials/Substrate/Glints2/dict_0006_0129.uasset" 7187
"/Engine/EngineMaterials/Substrate/Glints2/dict_0006_0129" 7188
"../../../Engine/Content/EngineMaterials/Substrate/Glints2/dict_0006_0134.uasset" 7189
"/Engine/EngineMaterials/Substrate/Glints2/dict_0006_0134" 7190
"../../../Engine/Content/EngineMaterials/Substrate/Glints2/dict_0006_0124.uasset" 7191
"../../../Engine/Content/EngineMaterials/Substrate/Glints2/dict_0006_0138.uasset" 7192
"../../../Engine/Content/EngineMaterials/Substrate/Glints2/dict_0006_0139.uasset" 7193
"../../../Engine/Content/EngineMaterials/Substrate/Glints2/dict_0006_0137.uasset" 7194
"../../../Engine/Content/EngineMaterials/Substrate/Glints2/dict_0006_0116.uasset" 7195
"../../../Engine/Content/EngineMaterials/Substrate/Glints2/dict_0006_0127.uasset" 7196
"../../../Engine/Content/EngineMaterials/Substrate/Glints2/dict_0006_0123.uasset" 7197
"../../../Engine/Content/EngineMaterials/Substrate/Glints2/dict_0006_0109.uasset" 7198
"../../../Engine/Content/EngineMaterials/Substrate/Glints2/dict_0006_0112.uasset" 7199
"../../../Engine/Content/EngineMaterials/Substrate/Glints2/dict_0006_0122.uasset" 7200
"../../../Engine/Content/EngineMaterials/Substrate/Glints2/dict_0006_0114.uasset" 7201
"../../../Engine/Content/EngineMaterials/Substrate/Glints2/dict_0006_0110.uasset" 7202
"../../../Engine/Content/EngineMaterials/Substrate/Glints2/dict_0006_0113.uasset" 7203
"../../../Engine/Content/EngineMaterials/Substrate/Glints2/dict_0006_0121.uasset" 7204
"../../../Engine/Content/EngineMaterials/Substrate/Glints2/dict_0006_0111.uasset" 7205
"../../../Engine/Content/EngineMaterials/Substrate/Glints2/dict_0006_0120.uasset" 7206
"/Engine/EngineMaterials/Substrate/Glints2/dict_0006_0122" 7207
"/Engine/EngineMaterials/Substrate/Glints2/dict_0006_0123" 7208
"../../../Engine/Content/EngineMaterials/Substrate/Glints2/dict_0006_0108.uasset" 7209
"/Engine/EngineMaterials/Substrate/Glints2/dict_0006_0124" 7210
"/Engine/EngineMaterials/Substrate/Glints2/dict_0006_0112" 7211
"../../../Engine/Content/EngineMaterials/Substrate/Glints2/dict_0006_0126.uasset" 7212
"/Engine/EngineMaterials/Substrate/Glints2/dict_0006_0127" 7213
"/Engine/EngineMaterials/Substrate/Glints2/dict_0006_0109" 7214
"/Engine/EngineMaterials/Substrate/Glints2/dict_0006_0120" 7215
"../../../Engine/Content/EngineMaterials/Substrate/Glints2/dict_0006_0128.uasset" 7216
"/Engine/EngineMaterials/Substrate/Glints2/dict_0006_0121" 7217
"../../../Engine/Content/EngineMaterials/Substrate/Glints2/dict_0006_0105.uasset" 7218
"../../../Engine/Content/EngineMaterials/Substrate/Glints2/dict_0006_0106.uasset" 7219
"/Engine/EngineMaterials/Substrate/Glints2/dict_0006_0110" 7220
"../../../Engine/Content/EngineMaterials/Substrate/Glints2/dict_0006_0125.uasset" 7221
"/Engine/EngineMaterials/Substrate/Glints2/dict_0006_0113" 7222
"../../../Engine/Content/EngineMaterials/Substrate/Glints2/dict_0006_0118.uasset" 7223
"/Engine/EngineMaterials/Substrate/Glints2/dict_0006_0116" 7224
"/Engine/EngineMaterials/Substrate/Glints2/dict_0006_0137" 7225
"../../../Engine/Content/EngineMaterials/Substrate/Glints2/dict_0006_0101.uasset" 7226
"../../../Engine/Content/EngineMaterials/Substrate/Glints2/dict_0006_0107.uasset" 7227
"../../../Engine/Content/EngineMaterials/Substrate/Glints2/dict_0006_0115.uasset" 7228
"../../../Engine/Content/EngineMaterials/Substrate/Glints2/dict_0006_0117.uasset" 7229
"/Engine/EngineMaterials/Substrate/Glints2/dict_0006_0138" 7230
"/Engine/EngineMaterials/Substrate/Glints2/dict_0006_0111" 7231
"/Engine/EngineMaterials/Substrate/Glints2/dict_0006_0139" 7232
"/Engine/EngineMaterials/Substrate/Glints2/dict_0006_0114" 7233
"/Engine/EngineMaterials/Substrate/Glints2/dict_0006_0108" 7234
"../../../Engine/Content/EngineMaterials/Substrate/Glints2/dict_0006_0104.uasset" 7235
"/Engine/EngineMaterials/Substrate/Glints2/dict_0006_0105" 7236
"/Engine/EngineMaterials/Substrate/Glints2/dict_0006_0115" 7237
"/Engine/EngineMaterials/Substrate/Glints2/dict_0006_0125" 7238
"/Engine/EngineMaterials/Substrate/Glints2/dict_0006_0106" 7239
"/Engine/EngineMaterials/Substrate/Glints2/dict_0006_0126" 7240
"/Engine/EngineMaterials/Substrate/Glints2/dict_0006_0128" 7241
"/Engine/EngineMaterials/Substrate/Glints2/dict_0006_0107" 7242
"/Engine/EngineMaterials/Substrate/Glints2/dict_0006_0117" 7243
"/Engine/EngineMaterials/Substrate/Glints2/dict_0006_0101" 7244
"/Engine/EngineMaterials/Substrate/Glints2/dict_0006_0118" 7245
"../../../Engine/Content/EngineMaterials/Substrate/Glints2/dict_0006_0100.uasset" 7246
"/Engine/EngineMaterials/Substrate/Glints2/dict_0006_0104" 7247
"/Engine/EngineMaterials/Substrate/Glints2/dict_0006_0100" 7248
"../../../Engine/Content/EngineMaterials/Substrate/Glints2/dict_0006_0090.uasset" 7249
"../../../Engine/Content/EngineMaterials/Substrate/Glints2/dict_0006_0102.uasset" 7250
"../../../Engine/Content/EngineMaterials/Substrate/Glints2/dict_0006_0099.uasset" 7251
"../../../Engine/Content/EngineMaterials/Substrate/Glints2/dict_0006_0097.uasset" 7252
"../../../Engine/Content/EngineMaterials/Substrate/Glints2/dict_0006_0119.uasset" 7253
"../../../Engine/Content/EngineMaterials/Substrate/Glints2/dict_0006_0094.uasset" 7254
"../../../Engine/Content/EngineMaterials/Substrate/Glints2/dict_0006_0096.uasset" 7255
"../../../Engine/Content/EngineMaterials/Substrate/Glints2/dict_0006_0095.uasset" 7256
"../../../Engine/Content/EngineMaterials/Substrate/Glints2/dict_0006_0092.uasset" 7257
"../../../Engine/Content/EngineMaterials/Substrate/Glints2/dict_0006_0091.uasset" 7258
"../../../Engine/Content/EngineMaterials/Substrate/Glints2/dict_0006_0093.uasset" 7259
"../../../Engine/Content/EngineMaterials/Substrate/Glints2/dict_0006_0103.uasset" 7260
"../../../Engine/Content/EngineMaterials/Substrate/Glints2/dict_0006_0098.uasset" 7261
"/Engine/EngineMaterials/Substrate/Glints2/dict_0006_0119" 7262
"../../../Engine/Content/EngineMaterials/Substrate/Glints2/dict_0006_0089.uasset" 7263
"/Engine/EngineMaterials/Substrate/Glints2/dict_0006_0102" 7264
"/Engine/EngineMaterials/Substrate/Glints2/dict_0006_0090" 7265
"/Engine/EngineMaterials/Substrate/Glints2/dict_0006_0091" 7266
"/Engine/EngineMaterials/Substrate/Glints2/dict_0006_0103" 7267
"/Engine/EngineMaterials/Substrate/Glints2/dict_0006_0092" 7268
"/Engine/EngineMaterials/Substrate/Glints2/dict_0006_0093" 7269
"../../../Engine/Content/EngineMaterials/Substrate/Glints2/dict_0006_0088.uasset" 7270
"../../../Engine/Content/EngineMaterials/Substrate/Glints2/dict_0006_0087.uasset" 7271
"/Engine/EngineMaterials/Substrate/Glints2/dict_0006_0094" 7272
"/Engine/EngineMaterials/Substrate/Glints2/dict_0006_0095" 7273
"/Engine/EngineMaterials/Substrate/Glints2/dict_0006_0096" 7274
"/Engine/EngineMaterials/Substrate/Glints2/dict_0006_0097" 7275
"/Engine/EngineMaterials/Substrate/Glints2/dict_0006_0098" 7276
"/Engine/EngineMaterials/Substrate/Glints2/dict_0006_0099" 7277
"../../../Engine/Content/EngineMaterials/Substrate/Glints2/dict_0006_0085.uasset" 7278
"../../../Engine/Content/EngineMaterials/Substrate/Glints2/dict_0006_0075.uasset" 7279
"../../../Engine/Content/EngineMaterials/Substrate/Glints2/dict_0006_0084.uasset" 7280
"/Engine/EngineMaterials/Substrate/Glints2/dict_0006_0085" 7281
"../../../Engine/Content/EngineMaterials/Substrate/Glints2/dict_0006_0080.uasset" 7282
"../../../Engine/Content/EngineMaterials/Substrate/Glints2/dict_0006_0073.uasset" 7283
"../../../Engine/Content/EngineMaterials/Substrate/Glints2/dict_0006_0071.uasset" 7284
"../../../Engine/Content/EngineMaterials/Substrate/Glints2/dict_0006_0086.uasset" 7285
"../../../Engine/Content/EngineMaterials/Substrate/Glints2/dict_0006_0079.uasset" 7286
"../../../Engine/Content/EngineMaterials/Substrate/Glints2/dict_0006_0083.uasset" 7287
"../../../Engine/Content/EngineMaterials/Substrate/Glints2/dict_0006_0081.uasset" 7288
"/Engine/EngineMaterials/Substrate/Glints2/dict_0006_0075" 7289
"/Engine/EngineMaterials/Substrate/Glints2/dict_0006_0087" 7290
"/Engine/EngineMaterials/Substrate/Glints2/dict_0006_0088" 7291
"../../../Engine/Content/EngineMaterials/Substrate/Glints2/dict_0006_0076.uasset" 7292
"/Engine/EngineMaterials/Substrate/Glints2/dict_0006_0089" 7293
"/Engine/EngineMaterials/Substrate/Glints2/dict_0006_0084" 7294
"../../../Engine/Content/EngineMaterials/Substrate/Glints2/dict_0006_0077.uasset" 7295
"../../../Engine/Content/EngineMaterials/Substrate/Glints2/dict_0006_0072.uasset" 7296
"/Engine/EngineMaterials/Substrate/Glints2/dict_0006_0073" 7297
"/Engine/EngineMaterials/Substrate/Glints2/dict_0006_0086" 7298
"/Engine/EngineMaterials/Substrate/Glints2/dict_0006_0076" 7299
"/Engine/EngineMaterials/Substrate/Glints2/dict_0006_0079" 7300
"/Engine/EngineMaterials/Substrate/Glints2/dict_0006_0080" 7301
"../../../Engine/Content/EngineMaterials/Substrate/Glints2/dict_0006_0082.uasset" 7302
"/Engine/EngineMaterials/Substrate/Glints2/dict_0006_0071" 7303
"/Engine/EngineMaterials/Substrate/Glints2/dict_0006_0081" 7304
"/Engine/EngineMaterials/Substrate/Glints2/dict_0006_0083" 7305
"/Engine/EngineMaterials/Substrate/Glints2/dict_0006_0077" 7306
"/Engine/EngineMaterials/Substrate/Glints2/dict_0006_0082" 7307
"/Engine/EngineMaterials/Substrate/Glints2/dict_0006_0072" 7308
"../../../Engine/Content/EngineMaterials/Substrate/Glints2/dict_0006_0066.uasset" 7309
"../../../Engine/Content/EngineMaterials/Substrate/Glints2/dict_0006_0068.uasset" 7310
"../../../Engine/Content/EngineMaterials/Substrate/Glints2/dict_0006_0070.uasset" 7311
"../../../Engine/Content/EngineMaterials/Substrate/Glints2/dict_0006_0065.uasset" 7312
"../../../Engine/Content/EngineMaterials/Substrate/Glints2/dict_0006_0067.uasset" 7313
"../../../Engine/Content/EngineMaterials/Substrate/Glints2/dict_0006_0061.uasset" 7314
"../../../Engine/Content/EngineMaterials/Substrate/Glints2/dict_0006_0078.uasset" 7315
"../../../Engine/Content/EngineMaterials/Substrate/Glints2/dict_0006_0074.uasset" 7316
"../../../Engine/Content/EngineMaterials/Substrate/Glints2/dict_0006_0058.uasset" 7317
"../../../Engine/Content/EngineMaterials/Substrate/Glints2/dict_0006_0069.uasset" 7318
"../../../Engine/Content/EngineMaterials/Substrate/Glints2/dict_0006_0054.uasset" 7319
"../../../Engine/Content/EngineMaterials/Substrate/Glints2/dict_0006_0056.uasset" 7320
"../../../Engine/Content/EngineMaterials/Substrate/Glints2/dict_0006_0055.uasset" 7321
"../../../Engine/Content/EngineMaterials/Substrate/Glints2/dict_0006_0050.uasset" 7322
"../../../Engine/Content/EngineMaterials/Substrate/Glints2/dict_0006_0059.uasset" 7323
"../../../Engine/Content/EngineMaterials/Substrate/Glints2/dict_0006_0045.uasset" 7324
"../../../Engine/Content/EngineMaterials/Substrate/Glints2/dict_0006_0062.uasset" 7325
"../../../Engine/Content/EngineMaterials/Substrate/Glints2/dict_0006_0053.uasset" 7326
"../../../Engine/Content/EngineMaterials/Substrate/Glints2/dict_0006_0064.uasset" 7327
"../../../Engine/Content/EngineMaterials/Substrate/Glints2/dict_0006_0063.uasset" 7328
"../../../Engine/Content/EngineMaterials/Substrate/Glints2/dict_0006_0051.uasset" 7329
"../../../Engine/Content/EngineMaterials/Substrate/Glints2/dict_0006_0043.uasset" 7330
"../../../Engine/Content/EngineMaterials/Substrate/Glints2/dict_0006_0057.uasset" 7331
"../../../Engine/Content/EngineMaterials/Substrate/Glints2/dict_0006_0060.uasset" 7332
"/Engine/EngineMaterials/Substrate/Glints2/dict_0006_0045" 7333
"../../../Engine/Content/EngineMaterials/Substrate/Glints2/dict_0006_0048.uasset" 7334
"/Engine/EngineMaterials/Substrate/Glints2/dict_0006_0053" 7335
"../../../Engine/Content/EngineMaterials/Substrate/Glints2/dict_0006_0052.uasset" 7336
"/Engine/EngineMaterials/Substrate/Glints2/dict_0006_0074" 7337
"/Engine/EngineMaterials/Substrate/Glints2/dict_0006_0054" 7338
"/Engine/EngineMaterials/Substrate/Glints2/dict_0006_0058" 7339
"/Engine/EngineMaterials/Substrate/Glints2/dict_0006_0055" 7340
"/Engine/EngineMaterials/Substrate/Glints2/dict_0006_0078" 7341
"/Engine/EngineMaterials/Substrate/Glints2/dict_0006_0059" 7342
"/Engine/EngineMaterials/Substrate/Glints2/dict_0006_0056" 7343
"/Engine/EngineMaterials/Substrate/Glints2/dict_0006_0050" 7344
"/Engine/EngineMaterials/Substrate/Glints2/dict_0006_0061" 7345
"/Engine/EngineMaterials/Substrate/Glints2/dict_0006_0051" 7346
"/Engine/EngineMaterials/Substrate/Glints2/dict_0006_0062" 7347
"/Engine/EngineMaterials/Substrate/Glints2/dict_0006_0063" 7348
"/Engine/EngineMaterials/Substrate/Glints2/dict_0006_0043" 7349
"../../../Engine/Content/EngineMaterials/Substrate/Glints2/dict_0006_0049.uasset" 7350
"/Engine/EngineMaterials/Substrate/Glints2/dict_0006_0064" 7351
"../../../Engine/Content/EngineMaterials/Substrate/Glints2/dict_0006_0044.uasset" 7352
"../../../Engine/Content/EngineMaterials/Substrate/Glints2/dict_0006_0041.uasset" 7353
"../../../Engine/Content/EngineMaterials/Substrate/Glints2/dict_0006_0042.uasset" 7354
"/Engine/EngineMaterials/Substrate/Glints2/dict_0006_0065" 7355
"/Engine/EngineMaterials/Substrate/Glints2/dict_0006_0066" 7356
"/Engine/EngineMaterials/Substrate/Glints2/dict_0006_0067" 7357
"/Engine/EngineMaterials/Substrate/Glints2/dict_0006_0068" 7358
"/Engine/EngineMaterials/Substrate/Glints2/dict_0006_0069" 7359
"../../../Engine/Content/EngineMaterials/Substrate/Glints2/dict_0006_0046.uasset" 7360
"/Engine/EngineMaterials/Substrate/Glints2/dict_0006_0070" 7361
"/Engine/EngineMaterials/Substrate/Glints2/dict_0006_0044" 7362
"/Engine/EngineMaterials/Substrate/Glints2/dict_0006_0046" 7363
"/Engine/EngineMaterials/Substrate/Glints2/dict_0006_0041" 7364
"/Engine/EngineMaterials/Substrate/Glints2/dict_0006_0057" 7365
"/Engine/EngineMaterials/Substrate/Glints2/dict_0006_0048" 7366
"../../../Engine/Content/EngineMaterials/Substrate/Glints2/dict_0006_0047.uasset" 7367
"/Engine/EngineMaterials/Substrate/Glints2/dict_0006_0049" 7368
"/Engine/EngineMaterials/Substrate/Glints2/dict_0006_0060" 7369
"/Engine/EngineMaterials/Substrate/Glints2/dict_0006_0042" 7370
"/Engine/EngineMaterials/Substrate/Glints2/dict_0006_0052" 7371
"/Engine/EngineMaterials/Substrate/Glints2/dict_0006_0047" 7372
"../../../Engine/Content/EngineMaterials/Substrate/Glints2/dict_0006_0037.uasset" 7373
"../../../Engine/Content/EngineMaterials/Substrate/Glints2/dict_0006_0038.uasset" 7374
"../../../Engine/Content/EngineMaterials/Substrate/Glints2/dict_0006_0018.uasset" 7375
"../../../Engine/Content/EngineMaterials/Substrate/Glints2/dict_0006_0019.uasset" 7376
"../../../Engine/Content/EngineMaterials/Substrate/Glints2/dict_0006_0040.uasset" 7377
"../../../Engine/Content/EngineMaterials/Substrate/Glints2/dict_0006_0029.uasset" 7378
"../../../Engine/Content/EngineMaterials/Substrate/Glints2/dict_0006_0035.uasset" 7379
"../../../Engine/Content/EngineMaterials/Substrate/Glints2/dict_0006_0036.uasset" 7380
"../../../Engine/Content/EngineMaterials/Substrate/Glints2/dict_0006_0030.uasset" 7381
"../../../Engine/Content/EngineMaterials/Substrate/Glints2/dict_0006_0031.uasset" 7382
"../../../Engine/Content/EngineMaterials/Substrate/Glints2/dict_0006_0022.uasset" 7383
"../../../Engine/Content/EngineMaterials/Substrate/Glints2/dict_0006_0039.uasset" 7384
"../../../Engine/Content/EngineMaterials/Substrate/Glints2/dict_0006_0032.uasset" 7385
"../../../Engine/Content/EngineMaterials/Substrate/Glints2/dict_0006_0023.uasset" 7386
"../../../Engine/Content/EngineMaterials/Substrate/Glints2/dict_0006_0016.uasset" 7387
"../../../Engine/Content/EngineMaterials/Substrate/Glints2/dict_0006_0026.uasset" 7388
"/Engine/EngineMaterials/Substrate/Glints2/dict_0006_0019" 7389
"../../../Engine/Content/EngineMaterials/Substrate/Glints2/dict_0006_0015.uasset" 7390
"/Engine/EngineMaterials/Substrate/Glints2/dict_0006_0022" 7391
"/Engine/EngineMaterials/Substrate/Glints2/dict_0006_0023" 7392
"/Engine/EngineMaterials/Substrate/Glints2/dict_0006_0016" 7393
"/Engine/EngineMaterials/Substrate/Glints2/dict_0006_0029" 7394
"../../../Engine/Content/EngineMaterials/Substrate/Glints2/dict_0006_0034.uasset" 7395
"/Engine/EngineMaterials/Substrate/Glints2/dict_0006_0030" 7396
"../../../Engine/Content/EngineMaterials/Substrate/Glints2/dict_0006_0033.uasset" 7397
"../../../Engine/Content/EngineMaterials/Substrate/Glints2/dict_0006_0027.uasset" 7398
"/Engine/EngineMaterials/Substrate/Glints2/dict_0006_0031" 7399
"/Engine/EngineMaterials/Substrate/Glints2/dict_0006_0032" 7400
"../../../Engine/Content/EngineMaterials/Substrate/Glints2/dict_0006_0021.uasset" 7401
"/Engine/EngineMaterials/Substrate/Glints2/dict_0006_0018" 7402
"/Engine/EngineMaterials/Substrate/Glints2/dict_0006_0035" 7403
"/Engine/EngineMaterials/Substrate/Glints2/dict_0006_0036" 7404
"../../../Engine/Content/EngineMaterials/Substrate/Glints2/dict_0006_0017.uasset" 7405
"../../../Engine/Content/EngineMaterials/Substrate/Glints2/dict_0006_0028.uasset" 7406
"/Engine/EngineMaterials/Substrate/Glints2/dict_0006_0037" 7407
"../../../Engine/Content/EngineMaterials/Substrate/Glints2/dict_0006_0011.uasset" 7408
"../../../Engine/Content/EngineMaterials/Substrate/Glints2/dict_0006_0025.uasset" 7409
"/Engine/EngineMaterials/Substrate/Glints2/dict_0006_0038" 7410
"../../../Engine/Content/EngineMaterials/Substrate/Glints2/dict_0006_0013.uasset" 7411
"../../../Engine/Content/EngineMaterials/Substrate/Glints2/dict_0006_0010.uasset" 7412
"/Engine/EngineMaterials/Substrate/Glints2/dict_0006_0039" 7413
"/Engine/EngineMaterials/Substrate/Glints2/dict_0006_0040" 7414
"../../../Engine/Content/EngineMaterials/Substrate/Glints2/dict_0006_0024.uasset" 7415
"../../../Engine/Content/EngineMaterials/Substrate/Glints2/dict_0006_0009.uasset" 7416
"/Engine/EngineMaterials/Substrate/Glints2/dict_0006_0010" 7417
"../../../Engine/Content/EngineMaterials/Substrate/Glints2/dict_0006_0012.uasset" 7418
"../../../Engine/Content/EngineMaterials/Substrate/Glints2/dict_0006_0014.uasset" 7419
"/Engine/EngineMaterials/Substrate/Glints2/dict_0006_0011" 7420
"/Engine/EngineMaterials/Substrate/Glints2/dict_0006_0021" 7421
"/Engine/EngineMaterials/Substrate/Glints2/dict_0006_0009" 7422
"/Engine/EngineMaterials/Substrate/Glints2/dict_0006_0024" 7423
"/Engine/EngineMaterials/Substrate/Glints2/dict_0006_0025" 7424
"/Engine/EngineMaterials/Substrate/Glints2/dict_0006_0026" 7425
"../../../Engine/Content/EngineMaterials/Substrate/Glints2/dict_0006_0020.uasset" 7426
"/Engine/EngineMaterials/Substrate/Glints2/dict_0006_0027" 7427
"/Engine/EngineMaterials/Substrate/Glints2/dict_0006_0013" 7428
"/Engine/EngineMaterials/Substrate/Glints2/dict_0006_0015" 7429
"/Engine/EngineMaterials/Substrate/Glints2/dict_0006_0028" 7430
"/Engine/EngineMaterials/Substrate/Glints2/dict_0006_0017" 7431
"/Engine/EngineMaterials/Substrate/Glints2/dict_0006_0033" 7432
"/Engine/EngineMaterials/Substrate/Glints2/dict_0006_0034" 7433
"/Engine/EngineMaterials/Substrate/Glints2/dict_0006_0020" 7434
"/Engine/EngineMaterials/Substrate/Glints2/dict_0006_0012" 7435
"/Engine/EngineMaterials/Substrate/Glints2/dict_0006_0014" 7436
"../../../Engine/Content/EngineMaterials/Substrate/Glints2/dict_0006_0006.uasset" 7437
"../../../Engine/Content/EngineMaterials/Substrate/Glints2/dict_0005_0253.uasset" 7438
"../../../Engine/Content/EngineMaterials/Substrate/Glints2/dict_0005_0250.uasset" 7439
"../../../Engine/Content/EngineMaterials/Substrate/Glints2/dict_0005_0251.uasset" 7440
"../../../Engine/Content/EngineMaterials/Substrate/Glints2/dict_0006_0005.uasset" 7441
"../../../Engine/Content/EngineMaterials/Substrate/Glints2/dict_0006_0008.uasset" 7442
"../../../Engine/Content/EngineMaterials/Substrate/Glints2/dict_0006_0007.uasset" 7443
"../../../Engine/Content/EngineMaterials/Substrate/Glints2/dict_0006_0000.uasset" 7444
"../../../Engine/Content/EngineMaterials/Substrate/Glints2/dict_0006_0004.uasset" 7445
"../../../Engine/Content/EngineMaterials/Substrate/Glints2/dict_0006_0001.uasset" 7446
"../../../Engine/Content/EngineMaterials/Substrate/Glints2/dict_0006_0003.uasset" 7447
"../../../Engine/Content/EngineMaterials/Substrate/Glints2/dict_0005_0255.uasset" 7448
"../../../Engine/Content/EngineMaterials/Substrate/Glints2/dict_0005_0248.uasset" 7449
"../../../Engine/Content/EngineMaterials/Substrate/Glints2/dict_0005_0249.uasset" 7450
"../../../Engine/Content/EngineMaterials/Substrate/Glints2/dict_0005_0247.uasset" 7451
"../../../Engine/Content/EngineMaterials/Substrate/Glints2/dict_0005_0252.uasset" 7452
"../../../Engine/Content/EngineMaterials/Substrate/Glints2/dict_0005_0241.uasset" 7453
"../../../Engine/Content/EngineMaterials/Substrate/Glints2/dict_0005_0244.uasset" 7454
"../../../Engine/Content/EngineMaterials/Substrate/Glints2/dict_0005_0245.uasset" 7455
"../../../Engine/Content/EngineMaterials/Substrate/Glints2/dict_0005_0242.uasset" 7456
"/Engine/EngineMaterials/Substrate/Glints2/dict_0005_0250" 7457
"../../../Engine/Content/EngineMaterials/Substrate/Glints2/dict_0005_0239.uasset" 7458
"../../../Engine/Content/EngineMaterials/Substrate/Glints2/dict_0005_0240.uasset" 7459
"../../../Engine/Content/EngineMaterials/Substrate/Glints2/dict_0006_0002.uasset" 7460
"/Engine/EngineMaterials/Substrate/Glints2/dict_0005_0251" 7461
"../../../Engine/Content/EngineMaterials/Substrate/Glints2/dict_0005_0243.uasset" 7462
"../../../Engine/Content/EngineMaterials/Substrate/Glints2/dict_0005_0246.uasset" 7463
"../../../Engine/Content/EngineMaterials/Substrate/Glints2/dict_0005_0237.uasset" 7464
"/Engine/EngineMaterials/Substrate/Glints2/dict_0005_0252" 7465
"../../../Engine/Content/EngineMaterials/Substrate/Glints2/dict_0005_0254.uasset" 7466
"/Engine/EngineMaterials/Substrate/Glints2/dict_0005_0241" 7467
"../../../Engine/Content/EngineMaterials/Substrate/Glints2/dict_0005_0236.uasset" 7468
"../../../Engine/Content/EngineMaterials/Substrate/Glints2/dict_0005_0238.uasset" 7469
"/Engine/EngineMaterials/Substrate/Glints2/dict_0005_0242" 7470
"/Engine/EngineMaterials/Substrate/Glints2/dict_0005_0244" 7471
"/Engine/EngineMaterials/Substrate/Glints2/dict_0005_0245" 7472
"../../../Engine/Content/EngineMaterials/Substrate/Glints2/dict_0005_0234.uasset" 7473
"../../../Engine/Content/EngineMaterials/Substrate/Glints2/dict_0005_0235.uasset" 7474
"/Engine/EngineMaterials/Substrate/Glints2/dict_0005_0253" 7475
"/Engine/EngineMaterials/Substrate/Glints2/dict_0005_0255" 7476
"../../../Engine/Content/EngineMaterials/Substrate/Glints2/dict_0005_0233.uasset" 7477
"/Engine/EngineMaterials/Substrate/Glints2/dict_0006_0000" 7478
"/Engine/EngineMaterials/Substrate/Glints2/dict_0006_0001" 7479
"/Engine/EngineMaterials/Substrate/Glints2/dict_0005_0247" 7480
"/Engine/EngineMaterials/Substrate/Glints2/dict_0005_0248" 7481
"/Engine/EngineMaterials/Substrate/Glints2/dict_0005_0249" 7482
"/Engine/EngineMaterials/Substrate/Glints2/dict_0006_0003" 7483
"/Engine/EngineMaterials/Substrate/Glints2/dict_0006_0004" 7484
"/Engine/EngineMaterials/Substrate/Glints2/dict_0006_0005" 7485
"/Engine/EngineMaterials/Substrate/Glints2/dict_0006_0006" 7486
"/Engine/EngineMaterials/Substrate/Glints2/dict_0006_0007" 7487
"/Engine/EngineMaterials/Substrate/Glints2/dict_0006_0008" 7488
"/Engine/EngineMaterials/Substrate/Glints2/dict_0005_0236" 7489
"/Engine/EngineMaterials/Substrate/Glints2/dict_0005_0233" 7490
"/Engine/EngineMaterials/Substrate/Glints2/dict_0005_0237" 7491
"/Engine/EngineMaterials/Substrate/Glints2/dict_0005_0238" 7492
"/Engine/EngineMaterials/Substrate/Glints2/dict_0005_0239" 7493
"/Engine/EngineMaterials/Substrate/Glints2/dict_0005_0234" 7494
"/Engine/EngineMaterials/Substrate/Glints2/dict_0005_0240" 7495
"../../../Engine/Content/EngineMaterials/Substrate/Glints2/dict_0005_0220.uasset" 7496
"../../../Engine/Content/EngineMaterials/Substrate/Glints2/dict_0005_0213.uasset" 7497
"../../../Engine/Content/EngineMaterials/Substrate/Glints2/dict_0005_0222.uasset" 7498
"../../../Engine/Content/EngineMaterials/Substrate/Glints2/dict_0005_0221.uasset" 7499
"/Engine/EngineMaterials/Substrate/Glints2/dict_0005_0243" 7500
"../../../Engine/Content/EngineMaterials/Substrate/Glints2/dict_0005_0228.uasset" 7501
"../../../Engine/Content/EngineMaterials/Substrate/Glints2/dict_0005_0232.uasset" 7502
"../../../Engine/Content/EngineMaterials/Substrate/Glints2/dict_0005_0227.uasset" 7503
"../../../Engine/Content/EngineMaterials/Substrate/Glints2/dict_0005_0231.uasset" 7504
"../../../Engine/Content/EngineMaterials/Substrate/Glints2/dict_0005_0226.uasset" 7505
"/Engine/EngineMaterials/Substrate/Glints2/dict_0005_0235" 7506
"../../../Engine/Content/EngineMaterials/Substrate/Glints2/dict_0005_0217.uasset" 7507
"/Engine/EngineMaterials/Substrate/Glints2/dict_0005_0246" 7508
"/Engine/EngineMaterials/Substrate/Glints2/dict_0005_0254" 7509
"/Engine/EngineMaterials/Substrate/Glints2/dict_0006_0002" 7510
"../../../Engine/Content/EngineMaterials/Substrate/Glints2/dict_0005_0218.uasset" 7511
"../../../Engine/Content/EngineMaterials/Substrate/Glints2/dict_0005_0219.uasset" 7512
"../../../Engine/Content/EngineMaterials/Substrate/Glints2/dict_0005_0216.uasset" 7513
"/Engine/EngineMaterials/Substrate/Glints2/dict_0005_0213" 7514
"../../../Engine/Content/EngineMaterials/Substrate/Glints2/dict_0005_0214.uasset" 7515
"/Engine/EngineMaterials/Substrate/Glints2/dict_0005_0217" 7516
"/Engine/EngineMaterials/Substrate/Glints2/dict_0005_0218" 7517
"../../../Engine/Content/EngineMaterials/Substrate/Glints2/dict_0005_0225.uasset" 7518
"/Engine/EngineMaterials/Substrate/Glints2/dict_0005_0219" 7519
"../../../Engine/Content/EngineMaterials/Substrate/Glints2/dict_0005_0215.uasset" 7520
"../../../Engine/Content/EngineMaterials/Substrate/Glints2/dict_0005_0223.uasset" 7521
"/Engine/EngineMaterials/Substrate/Glints2/dict_0005_0220" 7522
"/Engine/EngineMaterials/Substrate/Glints2/dict_0005_0221" 7523
"/Engine/EngineMaterials/Substrate/Glints2/dict_0005_0222" 7524
"../../../Engine/Content/EngineMaterials/Substrate/Glints2/dict_0005_0229.uasset" 7525
"/Engine/EngineMaterials/Substrate/Glints2/dict_0005_0226" 7526
"../../../Engine/Content/EngineMaterials/Substrate/Glints2/dict_0005_0224.uasset" 7527
"/Engine/EngineMaterials/Substrate/Glints2/dict_0005_0227" 7528
"/Engine/EngineMaterials/Substrate/Glints2/dict_0005_0228" 7529
"/Engine/EngineMaterials/Substrate/Glints2/dict_0005_0231" 7530
"/Engine/EngineMaterials/Substrate/Glints2/dict_0005_0232" 7531
"/Engine/EngineMaterials/Substrate/Glints2/dict_0005_0214" 7532
"/Engine/EngineMaterials/Substrate/Glints2/dict_0005_0215" 7533
"/Engine/EngineMaterials/Substrate/Glints2/dict_0005_0216" 7534
"../../../Engine/Content/EngineMaterials/Substrate/Glints2/dict_0005_0230.uasset" 7535
"/Engine/EngineMaterials/Substrate/Glints2/dict_0005_0223" 7536
"/Engine/EngineMaterials/Substrate/Glints2/dict_0005_0224" 7537
"../../../Engine/Content/EngineMaterials/Substrate/Glints2/dict_0005_0202.uasset" 7538
"../../../Engine/Content/EngineMaterials/Substrate/Glints2/dict_0005_0209.uasset" 7539
"../../../Engine/Content/EngineMaterials/Substrate/Glints2/dict_0005_0207.uasset" 7540
"../../../Engine/Content/EngineMaterials/Substrate/Glints2/dict_0005_0206.uasset" 7541
"../../../Engine/Content/EngineMaterials/Substrate/Glints2/dict_0005_0208.uasset" 7542
"../../../Engine/Content/EngineMaterials/Substrate/Glints2/dict_0005_0201.uasset" 7543
"../../../Engine/Content/EngineMaterials/Substrate/Glints2/dict_0005_0205.uasset" 7544
"../../../Engine/Content/EngineMaterials/Substrate/Glints2/dict_0005_0204.uasset" 7545
"../../../Engine/Content/EngineMaterials/Substrate/Glints2/dict_0005_0211.uasset" 7546
"../../../Engine/Content/EngineMaterials/Substrate/Glints2/dict_0005_0212.uasset" 7547
"/Engine/EngineMaterials/Substrate/Glints2/dict_0005_0225" 7548
"/Engine/EngineMaterials/Substrate/Glints2/dict_0005_0229" 7549
"../../../Engine/Content/EngineMaterials/Substrate/Glints2/dict_0005_0203.uasset" 7550
"/Engine/EngineMaterials/Substrate/Glints2/dict_0005_0201" 7551
"/Engine/EngineMaterials/Substrate/Glints2/dict_0005_0202" 7552
"../../../Engine/Content/EngineMaterials/Substrate/Glints2/dict_0005_0190.uasset" 7553
"/Engine/EngineMaterials/Substrate/Glints2/dict_0005_0203" 7554
"../../../Engine/Content/EngineMaterials/Substrate/Glints2/dict_0005_0210.uasset" 7555
"../../../Engine/Content/EngineMaterials/Substrate/Glints2/dict_0005_0198.uasset" 7556
"/Engine/EngineMaterials/Substrate/Glints2/dict_0005_0204" 7557
"/Engine/EngineMaterials/Substrate/Glints2/dict_0005_0205" 7558
"/Engine/EngineMaterials/Substrate/Glints2/dict_0005_0206" 7559
"/Engine/EngineMaterials/Substrate/Glints2/dict_0005_0207" 7560
"../../../Engine/Content/EngineMaterials/Substrate/Glints2/dict_0005_0199.uasset" 7561
"/Engine/EngineMaterials/Substrate/Glints2/dict_0005_0208" 7562
"../../../Engine/Content/EngineMaterials/Substrate/Glints2/dict_0005_0194.uasset" 7563
"../../../Engine/Content/EngineMaterials/Substrate/Glints2/dict_0005_0189.uasset" 7564
"/Engine/EngineMaterials/Substrate/Glints2/dict_0005_0209" 7565
"../../../Engine/Content/EngineMaterials/Substrate/Glints2/dict_0005_0196.uasset" 7566
"/Engine/EngineMaterials/Substrate/Glints2/dict_0005_0211" 7567
"../../../Engine/Content/EngineMaterials/Substrate/Glints2/dict_0005_0197.uasset" 7568
"../../../Engine/Content/EngineMaterials/Substrate/Glints2/dict_0005_0200.uasset" 7569
"../../../Engine/Content/EngineMaterials/Substrate/Glints2/dict_0005_0188.uasset" 7570
"/Engine/EngineMaterials/Substrate/Glints2/dict_0005_0212" 7571
"/Engine/EngineMaterials/Substrate/Glints2/dict_0005_0230" 7572
"../../../Engine/Content/EngineMaterials/Substrate/Glints2/dict_0005_0192.uasset" 7573
"../../../Engine/Content/EngineMaterials/Substrate/Glints2/dict_0005_0186.uasset" 7574
"../../../Engine/Content/EngineMaterials/Substrate/Glints2/dict_0005_0184.uasset" 7575
"../../../Engine/Content/EngineMaterials/Substrate/Glints2/dict_0005_0191.uasset" 7576
"../../../Engine/Content/EngineMaterials/Substrate/Glints2/dict_0005_0182.uasset" 7577
"../../../Engine/Content/EngineMaterials/Substrate/Glints2/dict_0005_0195.uasset" 7578
"/Engine/EngineMaterials/Substrate/Glints2/dict_0005_0189" 7579
"../../../Engine/Content/EngineMaterials/Substrate/Glints2/dict_0005_0185.uasset" 7580
"../../../Engine/Content/EngineMaterials/Substrate/Glints2/dict_0005_0187.uasset" 7581
"/Engine/EngineMaterials/Substrate/Glints2/dict_0005_0184" 7582
"/Engine/EngineMaterials/Substrate/Glints2/dict_0005_0190" 7583
"/Engine/EngineMaterials/Substrate/Glints2/dict_0005_0192" 7584
"/Engine/EngineMaterials/Substrate/Glints2/dict_0005_0210" 7585
"../../../Engine/Content/EngineMaterials/Substrate/Glints2/dict_0005_0183.uasset" 7586
"../../../Engine/Content/EngineMaterials/Substrate/Glints2/dict_0005_0193.uasset" 7587
"/Engine/EngineMaterials/Substrate/Glints2/dict_0005_0194" 7588
"/Engine/EngineMaterials/Substrate/Glints2/dict_0005_0186" 7589
"/Engine/EngineMaterials/Substrate/Glints2/dict_0005_0196" 7590
"/Engine/EngineMaterials/Substrate/Glints2/dict_0005_0197" 7591
"/Engine/EngineMaterials/Substrate/Glints2/dict_0005_0198" 7592
"/Engine/EngineMaterials/Substrate/Glints2/dict_0005_0188" 7593
"/Engine/EngineMaterials/Substrate/Glints2/dict_0005_0199" 7594
"/Engine/EngineMaterials/Substrate/Glints2/dict_0005_0200" 7595
"/Engine/EngineMaterials/Substrate/Glints2/dict_0005_0182" 7596
"/Engine/EngineMaterials/Substrate/Glints2/dict_0005_0183" 7597
"/Engine/EngineMaterials/Substrate/Glints2/dict_0005_0191" 7598
"/Engine/EngineMaterials/Substrate/Glints2/dict_0005_0193" 7599
"/Engine/EngineMaterials/Substrate/Glints2/dict_0005_0195" 7600
"/Engine/EngineMaterials/Substrate/Glints2/dict_0005_0185" 7601
"/Engine/EngineMaterials/Substrate/Glints2/dict_0005_0187" 7602
"../../../Engine/Content/EngineMaterials/Substrate/Glints2/dict_0005_0173.uasset" 7603
"../../../Engine/Content/EngineMaterials/Substrate/Glints2/dict_0005_0180.uasset" 7604
"../../../Engine/Content/EngineMaterials/Substrate/Glints2/dict_0005_0174.uasset" 7605
"../../../Engine/Content/EngineMaterials/Substrate/Glints2/dict_0005_0179.uasset" 7606
"../../../Engine/Content/EngineMaterials/Substrate/Glints2/dict_0005_0175.uasset" 7607
"../../../Engine/Content/EngineMaterials/Substrate/Glints2/dict_0005_0177.uasset" 7608
"../../../Engine/Content/EngineMaterials/Substrate/Glints2/dict_0005_0171.uasset" 7609
"../../../Engine/Content/EngineMaterials/Substrate/Glints2/dict_0005_0176.uasset" 7610
"../../../Engine/Content/EngineMaterials/Substrate/Glints2/dict_0005_0181.uasset" 7611
"../../../Engine/Content/EngineMaterials/Substrate/Glints2/dict_0005_0167.uasset" 7612
"../../../Engine/Content/EngineMaterials/Substrate/Glints2/dict_0005_0164.uasset" 7613
"../../../Engine/Content/EngineMaterials/Substrate/Glints2/dict_0005_0162.uasset" 7614
"../../../Engine/Content/EngineMaterials/Substrate/Glints2/dict_0005_0166.uasset" 7615
"../../../Engine/Content/EngineMaterials/Substrate/Glints2/dict_0005_0168.uasset" 7616
"../../../Engine/Content/EngineMaterials/Substrate/Glints2/dict_0005_0165.uasset" 7617
"../../../Engine/Content/EngineMaterials/Substrate/Glints2/dict_0005_0161.uasset" 7618
"../../../Engine/Content/EngineMaterials/Substrate/Glints2/dict_0005_0172.uasset" 7619
"../../../Engine/Content/EngineMaterials/Substrate/Glints2/dict_0005_0178.uasset" 7620
"../../../Engine/Content/EngineMaterials/Substrate/Glints2/dict_0005_0160.uasset" 7621
"../../../Engine/Content/EngineMaterials/Substrate/Glints2/dict_0005_0170.uasset" 7622
"../../../Engine/Content/EngineMaterials/Substrate/Glints2/dict_0005_0169.uasset" 7623
"../../../Engine/Content/EngineMaterials/Substrate/Glints2/dict_0005_0163.uasset" 7624
"../../../Engine/Content/EngineMaterials/Substrate/Glints2/dict_0005_0156.uasset" 7625
"../../../Engine/Content/EngineMaterials/Substrate/Glints2/dict_0005_0157.uasset" 7626
"/Engine/EngineMaterials/Substrate/Glints2/dict_0005_0170" 7627
"../../../Engine/Content/EngineMaterials/Substrate/Glints2/dict_0005_0154.uasset" 7628
"/Engine/EngineMaterials/Substrate/Glints2/dict_0005_0171" 7629
"/Engine/EngineMaterials/Substrate/Glints2/dict_0005_0172" 7630
"../../../Engine/Content/EngineMaterials/Substrate/Glints2/dict_0005_0158.uasset" 7631
"../../../Engine/Content/EngineMaterials/Substrate/Glints2/dict_0005_0153.uasset" 7632
"/Engine/EngineMaterials/Substrate/Glints2/dict_0005_0173" 7633
"/Engine/EngineMaterials/Substrate/Glints2/dict_0005_0174" 7634
"../../../Engine/Content/EngineMaterials/Substrate/Glints2/dict_0005_0159.uasset" 7635
"/Engine/EngineMaterials/Substrate/Glints2/dict_0005_0175" 7636
"../../../Engine/Content/EngineMaterials/Substrate/Glints2/dict_0005_0155.uasset" 7637
"/Engine/EngineMaterials/Substrate/Glints2/dict_0005_0176" 7638
"/Engine/EngineMaterials/Substrate/Glints2/dict_0005_0177" 7639
"/Engine/EngineMaterials/Substrate/Glints2/dict_0005_0178" 7640
"/Engine/EngineMaterials/Substrate/Glints2/dict_0005_0160" 7641
"/Engine/EngineMaterials/Substrate/Glints2/dict_0005_0161" 7642
"/Engine/EngineMaterials/Substrate/Glints2/dict_0005_0179" 7643
"/Engine/EngineMaterials/Substrate/Glints2/dict_0005_0162" 7644
"/Engine/EngineMaterials/Substrate/Glints2/dict_0005_0163" 7645
"/Engine/EngineMaterials/Substrate/Glints2/dict_0005_0156" 7646
"/Engine/EngineMaterials/Substrate/Glints2/dict_0005_0180" 7647
"/Engine/EngineMaterials/Substrate/Glints2/dict_0005_0164" 7648
"/Engine/EngineMaterials/Substrate/Glints2/dict_0005_0165" 7649
"/Engine/EngineMaterials/Substrate/Glints2/dict_0005_0166" 7650
"/Engine/EngineMaterials/Substrate/Glints2/dict_0005_0167" 7651
"/Engine/EngineMaterials/Substrate/Glints2/dict_0005_0181" 7652
"../../../Engine/Content/EngineMaterials/Substrate/Glints2/dict_0005_0152.uasset" 7653
"../../../Engine/Content/EngineMaterials/Substrate/Glints2/dict_0005_0151.uasset" 7654
"/Engine/EngineMaterials/Substrate/Glints2/dict_0005_0168" 7655
"/Engine/EngineMaterials/Substrate/Glints2/dict_0005_0169" 7656
"/Engine/EngineMaterials/Substrate/Glints2/dict_0005_0157" 7657
"/Engine/EngineMaterials/Substrate/Glints2/dict_0005_0151" 7658
"/Engine/EngineMaterials/Substrate/Glints2/dict_0005_0158" 7659
"../../../Engine/Content/EngineMaterials/Substrate/Glints2/dict_0005_0150.uasset" 7660
"/Engine/EngineMaterials/Substrate/Glints2/dict_0005_0159" 7661
"/Engine/EngineMaterials/Substrate/Glints2/dict_0005_0152" 7662
"/Engine/EngineMaterials/Substrate/Glints2/dict_0005_0153" 7663
"/Engine/EngineMaterials/Substrate/Glints2/dict_0005_0154" 7664
"/Engine/EngineMaterials/Substrate/Glints2/dict_0005_0155" 7665
"/Engine/EngineMaterials/Substrate/Glints2/dict_0005_0150" 7666
"../../../Engine/Content/EngineMaterials/Substrate/Glints2/dict_0005_0129.uasset" 7667
"../../../Engine/Content/EngineMaterials/Substrate/Glints2/dict_0005_0128.uasset" 7668
"../../../Engine/Content/EngineMaterials/Substrate/Glints2/dict_0005_0127.uasset" 7669
"../../../Engine/Content/EngineMaterials/Substrate/Glints2/dict_0005_0143.uasset" 7670
"../../../Engine/Content/EngineMaterials/Substrate/Glints2/dict_0005_0148.uasset" 7671
"../../../Engine/Content/EngineMaterials/Substrate/Glints2/dict_0005_0149.uasset" 7672
"../../../Engine/Content/EngineMaterials/Substrate/Glints2/dict_0005_0146.uasset" 7673
"../../../Engine/Content/EngineMaterials/Substrate/Glints2/dict_0005_0133.uasset" 7674
"../../../Engine/Content/EngineMaterials/Substrate/Glints2/dict_0005_0135.uasset" 7675
"../../../Engine/Content/EngineMaterials/Substrate/Glints2/dict_0005_0145.uasset" 7676
"../../../Engine/Content/EngineMaterials/Substrate/Glints2/dict_0005_0142.uasset" 7677
"../../../Engine/Content/EngineMaterials/Substrate/Glints2/dict_0005_0139.uasset" 7678
"../../../Engine/Content/EngineMaterials/Substrate/Glints2/dict_0005_0140.uasset" 7679
"../../../Engine/Content/EngineMaterials/Substrate/Glints2/dict_0005_0136.uasset" 7680
"../../../Engine/Content/EngineMaterials/Substrate/Glints2/dict_0005_0147.uasset" 7681
"../../../Engine/Content/EngineMaterials/Substrate/Glints2/dict_0005_0138.uasset" 7682
"../../../Engine/Content/EngineMaterials/Substrate/Glints2/dict_0005_0130.uasset" 7683
"../../../Engine/Content/EngineMaterials/Substrate/Glints2/dict_0005_0134.uasset" 7684
"../../../Engine/Content/EngineMaterials/Substrate/Glints2/dict_0005_0141.uasset" 7685
"/Engine/EngineMaterials/Substrate/Glints2/dict_0005_0127" 7686
"/Engine/EngineMaterials/Substrate/Glints2/dict_0005_0128" 7687
"../../../Engine/Content/EngineMaterials/Substrate/Glints2/dict_0005_0121.uasset" 7688
"/Engine/EngineMaterials/Substrate/Glints2/dict_0005_0129" 7689
"../../../Engine/Content/EngineMaterials/Substrate/Glints2/dict_0005_0137.uasset" 7690
"/Engine/EngineMaterials/Substrate/Glints2/dict_0005_0130" 7691
"/Engine/EngineMaterials/Substrate/Glints2/dict_0005_0133" 7692
"../../../Engine/Content/EngineMaterials/Substrate/Glints2/dict_0005_0144.uasset" 7693
"../../../Engine/Content/EngineMaterials/Substrate/Glints2/dict_0005_0132.uasset" 7694
"../../../Engine/Content/EngineMaterials/Substrate/Glints2/dict_0005_0120.uasset" 7695
"/Engine/EngineMaterials/Substrate/Glints2/dict_0005_0134" 7696
"../../../Engine/Content/EngineMaterials/Substrate/Glints2/dict_0005_0126.uasset" 7697
"../../../Engine/Content/EngineMaterials/Substrate/Glints2/dict_0005_0123.uasset" 7698
"/Engine/EngineMaterials/Substrate/Glints2/dict_0005_0135" 7699
"/Engine/EngineMaterials/Substrate/Glints2/dict_0005_0136" 7700
"/Engine/EngineMaterials/Substrate/Glints2/dict_0005_0138" 7701
"/Engine/EngineMaterials/Substrate/Glints2/dict_0005_0139" 7702
"../../../Engine/Content/EngineMaterials/Substrate/Glints2/dict_0005_0118.uasset" 7703
"/Engine/EngineMaterials/Substrate/Glints2/dict_0005_0140" 7704
"../../../Engine/Content/EngineMaterials/Substrate/Glints2/dict_0005_0119.uasset" 7705
"../../../Engine/Content/EngineMaterials/Substrate/Glints2/dict_0005_0125.uasset" 7706
"../../../Engine/Content/EngineMaterials/Substrate/Glints2/dict_0005_0131.uasset" 7707
"/Engine/EngineMaterials/Substrate/Glints2/dict_0005_0141" 7708
"../../../Engine/Content/EngineMaterials/Substrate/Glints2/dict_0005_0122.uasset" 7709
"/Engine/EngineMaterials/Substrate/Glints2/dict_0005_0142" 7710
"/Engine/EngineMaterials/Substrate/Glints2/dict_0005_0143" 7711
"/Engine/EngineMaterials/Substrate/Glints2/dict_0005_0145" 7712
"../../../Engine/Content/EngineMaterials/Substrate/Glints2/dict_0005_0124.uasset" 7713
"/Engine/EngineMaterials/Substrate/Glints2/dict_0005_0146" 7714
"/Engine/EngineMaterials/Substrate/Glints2/dict_0005_0147" 7715
"/Engine/EngineMaterials/Substrate/Glints2/dict_0005_0148" 7716
"/Engine/EngineMaterials/Substrate/Glints2/dict_0005_0149" 7717
"/Engine/EngineMaterials/Substrate/Glints2/dict_0005_0119" 7718
"/Engine/EngineMaterials/Substrate/Glints2/dict_0005_0118" 7719
"/Engine/EngineMaterials/Substrate/Glints2/dict_0005_0120" 7720
"/Engine/EngineMaterials/Substrate/Glints2/dict_0005_0131" 7721
"/Engine/EngineMaterials/Substrate/Glints2/dict_0005_0132" 7722
"/Engine/EngineMaterials/Substrate/Glints2/dict_0005_0121" 7723
"/Engine/EngineMaterials/Substrate/Glints2/dict_0005_0122" 7724
"/Engine/EngineMaterials/Substrate/Glints2/dict_0005_0123" 7725
"/Engine/EngineMaterials/Substrate/Glints2/dict_0005_0124" 7726
"/Engine/EngineMaterials/Substrate/Glints2/dict_0005_0137" 7727
"/Engine/EngineMaterials/Substrate/Glints2/dict_0005_0125" 7728
"/Engine/EngineMaterials/Substrate/Glints2/dict_0005_0126" 7729
"/Engine/EngineMaterials/Substrate/Glints2/dict_0005_0144" 7730
"../../../Engine/Content/EngineMaterials/Substrate/Glints2/dict_0005_0114.uasset" 7731
"../../../Engine/Content/EngineMaterials/Substrate/Glints2/dict_0005_0115.uasset" 7732
"../../../Engine/Content/EngineMaterials/Substrate/Glints2/dict_0005_0104.uasset" 7733
"../../../Engine/Content/EngineMaterials/Substrate/Glints2/dict_0005_0116.uasset" 7734
"../../../Engine/Content/EngineMaterials/Substrate/Glints2/dict_0005_0112.uasset" 7735
"../../../Engine/Content/EngineMaterials/Substrate/Glints2/dict_0005_0109.uasset" 7736
"../../../Engine/Content/EngineMaterials/Substrate/Glints2/dict_0005_0100.uasset" 7737
"../../../Engine/Content/EngineMaterials/Substrate/Glints2/dict_0005_0113.uasset" 7738
"../../../Engine/Content/EngineMaterials/Substrate/Glints2/dict_0005_0111.uasset" 7739
"../../../Engine/Content/EngineMaterials/Substrate/Glints2/dict_0005_0107.uasset" 7740
"../../../Engine/Content/EngineMaterials/Substrate/Glints2/dict_0005_0110.uasset" 7741
"../../../Engine/Content/EngineMaterials/Substrate/Glints2/dict_0005_0106.uasset" 7742
"../../../Engine/Content/EngineMaterials/Substrate/Glints2/dict_0005_0101.uasset" 7743
"../../../Engine/Content/EngineMaterials/Substrate/Glints2/dict_0005_0117.uasset" 7744
"../../../Engine/Content/EngineMaterials/Substrate/Glints2/dict_0005_0103.uasset" 7745
"../../../Engine/Content/EngineMaterials/Substrate/Glints2/dict_0005_0102.uasset" 7746
"../../../Engine/Content/EngineMaterials/Substrate/Glints2/dict_0005_0108.uasset" 7747
"../../../Engine/Content/EngineMaterials/Substrate/Glints2/dict_0005_0105.uasset" 7748
"/Engine/EngineMaterials/Substrate/Glints2/dict_0005_0100" 7749
"../../../Engine/Content/EngineMaterials/Substrate/Glints2/dict_0005_0091.uasset" 7750
"../../../Engine/Content/EngineMaterials/Substrate/Glints2/dict_0005_0089.uasset" 7751
"../../../Engine/Content/EngineMaterials/Substrate/Glints2/dict_0005_0092.uasset" 7752
"../../../Engine/Content/EngineMaterials/Substrate/Glints2/dict_0005_0093.uasset" 7753
"/Engine/EngineMaterials/Substrate/Glints2/dict_0005_0101" 7754
"../../../Engine/Content/EngineMaterials/Substrate/Glints2/dict_0005_0099.uasset" 7755
"../../../Engine/Content/EngineMaterials/Substrate/Glints2/dict_0005_0088.uasset" 7756
"/Engine/EngineMaterials/Substrate/Glints2/dict_0005_0104" 7757
"../../../Engine/Content/EngineMaterials/Substrate/Glints2/dict_0005_0096.uasset" 7758
"../../../Engine/Content/EngineMaterials/Substrate/Glints2/dict_0005_0094.uasset" 7759
"/Engine/EngineMaterials/Substrate/Glints2/dict_0005_0106" 7760
"../../../Engine/Content/EngineMaterials/Substrate/Glints2/dict_0005_0095.uasset" 7761
"/Engine/EngineMaterials/Substrate/Glints2/dict_0005_0107" 7762
"/Engine/EngineMaterials/Substrate/Glints2/dict_0005_0109" 7763
"/Engine/EngineMaterials/Substrate/Glints2/dict_0005_0110" 7764
"/Engine/EngineMaterials/Substrate/Glints2/dict_0005_0111" 7765
"/Engine/EngineMaterials/Substrate/Glints2/dict_0005_0112" 7766
"/Engine/EngineMaterials/Substrate/Glints2/dict_0005_0113" 7767
"/Engine/EngineMaterials/Substrate/Glints2/dict_0005_0114" 7768
"../../../Engine/Content/EngineMaterials/Substrate/Glints2/dict_0005_0087.uasset" 7769
"../../../Engine/Content/EngineMaterials/Substrate/Glints2/dict_0005_0086.uasset" 7770
"/Engine/EngineMaterials/Substrate/Glints2/dict_0005_0115" 7771
"/Engine/EngineMaterials/Substrate/Glints2/dict_0005_0116" 7772
"/Engine/EngineMaterials/Substrate/Glints2/dict_0005_0117" 7773
"/Engine/EngineMaterials/Substrate/Glints2/dict_0005_0099" 7774
"/Engine/EngineMaterials/Substrate/Glints2/dict_0005_0086" 7775
"../../../Engine/Content/EngineMaterials/Substrate/Glints2/dict_0005_0090.uasset" 7776
"../../../Engine/Content/EngineMaterials/Substrate/Glints2/dict_0005_0097.uasset" 7777
"/Engine/EngineMaterials/Substrate/Glints2/dict_0005_0102" 7778
"/Engine/EngineMaterials/Substrate/Glints2/dict_0005_0087" 7779
"/Engine/EngineMaterials/Substrate/Glints2/dict_0005_0088" 7780
"/Engine/EngineMaterials/Substrate/Glints2/dict_0005_0089" 7781
"/Engine/EngineMaterials/Substrate/Glints2/dict_0005_0103" 7782
"../../../Engine/Content/EngineMaterials/Substrate/Glints2/dict_0005_0098.uasset" 7783
"/Engine/EngineMaterials/Substrate/Glints2/dict_0005_0091" 7784
"/Engine/EngineMaterials/Substrate/Glints2/dict_0005_0092" 7785
"/Engine/EngineMaterials/Substrate/Glints2/dict_0005_0093" 7786
"/Engine/EngineMaterials/Substrate/Glints2/dict_0005_0105" 7787
"/Engine/EngineMaterials/Substrate/Glints2/dict_0005_0094" 7788
"/Engine/EngineMaterials/Substrate/Glints2/dict_0005_0095" 7789
"/Engine/EngineMaterials/Substrate/Glints2/dict_0005_0108" 7790
"/Engine/EngineMaterials/Substrate/Glints2/dict_0005_0096" 7791
"/Engine/EngineMaterials/Substrate/Glints2/dict_0005_0090" 7792
"/Engine/EngineMaterials/Substrate/Glints2/dict_0005_0097" 7793
"/Engine/EngineMaterials/Substrate/Glints2/dict_0005_0098" 7794
"../../../Engine/Content/EngineMaterials/Substrate/Glints2/dict_0005_0079.uasset" 7795
"../../../Engine/Content/EngineMaterials/Substrate/Glints2/dict_0005_0085.uasset" 7796
"../../../Engine/Content/EngineMaterials/Substrate/Glints2/dict_0005_0081.uasset" 7797
"../../../Engine/Content/EngineMaterials/Substrate/Glints2/dict_0005_0078.uasset" 7798
"../../../Engine/Content/EngineMaterials/Substrate/Glints2/dict_0005_0083.uasset" 7799
"../../../Engine/Content/EngineMaterials/Substrate/Glints2/dict_0005_0075.uasset" 7800
"../../../Engine/Content/EngineMaterials/Substrate/Glints2/dict_0005_0080.uasset" 7801
"../../../Engine/Content/EngineMaterials/Substrate/Glints2/dict_0005_0082.uasset" 7802
"../../../Engine/Content/EngineMaterials/Substrate/Glints2/dict_0005_0077.uasset" 7803
"../../../Engine/Content/EngineMaterials/Substrate/Glints2/dict_0005_0084.uasset" 7804
"../../../Engine/Content/EngineMaterials/Substrate/Glints2/dict_0005_0073.uasset" 7805
"/Engine/EngineMaterials/Substrate/Glints2/dict_0005_0073" 7806
"../../../Engine/Content/EngineMaterials/Substrate/Glints2/dict_0005_0069.uasset" 7807
"../../../Engine/Content/EngineMaterials/Substrate/Glints2/dict_0005_0070.uasset" 7808
"../../../Engine/Content/EngineMaterials/Substrate/Glints2/dict_0005_0071.uasset" 7809
"../../../Engine/Content/EngineMaterials/Substrate/Glints2/dict_0005_0058.uasset" 7810
"../../../Engine/Content/EngineMaterials/Substrate/Glints2/dict_0005_0057.uasset" 7811
"/Engine/EngineMaterials/Substrate/Glints2/dict_0005_0075" 7812
"../../../Engine/Content/EngineMaterials/Substrate/Glints2/dict_0005_0059.uasset" 7813
"/Engine/EngineMaterials/Substrate/Glints2/dict_0005_0077" 7814
"/Engine/EngineMaterials/Substrate/Glints2/dict_0005_0078" 7815
"/Engine/EngineMaterials/Substrate/Glints2/dict_0005_0079" 7816
"../../../Engine/Content/EngineMaterials/Substrate/Glints2/dict_0005_0074.uasset" 7817
"/Engine/EngineMaterials/Substrate/Glints2/dict_0005_0080" 7818
"../../../Engine/Content/EngineMaterials/Substrate/Glints2/dict_0005_0064.uasset" 7819
"/Engine/EngineMaterials/Substrate/Glints2/dict_0005_0081" 7820
"/Engine/EngineMaterials/Substrate/Glints2/dict_0005_0082" 7821
"../../../Engine/Content/EngineMaterials/Substrate/Glints2/dict_0005_0068.uasset" 7822
"../../../Engine/Content/EngineMaterials/Substrate/Glints2/dict_0005_0076.uasset" 7823
"/Engine/EngineMaterials/Substrate/Glints2/dict_0005_0083" 7824
"../../../Engine/Content/EngineMaterials/Substrate/Glints2/dict_0005_0072.uasset" 7825
"/Engine/EngineMaterials/Substrate/Glints2/dict_0005_0084" 7826
"../../../Engine/Content/EngineMaterials/Substrate/Glints2/dict_0005_0067.uasset" 7827
"../../../Engine/Content/EngineMaterials/Substrate/Glints2/dict_0005_0065.uasset" 7828
"../../../Engine/Content/EngineMaterials/Substrate/Glints2/dict_0005_0056.uasset" 7829
"/Engine/EngineMaterials/Substrate/Glints2/dict_0005_0085" 7830
"../../../Engine/Content/EngineMaterials/Substrate/Glints2/dict_0005_0055.uasset" 7831
"../../../Engine/Content/EngineMaterials/Substrate/Glints2/dict_0005_0066.uasset" 7832
"/Engine/EngineMaterials/Substrate/Glints2/dict_0005_0057" 7833
"/Engine/EngineMaterials/Substrate/Glints2/dict_0005_0058" 7834
"/Engine/EngineMaterials/Substrate/Glints2/dict_0005_0072" 7835
"/Engine/EngineMaterials/Substrate/Glints2/dict_0005_0059" 7836
"/Engine/EngineMaterials/Substrate/Glints2/dict_0005_0064" 7837
"/Engine/EngineMaterials/Substrate/Glints2/dict_0005_0065" 7838
"/Engine/EngineMaterials/Substrate/Glints2/dict_0005_0074" 7839
"../../../Engine/Content/EngineMaterials/Substrate/Glints2/dict_0005_0062.uasset" 7840
"/Engine/EngineMaterials/Substrate/Glints2/dict_0005_0066" 7841
"/Engine/EngineMaterials/Substrate/Glints2/dict_0005_0067" 7842
"../../../Engine/Content/EngineMaterials/Substrate/Glints2/dict_0005_0061.uasset" 7843
"../../../Engine/Content/EngineMaterials/Substrate/Glints2/dict_0005_0063.uasset" 7844
"/Engine/EngineMaterials/Substrate/Glints2/dict_0005_0068" 7845
"/Engine/EngineMaterials/Substrate/Glints2/dict_0005_0069" 7846
"/Engine/EngineMaterials/Substrate/Glints2/dict_0005_0076" 7847
"/Engine/EngineMaterials/Substrate/Glints2/dict_0005_0070" 7848
"/Engine/EngineMaterials/Substrate/Glints2/dict_0005_0071" 7849
"/Engine/EngineMaterials/Substrate/Glints2/dict_0005_0055" 7850
"/Engine/EngineMaterials/Substrate/Glints2/dict_0005_0056" 7851
"/Engine/EngineMaterials/Substrate/Glints2/dict_0005_0061" 7852
"/Engine/EngineMaterials/Substrate/Glints2/dict_0005_0062" 7853
"../../../Engine/Content/EngineMaterials/Substrate/Glints2/dict_0005_0053.uasset" 7854
"/Engine/EngineMaterials/Substrate/Glints2/dict_0005_0063" 7855
"../../../Engine/Content/EngineMaterials/Substrate/Glints2/dict_0005_0060.uasset" 7856
"/Engine/EngineMaterials/Substrate/Glints2/dict_0005_0053" 7857
"/Engine/EngineMaterials/Substrate/Glints2/dict_0005_0060" 7858
"../../../Engine/Content/EngineMaterials/Substrate/Glints2/dict_0005_0052.uasset" 7859
"/Engine/EngineMaterials/Substrate/Glints2/dict_0005_0052" 7860
"../../../Engine/Content/EngineMaterials/Substrate/Glints2/dict_0005_0048.uasset" 7861
"../../../Engine/Content/EngineMaterials/Substrate/Glints2/dict_0005_0051.uasset" 7862
"../../../Engine/Content/EngineMaterials/Substrate/Glints2/dict_0005_0043.uasset" 7863
"../../../Engine/Content/EngineMaterials/Substrate/Glints2/dict_0005_0045.uasset" 7864
"/Engine/EngineMaterials/Substrate/Glints2/dict_0005_0048" 7865
"../../../Engine/Content/EngineMaterials/Substrate/Glints2/dict_0005_0050.uasset" 7866
"/Engine/EngineMaterials/Substrate/Glints2/dict_0005_0051" 7867
"/Engine/EngineMaterials/Substrate/Glints2/dict_0005_0043" 7868
"/Engine/EngineMaterials/Substrate/Glints2/dict_0005_0045" 7869
"../../../Engine/Content/EngineMaterials/Substrate/Glints2/dict_0005_0046.uasset" 7870
"../../../Engine/Content/EngineMaterials/Substrate/Glints2/dict_0005_0049.uasset" 7871
"/Engine/EngineMaterials/Substrate/Glints2/dict_0005_0050" 7872
"/Engine/EngineMaterials/Substrate/Glints2/dict_0005_0046" 7873
"/Engine/EngineMaterials/Substrate/Glints2/dict_0005_0049" 7874
"../../../Engine/Content/EngineMaterials/Substrate/Glints2/dict_0005_0044.uasset" 7875
"../../../Engine/Content/EngineMaterials/Substrate/Glints2/dict_0005_0038.uasset" 7876
"../../../Engine/Content/EngineMaterials/Substrate/Glints2/dict_0005_0042.uasset" 7877
"../../../Engine/Content/EngineMaterials/Substrate/Glints2/dict_0005_0039.uasset" 7878
"../../../Engine/Content/EngineMaterials/Substrate/Glints2/dict_0005_0035.uasset" 7879
"../../../Engine/Content/EngineMaterials/Substrate/Glints2/dict_0005_0037.uasset" 7880
"../../../Engine/Content/EngineMaterials/Substrate/Glints2/dict_0005_0024.uasset" 7881
"../../../Engine/Content/EngineMaterials/Substrate/Glints2/dict_0005_0041.uasset" 7882
"../../../Engine/Content/EngineMaterials/Substrate/Glints2/dict_0005_0028.uasset" 7883
"../../../Engine/Content/EngineMaterials/Substrate/Glints2/dict_0005_0031.uasset" 7884
"../../../Engine/Content/EngineMaterials/Substrate/Glints2/dict_0005_0054.uasset" 7885
"../../../Engine/Content/EngineMaterials/Substrate/Glints2/dict_0005_0022.uasset" 7886
"../../../Engine/Content/EngineMaterials/Substrate/Glints2/dict_0005_0032.uasset" 7887
"../../../Engine/Content/EngineMaterials/Substrate/Glints2/dict_0005_0036.uasset" 7888
"../../../Engine/Content/EngineMaterials/Substrate/Glints2/dict_0005_0040.uasset" 7889
"../../../Engine/Content/EngineMaterials/Substrate/Glints2/dict_0005_0023.uasset" 7890
"../../../Engine/Content/EngineMaterials/Substrate/Glints2/dict_0005_0033.uasset" 7891
"../../../Engine/Content/EngineMaterials/Substrate/Glints2/dict_0005_0034.uasset" 7892
"../../../Engine/Content/EngineMaterials/Substrate/Glints2/dict_0005_0029.uasset" 7893
"../../../Engine/Content/EngineMaterials/Substrate/Glints2/dict_0005_0026.uasset" 7894
"../../../Engine/Content/EngineMaterials/Substrate/Glints2/dict_0005_0047.uasset" 7895
"/Engine/EngineMaterials/Substrate/Glints2/dict_0005_0028" 7896
"/Engine/EngineMaterials/Substrate/Glints2/dict_0005_0029" 7897
"/Engine/EngineMaterials/Substrate/Glints2/dict_0005_0022" 7898
"../../../Engine/Content/EngineMaterials/Substrate/Glints2/dict_0005_0018.uasset" 7899
"../../../Engine/Content/EngineMaterials/Substrate/Glints2/dict_0005_0019.uasset" 7900
"/Engine/EngineMaterials/Substrate/Glints2/dict_0005_0024" 7901
"/Engine/EngineMaterials/Substrate/Glints2/dict_0005_0054" 7902
"/Engine/EngineMaterials/Substrate/Glints2/dict_0005_0026" 7903
"../../../Engine/Content/EngineMaterials/Substrate/Glints2/dict_0005_0015.uasset" 7904
"../../../Engine/Content/EngineMaterials/Substrate/Glints2/dict_0005_0014.uasset" 7905
"/Engine/EngineMaterials/Substrate/Glints2/dict_0005_0031" 7906
"../../../Engine/Content/EngineMaterials/Substrate/Glints2/dict_0005_0021.uasset" 7907
"/Engine/EngineMaterials/Substrate/Glints2/dict_0005_0032" 7908
"../../../Engine/Content/EngineMaterials/Substrate/Glints2/dict_0005_0016.uasset" 7909
"/Engine/EngineMaterials/Substrate/Glints2/dict_0005_0033" 7910
"/Engine/EngineMaterials/Substrate/Glints2/dict_0005_0034" 7911
"/Engine/EngineMaterials/Substrate/Glints2/dict_0005_0035" 7912
"/Engine/EngineMaterials/Substrate/Glints2/dict_0005_0044" 7913
"/Engine/EngineMaterials/Substrate/Glints2/dict_0005_0036" 7914
"/Engine/EngineMaterials/Substrate/Glints2/dict_0005_0037" 7915
"/Engine/EngineMaterials/Substrate/Glints2/dict_0005_0038" 7916
"/Engine/EngineMaterials/Substrate/Glints2/dict_0005_0039" 7917
"/Engine/EngineMaterials/Substrate/Glints2/dict_0005_0040" 7918
"/Engine/EngineMaterials/Substrate/Glints2/dict_0005_0041" 7919
"/Engine/EngineMaterials/Substrate/Glints2/dict_0005_0042" 7920
"/Engine/EngineMaterials/Substrate/Glints2/dict_0005_0023" 7921
"/Engine/EngineMaterials/Substrate/Glints2/dict_0005_0016" 7922
"../../../Engine/Content/EngineMaterials/Substrate/Glints2/dict_0005_0017.uasset" 7923
"../../../Engine/Content/EngineMaterials/Substrate/Glints2/dict_0005_0020.uasset" 7924
"../../../Engine/Content/EngineMaterials/Substrate/Glints2/dict_0005_0030.uasset" 7925
"/Engine/EngineMaterials/Substrate/Glints2/dict_0005_0014" 7926
"/Engine/EngineMaterials/Substrate/Glints2/dict_0005_0047" 7927
"/Engine/EngineMaterials/Substrate/Glints2/dict_0005_0019" 7928
"/Engine/EngineMaterials/Substrate/Glints2/dict_0005_0015" 7929
"/Engine/EngineMaterials/Substrate/Glints2/dict_0005_0018" 7930
"/Engine/EngineMaterials/Substrate/Glints2/dict_0005_0021" 7931
"/Engine/EngineMaterials/Substrate/Glints2/dict_0005_0030" 7932
"/Engine/EngineMaterials/Substrate/Glints2/dict_0005_0017" 7933
"/Engine/EngineMaterials/Substrate/Glints2/dict_0005_0020" 7934
"../../../Engine/Content/EngineMaterials/Substrate/Glints2/dict_0005_0027.uasset" 7935
"../../../Engine/Content/EngineMaterials/Substrate/Glints2/dict_0005_0009.uasset" 7936
"../../../Engine/Content/EngineMaterials/Substrate/Glints2/dict_0005_0008.uasset" 7937
"../../../Engine/Content/EngineMaterials/Substrate/Glints2/dict_0005_0011.uasset" 7938
"../../../Engine/Content/EngineMaterials/Substrate/Glints2/dict_0005_0012.uasset" 7939
"../../../Engine/Content/EngineMaterials/Substrate/Glints2/dict_0004_0243.uasset" 7940
"../../../Engine/Content/EngineMaterials/Substrate/Glints2/dict_0004_0249.uasset" 7941
"../../../Engine/Content/EngineMaterials/Substrate/Glints2/dict_0004_0255.uasset" 7942
"../../../Engine/Content/EngineMaterials/Substrate/Glints2/dict_0005_0025.uasset" 7943
"../../../Engine/Content/EngineMaterials/Substrate/Glints2/dict_0004_0245.uasset" 7944
"../../../Engine/Content/EngineMaterials/Substrate/Glints2/dict_0005_0002.uasset" 7945
"../../../Engine/Content/EngineMaterials/Substrate/Glints2/dict_0004_0254.uasset" 7946
"../../../Engine/Content/EngineMaterials/Substrate/Glints2/dict_0005_0006.uasset" 7947
"../../../Engine/Content/EngineMaterials/Substrate/Glints2/dict_0005_0005.uasset" 7948
"../../../Engine/Content/EngineMaterials/Substrate/Glints2/dict_0005_0007.uasset" 7949
"/Engine/EngineMaterials/Substrate/Glints2/dict_0005_0027" 7950
"../../../Engine/Content/EngineMaterials/Substrate/Glints2/dict_0005_0000.uasset" 7951
"/Engine/EngineMaterials/Substrate/Glints2/dict_0004_0243" 7952
"../../../Engine/Content/EngineMaterials/Substrate/Glints2/dict_0005_0010.uasset" 7953
"/Engine/EngineMaterials/Substrate/Glints2/dict_0005_0025" 7954
"../../../Engine/Content/EngineMaterials/Substrate/Glints2/dict_0005_0003.uasset" 7955
"/Engine/EngineMaterials/Substrate/Glints2/dict_0004_0254" 7956
"/Engine/EngineMaterials/Substrate/Glints2/dict_0004_0255" 7957
"../../../Engine/Content/EngineMaterials/Substrate/Glints2/dict_0004_0247.uasset" 7958
"/Engine/EngineMaterials/Substrate/Glints2/dict_0005_0002" 7959
"../../../Engine/Content/EngineMaterials/Substrate/Glints2/dict_0004_0242.uasset" 7960
"../../../Engine/Content/EngineMaterials/Substrate/Glints2/dict_0004_0251.uasset" 7961
"/Engine/EngineMaterials/Substrate/Glints2/dict_0005_0008" 7962
"../../../Engine/Content/EngineMaterials/Substrate/Glints2/dict_0004_0252.uasset" 7963
"/Engine/EngineMaterials/Substrate/Glints2/dict_0005_0009" 7964
"../../../Engine/Content/EngineMaterials/Substrate/Glints2/dict_0004_0244.uasset" 7965
"/Engine/EngineMaterials/Substrate/Glints2/dict_0005_0011" 7966
"../../../Engine/Content/EngineMaterials/Substrate/Glints2/dict_0004_0246.uasset" 7967
"../../../Engine/Content/EngineMaterials/Substrate/Glints2/dict_0004_0248.uasset" 7968
"/Engine/EngineMaterials/Substrate/Glints2/dict_0004_0245" 7969
"/Engine/EngineMaterials/Substrate/Glints2/dict_0005_0012" 7970
"../../../Engine/Content/EngineMaterials/Substrate/Glints2/dict_0004_0253.uasset" 7971
"../../../Engine/Content/EngineMaterials/Substrate/Glints2/dict_0005_0001.uasset" 7972
"/Engine/EngineMaterials/Substrate/Glints2/dict_0004_0249" 7973
"../../../Engine/Content/EngineMaterials/Substrate/Glints2/dict_0005_0013.uasset" 7974
"/Engine/EngineMaterials/Substrate/Glints2/dict_0004_0251" 7975
"/Engine/EngineMaterials/Substrate/Glints2/dict_0004_0252" 7976
"/Engine/EngineMaterials/Substrate/Glints2/dict_0004_0253" 7977
"/Engine/EngineMaterials/Substrate/Glints2/dict_0005_0000" 7978
"/Engine/EngineMaterials/Substrate/Glints2/dict_0005_0001" 7979
"/Engine/EngineMaterials/Substrate/Glints2/dict_0005_0003" 7980
"/Engine/EngineMaterials/Substrate/Glints2/dict_0005_0005" 7981
"../../../Engine/Content/EngineMaterials/Substrate/Glints2/dict_0004_0240.uasset" 7982
"/Engine/EngineMaterials/Substrate/Glints2/dict_0005_0006" 7983
"../../../Engine/Content/EngineMaterials/Substrate/Glints2/dict_0004_0241.uasset" 7984
"/Engine/EngineMaterials/Substrate/Glints2/dict_0005_0007" 7985
"/Engine/EngineMaterials/Substrate/Glints2/dict_0005_0010" 7986
"/Engine/EngineMaterials/Substrate/Glints2/dict_0004_0244" 7987
"/Engine/EngineMaterials/Substrate/Glints2/dict_0004_0246" 7988
"../../../Engine/Content/EngineMaterials/Substrate/Glints2/dict_0004_0250.uasset" 7989
"../../../Engine/Content/EngineMaterials/Substrate/Glints2/dict_0005_0004.uasset" 7990
"/Engine/EngineMaterials/Substrate/Glints2/dict_0004_0247" 7991
"/Engine/EngineMaterials/Substrate/Glints2/dict_0004_0248" 7992
"/Engine/EngineMaterials/Substrate/Glints2/dict_0004_0242" 7993
"/Engine/EngineMaterials/Substrate/Glints2/dict_0005_0013" 7994
"/Engine/EngineMaterials/Substrate/Glints2/dict_0004_0250" 7995
"/Engine/EngineMaterials/Substrate/Glints2/dict_0004_0240" 7996
"/Engine/EngineMaterials/Substrate/Glints2/dict_0005_0004" 7997
"/Engine/EngineMaterials/Substrate/Glints2/dict_0004_0241" 7998
"../../../Engine/Content/EngineMaterials/Substrate/Glints2/dict_0004_0236.uasset" 7999
"../../../Engine/Content/EngineMaterials/Substrate/Glints2/dict_0004_0233.uasset" 8000
"../../../Engine/Content/EngineMaterials/Substrate/Glints2/dict_0004_0238.uasset" 8001
"../../../Engine/Content/EngineMaterials/Substrate/Glints2/dict_0004_0239.uasset" 8002
"../../../Engine/Content/EngineMaterials/Substrate/Glints2/dict_0004_0237.uasset" 8003
"../../../Engine/Content/EngineMaterials/Substrate/Glints2/dict_0004_0221.uasset" 8004
"../../../Engine/Content/EngineMaterials/Substrate/Glints2/dict_0004_0214.uasset" 8005
"../../../Engine/Content/EngineMaterials/Substrate/Glints2/dict_0004_0232.uasset" 8006
"../../../Engine/Content/EngineMaterials/Substrate/Glints2/dict_0004_0229.uasset" 8007
"../../../Engine/Content/EngineMaterials/Substrate/Glints2/dict_0004_0235.uasset" 8008
"../../../Engine/Content/EngineMaterials/Substrate/Glints2/dict_0004_0234.uasset" 8009
"../../../Engine/Content/EngineMaterials/Substrate/Glints2/dict_0004_0228.uasset" 8010
"../../../Engine/Content/EngineMaterials/Substrate/Glints2/dict_0004_0218.uasset" 8011
"../../../Engine/Content/EngineMaterials/Substrate/Glints2/dict_0004_0215.uasset" 8012
"/Engine/EngineMaterials/Substrate/Glints2/dict_0004_0228" 8013
"/Engine/EngineMaterials/Substrate/Glints2/dict_0004_0229" 8014
"../../../Engine/Content/EngineMaterials/Substrate/Glints2/dict_0004_0223.uasset" 8015
"../../../Engine/Content/EngineMaterials/Substrate/Glints2/dict_0004_0222.uasset" 8016
"../../../Engine/Content/EngineMaterials/Substrate/Glints2/dict_0004_0219.uasset" 8017
"/Engine/EngineMaterials/Substrate/Glints2/dict_0004_0214" 8018
"/Engine/EngineMaterials/Substrate/Glints2/dict_0004_0232" 8019
"../../../Engine/Content/EngineMaterials/Substrate/Glints2/dict_0004_0211.uasset" 8020
"/Engine/EngineMaterials/Substrate/Glints2/dict_0004_0215" 8021
"../../../Engine/Content/EngineMaterials/Substrate/Glints2/dict_0004_0231.uasset" 8022
"../../../Engine/Content/EngineMaterials/Substrate/Glints2/dict_0004_0227.uasset" 8023
"../../../Engine/Content/EngineMaterials/Substrate/Glints2/dict_0004_0210.uasset" 8024
"../../../Engine/Content/EngineMaterials/Substrate/Glints2/dict_0004_0230.uasset" 8025
"../../../Engine/Content/EngineMaterials/Substrate/Glints2/dict_0004_0217.uasset" 8026
"../../../Engine/Content/EngineMaterials/Substrate/Glints2/dict_0004_0213.uasset" 8027
"../../../Engine/Content/EngineMaterials/Substrate/Glints2/dict_0004_0208.uasset" 8028
"/Engine/EngineMaterials/Substrate/Glints2/dict_0004_0233" 8029
"/Engine/EngineMaterials/Substrate/Glints2/dict_0004_0218" 8030
"/Engine/EngineMaterials/Substrate/Glints2/dict_0004_0234" 8031
"/Engine/EngineMaterials/Substrate/Glints2/dict_0004_0235" 8032
"../../../Engine/Content/EngineMaterials/Substrate/Glints2/dict_0004_0216.uasset" 8033
"/Engine/EngineMaterials/Substrate/Glints2/dict_0004_0221" 8034
"../../../Engine/Content/EngineMaterials/Substrate/Glints2/dict_0004_0226.uasset" 8035
"/Engine/EngineMaterials/Substrate/Glints2/dict_0004_0236" 8036
"/Engine/EngineMaterials/Substrate/Glints2/dict_0004_0237" 8037
"/Engine/EngineMaterials/Substrate/Glints2/dict_0004_0238" 8038
"../../../Engine/Content/EngineMaterials/Substrate/Glints2/dict_0004_0209.uasset" 8039
"../../../Engine/Content/EngineMaterials/Substrate/Glints2/dict_0004_0220.uasset" 8040
"/Engine/EngineMaterials/Substrate/Glints2/dict_0004_0239" 8041
"../../../Engine/Content/EngineMaterials/Substrate/Glints2/dict_0004_0224.uasset" 8042
"/Engine/EngineMaterials/Substrate/Glints2/dict_0004_0208" 8043
"/Engine/EngineMaterials/Substrate/Glints2/dict_0004_0209" 8044
"/Engine/EngineMaterials/Substrate/Glints2/dict_0004_0213" 8045
"/Engine/EngineMaterials/Substrate/Glints2/dict_0004_0230" 8046
"/Engine/EngineMaterials/Substrate/Glints2/dict_0004_0231" 8047
"/Engine/EngineMaterials/Substrate/Glints2/dict_0004_0216" 8048
"/Engine/EngineMaterials/Substrate/Glints2/dict_0004_0217" 8049
"/Engine/EngineMaterials/Substrate/Glints2/dict_0004_0210" 8050
"/Engine/EngineMaterials/Substrate/Glints2/dict_0004_0219" 8051
"/Engine/EngineMaterials/Substrate/Glints2/dict_0004_0220" 8052
"/Engine/EngineMaterials/Substrate/Glints2/dict_0004_0211" 8053
"/Engine/EngineMaterials/Substrate/Glints2/dict_0004_0222" 8054
"/Engine/EngineMaterials/Substrate/Glints2/dict_0004_0223" 8055
"/Engine/EngineMaterials/Substrate/Glints2/dict_0004_0224" 8056
"/Engine/EngineMaterials/Substrate/Glints2/dict_0004_0226" 8057
"/Engine/EngineMaterials/Substrate/Glints2/dict_0004_0227" 8058
"../../../Engine/Content/EngineMaterials/Substrate/Glints2/dict_0004_0198.uasset" 8059
"../../../Engine/Content/EngineMaterials/Substrate/Glints2/dict_0004_0225.uasset" 8060
"../../../Engine/Content/EngineMaterials/Substrate/Glints2/dict_0004_0205.uasset" 8061
"../../../Engine/Content/EngineMaterials/Substrate/Glints2/dict_0004_0203.uasset" 8062
"../../../Engine/Content/EngineMaterials/Substrate/Glints2/dict_0004_0202.uasset" 8063
"../../../Engine/Content/EngineMaterials/Substrate/Glints2/dict_0004_0196.uasset" 8064
"../../../Engine/Content/EngineMaterials/Substrate/Glints2/dict_0004_0204.uasset" 8065
"../../../Engine/Content/EngineMaterials/Substrate/Glints2/dict_0004_0200.uasset" 8066
"../../../Engine/Content/EngineMaterials/Substrate/Glints2/dict_0004_0206.uasset" 8067
"../../../Engine/Content/EngineMaterials/Substrate/Glints2/dict_0004_0201.uasset" 8068
"../../../Engine/Content/EngineMaterials/Substrate/Glints2/dict_0004_0207.uasset" 8069
"../../../Engine/Content/EngineMaterials/Substrate/Glints2/dict_0004_0197.uasset" 8070
"/Engine/EngineMaterials/Substrate/Glints2/dict_0004_0196" 8071
"../../../Engine/Content/EngineMaterials/Substrate/Glints2/dict_0004_0192.uasset" 8072
"../../../Engine/Content/EngineMaterials/Substrate/Glints2/dict_0004_0194.uasset" 8073
"../../../Engine/Content/EngineMaterials/Substrate/Glints2/dict_0004_0195.uasset" 8074
"/Engine/EngineMaterials/Substrate/Glints2/dict_0004_0197" 8075
"/Engine/EngineMaterials/Substrate/Glints2/dict_0004_0198" 8076
"../../../Engine/Content/EngineMaterials/Substrate/Glints2/dict_0004_0189.uasset" 8077
"/Engine/EngineMaterials/Substrate/Glints2/dict_0004_0200" 8078
"../../../Engine/Content/EngineMaterials/Substrate/Glints2/dict_0004_0190.uasset" 8079
"/Engine/EngineMaterials/Substrate/Glints2/dict_0004_0201" 8080
"../../../Engine/Content/EngineMaterials/Substrate/Glints2/dict_0004_0187.uasset" 8081
"/Engine/EngineMaterials/Substrate/Glints2/dict_0004_0202" 8082
"../../../Engine/Content/EngineMaterials/Substrate/Glints2/dict_0004_0186.uasset" 8083
"../../../Engine/Content/EngineMaterials/Substrate/Glints2/dict_0004_0188.uasset" 8084
"/Engine/EngineMaterials/Substrate/Glints2/dict_0004_0203" 8085
"../../../Engine/Content/EngineMaterials/Substrate/Glints2/dict_0004_0191.uasset" 8086
"../../../Engine/Content/EngineMaterials/Substrate/Glints2/dict_0004_0193.uasset" 8087
"../../../Engine/Content/EngineMaterials/Substrate/Glints2/dict_0004_0179.uasset" 8088
"../../../Engine/Content/EngineMaterials/Substrate/Glints2/dict_0004_0184.uasset" 8089
"/Engine/EngineMaterials/Substrate/Glints2/dict_0004_0204" 8090
"../../../Engine/Content/EngineMaterials/Substrate/Glints2/dict_0004_0212.uasset" 8091
"../../../Engine/Content/EngineMaterials/Substrate/Glints2/dict_0004_0199.uasset" 8092
"/Engine/EngineMaterials/Substrate/Glints2/dict_0004_0205" 8093
"/Engine/EngineMaterials/Substrate/Glints2/dict_0004_0206" 8094
"/Engine/EngineMaterials/Substrate/Glints2/dict_0004_0225" 8095
"/Engine/EngineMaterials/Substrate/Glints2/dict_0004_0207" 8096
"/Engine/EngineMaterials/Substrate/Glints2/dict_0004_0194" 8097
"/Engine/EngineMaterials/Substrate/Glints2/dict_0004_0212" 8098
"/Engine/EngineMaterials/Substrate/Glints2/dict_0004_0195" 8099
"/Engine/EngineMaterials/Substrate/Glints2/dict_0004_0179" 8100
"/Engine/EngineMaterials/Substrate/Glints2/dict_0004_0199" 8101
"/Engine/EngineMaterials/Substrate/Glints2/dict_0004_0184" 8102
"../../../Engine/Content/EngineMaterials/Substrate/Glints2/dict_0004_0181.uasset" 8103
"/Engine/EngineMaterials/Substrate/Glints2/dict_0004_0186" 8104
"/Engine/EngineMaterials/Substrate/Glints2/dict_0004_0187" 8105
"/Engine/EngineMaterials/Substrate/Glints2/dict_0004_0188" 8106
"../../../Engine/Content/EngineMaterials/Substrate/Glints2/dict_0004_0185.uasset" 8107
"../../../Engine/Content/EngineMaterials/Substrate/Glints2/dict_0004_0182.uasset" 8108
"/Engine/EngineMaterials/Substrate/Glints2/dict_0004_0189" 8109
"/Engine/EngineMaterials/Substrate/Glints2/dict_0004_0190" 8110
"/Engine/EngineMaterials/Substrate/Glints2/dict_0004_0191" 8111
"/Engine/EngineMaterials/Substrate/Glints2/dict_0004_0192" 8112
"/Engine/EngineMaterials/Substrate/Glints2/dict_0004_0193" 8113
"/Engine/EngineMaterials/Substrate/Glints2/dict_0004_0181" 8114
"/Engine/EngineMaterials/Substrate/Glints2/dict_0004_0182" 8115
"/Engine/EngineMaterials/Substrate/Glints2/dict_0004_0185" 8116
"../../../Engine/Content/EngineMaterials/Substrate/Glints2/dict_0004_0178.uasset" 8117
"/Engine/EngineMaterials/Substrate/Glints2/dict_0004_0178" 8118
"../../../Engine/Content/EngineMaterials/Substrate/Glints2/dict_0004_0180.uasset" 8119
"/Engine/EngineMaterials/Substrate/Glints2/dict_0004_0180" 8120
"../../../Engine/Content/EngineMaterials/Substrate/Glints2/dict_0004_0170.uasset" 8121
"../../../Engine/Content/EngineMaterials/Substrate/Glints2/dict_0004_0172.uasset" 8122
"../../../Engine/Content/EngineMaterials/Substrate/Glints2/dict_0004_0173.uasset" 8123
"../../../Engine/Content/EngineMaterials/Substrate/Glints2/dict_0004_0166.uasset" 8124
"../../../Engine/Content/EngineMaterials/Substrate/Glints2/dict_0004_0171.uasset" 8125
"../../../Engine/Content/EngineMaterials/Substrate/Glints2/dict_0004_0168.uasset" 8126
"../../../Engine/Content/EngineMaterials/Substrate/Glints2/dict_0004_0167.uasset" 8127
"../../../Engine/Content/EngineMaterials/Substrate/Glints2/dict_0004_0169.uasset" 8128
"../../../Engine/Content/EngineMaterials/Substrate/Glints2/dict_0004_0176.uasset" 8129
"../../../Engine/Content/EngineMaterials/Substrate/Glints2/dict_0004_0175.uasset" 8130
"../../../Engine/Content/EngineMaterials/Substrate/Glints2/dict_0004_0177.uasset" 8131
"../../../Engine/Content/EngineMaterials/Substrate/Glints2/dict_0004_0174.uasset" 8132
"../../../Engine/Content/EngineMaterials/Substrate/Glints2/dict_0004_0163.uasset" 8133
"../../../Engine/Content/EngineMaterials/Substrate/Glints2/dict_0004_0150.uasset" 8134
"../../../Engine/Content/EngineMaterials/Substrate/Glints2/dict_0004_0149.uasset" 8135
"../../../Engine/Content/EngineMaterials/Substrate/Glints2/dict_0004_0156.uasset" 8136
"../../../Engine/Content/EngineMaterials/Substrate/Glints2/dict_0004_0164.uasset" 8137
"/Engine/EngineMaterials/Substrate/Glints2/dict_0004_0166" 8138
"../../../Engine/Content/EngineMaterials/Substrate/Glints2/dict_0004_0160.uasset" 8139
"../../../Engine/Content/EngineMaterials/Substrate/Glints2/dict_0004_0162.uasset" 8140
"/Engine/EngineMaterials/Substrate/Glints2/dict_0004_0149" 8141
"/Engine/EngineMaterials/Substrate/Glints2/dict_0004_0150" 8142
"../../../Engine/Content/EngineMaterials/Substrate/Glints2/dict_0004_0183.uasset" 8143
"/Engine/EngineMaterials/Substrate/Glints2/dict_0004_0167" 8144
"/Engine/EngineMaterials/Substrate/Glints2/dict_0004_0168" 8145
"../../../Engine/Content/EngineMaterials/Substrate/Glints2/dict_0004_0165.uasset" 8146
"/Engine/EngineMaterials/Substrate/Glints2/dict_0004_0169" 8147
"../../../Engine/Content/EngineMaterials/Substrate/Glints2/dict_0004_0151.uasset" 8148
"../../../Engine/Content/EngineMaterials/Substrate/Glints2/dict_0004_0157.uasset" 8149
"/Engine/EngineMaterials/Substrate/Glints2/dict_0004_0170" 8150
"/Engine/EngineMaterials/Substrate/Glints2/dict_0004_0171" 8151
"../../../Engine/Content/EngineMaterials/Substrate/Glints2/dict_0004_0148.uasset" 8152
"../../../Engine/Content/EngineMaterials/Substrate/Glints2/dict_0004_0159.uasset" 8153
"../../../Engine/Content/EngineMaterials/Substrate/Glints2/dict_0004_0161.uasset" 8154
"/Engine/EngineMaterials/Substrate/Glints2/dict_0004_0172" 8155
"/Engine/EngineMaterials/Substrate/Glints2/dict_0004_0173" 8156
"/Engine/EngineMaterials/Substrate/Glints2/dict_0004_0174" 8157
"/Engine/EngineMaterials/Substrate/Glints2/dict_0004_0175" 8158
"/Engine/EngineMaterials/Substrate/Glints2/dict_0004_0163" 8159
"/Engine/EngineMaterials/Substrate/Glints2/dict_0004_0176" 8160
"/Engine/EngineMaterials/Substrate/Glints2/dict_0004_0177" 8161
"../../../Engine/Content/EngineMaterials/Substrate/Glints2/dict_0004_0147.uasset" 8162
"../../../Engine/Content/EngineMaterials/Substrate/Glints2/dict_0004_0152.uasset" 8163
"/Engine/EngineMaterials/Substrate/Glints2/dict_0004_0152" 8164
"/Engine/EngineMaterials/Substrate/Glints2/dict_0004_0148" 8165
"/Engine/EngineMaterials/Substrate/Glints2/dict_0004_0147" 8166
"/Engine/EngineMaterials/Substrate/Glints2/dict_0004_0183" 8167
"/Engine/EngineMaterials/Substrate/Glints2/dict_0004_0156" 8168
"/Engine/EngineMaterials/Substrate/Glints2/dict_0004_0157" 8169
"/Engine/EngineMaterials/Substrate/Glints2/dict_0004_0151" 8170
"/Engine/EngineMaterials/Substrate/Glints2/dict_0004_0159" 8171
"/Engine/EngineMaterials/Substrate/Glints2/dict_0004_0160" 8172
"/Engine/EngineMaterials/Substrate/Glints2/dict_0004_0161" 8173
"/Engine/EngineMaterials/Substrate/Glints2/dict_0004_0162" 8174
"/Engine/EngineMaterials/Substrate/Glints2/dict_0004_0164" 8175
"/Engine/EngineMaterials/Substrate/Glints2/dict_0004_0165" 8176
"../../../Engine/Content/EngineMaterials/Substrate/Glints2/dict_0004_0153.uasset" 8177
"../../../Engine/Content/EngineMaterials/Substrate/Glints2/dict_0004_0154.uasset" 8178
"../../../Engine/Content/EngineMaterials/Substrate/Glints2/dict_0004_0141.uasset" 8179
"../../../Engine/Content/EngineMaterials/Substrate/Glints2/dict_0004_0136.uasset" 8180
"../../../Engine/Content/EngineMaterials/Substrate/Glints2/dict_0004_0143.uasset" 8181
"../../../Engine/Content/EngineMaterials/Substrate/Glints2/dict_0004_0124.uasset" 8182
"../../../Engine/Content/EngineMaterials/Substrate/Glints2/dict_0004_0126.uasset" 8183
"../../../Engine/Content/EngineMaterials/Substrate/Glints2/dict_0004_0140.uasset" 8184
"../../../Engine/Content/EngineMaterials/Substrate/Glints2/dict_0004_0137.uasset" 8185
"../../../Engine/Content/EngineMaterials/Substrate/Glints2/dict_0004_0138.uasset" 8186
"../../../Engine/Content/EngineMaterials/Substrate/Glints2/dict_0004_0158.uasset" 8187
"../../../Engine/Content/EngineMaterials/Substrate/Glints2/dict_0004_0155.uasset" 8188
"../../../Engine/Content/EngineMaterials/Substrate/Glints2/dict_0004_0135.uasset" 8189
"../../../Engine/Content/EngineMaterials/Substrate/Glints2/dict_0004_0139.uasset" 8190
"../../../Engine/Content/EngineMaterials/Substrate/Glints2/dict_0004_0128.uasset" 8191
"../../../Engine/Content/EngineMaterials/Substrate/Glints2/dict_0004_0144.uasset" 8192
"../../../Engine/Content/EngineMaterials/Substrate/Glints2/dict_0004_0145.uasset" 8193
"../../../Engine/Content/EngineMaterials/Substrate/Glints2/dict_0004_0134.uasset" 8194
"../../../Engine/Content/EngineMaterials/Substrate/Glints2/dict_0004_0146.uasset" 8195
"../../../Engine/Content/EngineMaterials/Substrate/Glints2/dict_0004_0133.uasset" 8196
"../../../Engine/Content/EngineMaterials/Substrate/Glints2/dict_0004_0130.uasset" 8197
"../../../Engine/Content/EngineMaterials/Substrate/Glints2/dict_0004_0131.uasset" 8198
"../../../Engine/Content/EngineMaterials/Substrate/Glints2/dict_0004_0142.uasset" 8199
"../../../Engine/Content/EngineMaterials/Substrate/Glints2/dict_0004_0125.uasset" 8200
"../../../Engine/Content/EngineMaterials/Substrate/Glints2/dict_0004_0121.uasset" 8201
"../../../Engine/Content/EngineMaterials/Substrate/Glints2/dict_0004_0132.uasset" 8202
"../../../Engine/Content/EngineMaterials/Substrate/Glints2/dict_0004_0127.uasset" 8203
"../../../Engine/Content/EngineMaterials/Substrate/Glints2/dict_0004_0129.uasset" 8204
"/Engine/EngineMaterials/Substrate/Glints2/dict_0004_0153" 8205
"/Engine/EngineMaterials/Substrate/Glints2/dict_0004_0154" 8206
"../../../Engine/Content/EngineMaterials/Substrate/Glints2/dict_0004_0122.uasset" 8207
"../../../Engine/Content/EngineMaterials/Substrate/Glints2/dict_0004_0120.uasset" 8208
"../../../Engine/Content/EngineMaterials/Substrate/Glints2/dict_0004_0119.uasset" 8209
"/Engine/EngineMaterials/Substrate/Glints2/dict_0004_0155" 8210
"/Engine/EngineMaterials/Substrate/Glints2/dict_0004_0121" 8211
"../../../Engine/Content/EngineMaterials/Substrate/Glints2/dict_0004_0123.uasset" 8212
"/Engine/EngineMaterials/Substrate/Glints2/dict_0004_0132" 8213
"/Engine/EngineMaterials/Substrate/Glints2/dict_0004_0133" 8214
"/Engine/EngineMaterials/Substrate/Glints2/dict_0004_0134" 8215
"/Engine/EngineMaterials/Substrate/Glints2/dict_0004_0135" 8216
"/Engine/EngineMaterials/Substrate/Glints2/dict_0004_0136" 8217
"/Engine/EngineMaterials/Substrate/Glints2/dict_0004_0124" 8218
"/Engine/EngineMaterials/Substrate/Glints2/dict_0004_0125" 8219
"/Engine/EngineMaterials/Substrate/Glints2/dict_0004_0137" 8220
"/Engine/EngineMaterials/Substrate/Glints2/dict_0004_0158" 8221
"/Engine/EngineMaterials/Substrate/Glints2/dict_0004_0126" 8222
"/Engine/EngineMaterials/Substrate/Glints2/dict_0004_0138" 8223
"/Engine/EngineMaterials/Substrate/Glints2/dict_0004_0139" 8224
"/Engine/EngineMaterials/Substrate/Glints2/dict_0004_0140" 8225
"/Engine/EngineMaterials/Substrate/Glints2/dict_0004_0141" 8226
"/Engine/EngineMaterials/Substrate/Glints2/dict_0004_0127" 8227
"/Engine/EngineMaterials/Substrate/Glints2/dict_0004_0128" 8228
"/Engine/EngineMaterials/Substrate/Glints2/dict_0004_0142" 8229
"/Engine/EngineMaterials/Substrate/Glints2/dict_0004_0129" 8230
"/Engine/EngineMaterials/Substrate/Glints2/dict_0004_0143" 8231
"/Engine/EngineMaterials/Substrate/Glints2/dict_0004_0144" 8232
"/Engine/EngineMaterials/Substrate/Glints2/dict_0004_0145" 8233
"/Engine/EngineMaterials/Substrate/Glints2/dict_0004_0130" 8234
"/Engine/EngineMaterials/Substrate/Glints2/dict_0004_0146" 8235
"/Engine/EngineMaterials/Substrate/Glints2/dict_0004_0131" 8236
"/Engine/EngineMaterials/Substrate/Glints2/dict_0004_0119" 8237
"/Engine/EngineMaterials/Substrate/Glints2/dict_0004_0120" 8238
"/Engine/EngineMaterials/Substrate/Glints2/dict_0004_0122" 8239
"/Engine/EngineMaterials/Substrate/Glints2/dict_0004_0123" 8240
"../../../Engine/Content/EngineMaterials/Substrate/Glints2/dict_0004_0106.uasset" 8241
"../../../Engine/Content/EngineMaterials/Substrate/Glints2/dict_0004_0099.uasset" 8242
"../../../Engine/Content/EngineMaterials/Substrate/Glints2/dict_0004_0101.uasset" 8243
"../../../Engine/Content/EngineMaterials/Substrate/Glints2/dict_0004_0117.uasset" 8244
"../../../Engine/Content/EngineMaterials/Substrate/Glints2/dict_0004_0109.uasset" 8245
"../../../Engine/Content/EngineMaterials/Substrate/Glints2/dict_0004_0111.uasset" 8246
"../../../Engine/Content/EngineMaterials/Substrate/Glints2/dict_0004_0102.uasset" 8247
"/Engine/EngineMaterials/Substrate/Glints2/dict_0004_0099" 8248
"../../../Engine/Content/EngineMaterials/Substrate/Glints2/dict_0004_0114.uasset" 8249
"../../../Engine/Content/EngineMaterials/Substrate/Glints2/dict_0004_0103.uasset" 8250
"../../../Engine/Content/EngineMaterials/Substrate/Glints2/dict_0004_0107.uasset" 8251
"/Engine/EngineMaterials/Substrate/Glints2/dict_0004_0101" 8252
"/Engine/EngineMaterials/Substrate/Glints2/dict_0004_0102" 8253
"../../../Engine/Content/EngineMaterials/Substrate/Glints2/dict_0004_0096.uasset" 8254
"/Engine/EngineMaterials/Substrate/Glints2/dict_0004_0106" 8255
"/Engine/EngineMaterials/Substrate/Glints2/dict_0004_0109" 8256
"/Engine/EngineMaterials/Substrate/Glints2/dict_0004_0111" 8257
"/Engine/EngineMaterials/Substrate/Glints2/dict_0004_0117" 8258
"/Engine/EngineMaterials/Substrate/Glints2/dict_0004_0096" 8259
"/Engine/EngineMaterials/Substrate/Glints2/dict_0004_0103" 8260
"/Engine/EngineMaterials/Substrate/Glints2/dict_0004_0107" 8261
"../../../Engine/Content/EngineMaterials/Substrate/Glints2/dict_0004_0105.uasset" 8262
"/Engine/EngineMaterials/Substrate/Glints2/dict_0004_0114" 8263
"/Engine/EngineMaterials/Substrate/Glints2/dict_0004_0105" 8264
"../../../Engine/Content/EngineMaterials/Substrate/Glints2/dict_0004_0104.uasset" 8265
"../../../Engine/Content/EngineMaterials/Substrate/Glints2/dict_0004_0089.uasset" 8266
"../../../Engine/Content/EngineMaterials/Substrate/Glints2/dict_0004_0093.uasset" 8267
"../../../Engine/Content/EngineMaterials/Substrate/Glints2/dict_0004_0088.uasset" 8268
"../../../Engine/Content/EngineMaterials/Substrate/Glints2/dict_0004_0087.uasset" 8269
"../../../Engine/Content/EngineMaterials/Substrate/Glints2/dict_0004_0112.uasset" 8270
"../../../Engine/Content/EngineMaterials/Substrate/Glints2/dict_0004_0118.uasset" 8271
"../../../Engine/Content/EngineMaterials/Substrate/Glints2/dict_0004_0094.uasset" 8272
"../../../Engine/Content/EngineMaterials/Substrate/Glints2/dict_0004_0091.uasset" 8273
"../../../Engine/Content/EngineMaterials/Substrate/Glints2/dict_0004_0113.uasset" 8274
"../../../Engine/Content/EngineMaterials/Substrate/Glints2/dict_0004_0090.uasset" 8275
"../../../Engine/Content/EngineMaterials/Substrate/Glints2/dict_0004_0110.uasset" 8276
"../../../Engine/Content/EngineMaterials/Substrate/Glints2/dict_0004_0083.uasset" 8277
"../../../Engine/Content/EngineMaterials/Substrate/Glints2/dict_0004_0095.uasset" 8278
"../../../Engine/Content/EngineMaterials/Substrate/Glints2/dict_0004_0086.uasset" 8279
"../../../Engine/Content/EngineMaterials/Substrate/Glints2/dict_0004_0081.uasset" 8280
"/Engine/EngineMaterials/Substrate/Glints2/dict_0004_0087" 8281
"../../../Engine/Content/EngineMaterials/Substrate/Glints2/dict_0004_0097.uasset" 8282
"../../../Engine/Content/EngineMaterials/Substrate/Glints2/dict_0004_0077.uasset" 8283
"/Engine/EngineMaterials/Substrate/Glints2/dict_0004_0088" 8284
"/Engine/EngineMaterials/Substrate/Glints2/dict_0004_0091" 8285
"../../../Engine/Content/EngineMaterials/Substrate/Glints2/dict_0004_0075.uasset" 8286
"../../../Engine/Content/EngineMaterials/Substrate/Glints2/dict_0004_0092.uasset" 8287
"/Engine/EngineMaterials/Substrate/Glints2/dict_0004_0093" 8288
"/Engine/EngineMaterials/Substrate/Glints2/dict_0004_0094" 8289
"../../../Engine/Content/EngineMaterials/Substrate/Glints2/dict_0004_0078.uasset" 8290
"../../../Engine/Content/EngineMaterials/Substrate/Glints2/dict_0004_0076.uasset" 8291
"../../../Engine/Content/EngineMaterials/Substrate/Glints2/dict_0004_0080.uasset" 8292
"../../../Engine/Content/EngineMaterials/Substrate/Glints2/dict_0004_0079.uasset" 8293
"../../../Engine/Content/EngineMaterials/Substrate/Glints2/dict_0004_0084.uasset" 8294
"../../../Engine/Content/EngineMaterials/Substrate/Glints2/dict_0004_0108.uasset" 8295
"/Engine/EngineMaterials/Substrate/Glints2/dict_0004_0095" 8296
"/Engine/EngineMaterials/Substrate/Glints2/dict_0004_0089" 8297
"../../../Engine/Content/EngineMaterials/Substrate/Glints2/dict_0004_0115.uasset" 8298
"../../../Engine/Content/EngineMaterials/Substrate/Glints2/dict_0004_0100.uasset" 8299
"/Engine/EngineMaterials/Substrate/Glints2/dict_0004_0090" 8300
"/Engine/EngineMaterials/Substrate/Glints2/dict_0004_0104" 8301
"/Engine/EngineMaterials/Substrate/Glints2/dict_0004_0083" 8302
"/Engine/EngineMaterials/Substrate/Glints2/dict_0004_0110" 8303
"/Engine/EngineMaterials/Substrate/Glints2/dict_0004_0112" 8304
"/Engine/EngineMaterials/Substrate/Glints2/dict_0004_0113" 8305
"/Engine/EngineMaterials/Substrate/Glints2/dict_0004_0086" 8306
"/Engine/EngineMaterials/Substrate/Glints2/dict_0004_0118" 8307
"/Engine/EngineMaterials/Substrate/Glints2/dict_0004_0092" 8308
"../../../Engine/Content/EngineMaterials/Substrate/Glints2/dict_0004_0085.uasset" 8309
"../../../Engine/Content/EngineMaterials/Substrate/Glints2/dict_0004_0082.uasset" 8310
"../../../Engine/Content/EngineMaterials/Substrate/Glints2/dict_0004_0116.uasset" 8311
"/Engine/EngineMaterials/Substrate/Glints2/dict_0004_0076" 8312
"../../../Engine/Content/EngineMaterials/Substrate/Glints2/dict_0004_0098.uasset" 8313
"/Engine/EngineMaterials/Substrate/Glints2/dict_0004_0097" 8314
"/Engine/EngineMaterials/Substrate/Glints2/dict_0004_0080" 8315
"/Engine/EngineMaterials/Substrate/Glints2/dict_0004_0100" 8316
"/Engine/EngineMaterials/Substrate/Glints2/dict_0004_0081" 8317
"/Engine/EngineMaterials/Substrate/Glints2/dict_0004_0077" 8318
"/Engine/EngineMaterials/Substrate/Glints2/dict_0004_0075" 8319
"/Engine/EngineMaterials/Substrate/Glints2/dict_0004_0078" 8320
"/Engine/EngineMaterials/Substrate/Glints2/dict_0004_0108" 8321
"/Engine/EngineMaterials/Substrate/Glints2/dict_0004_0084" 8322
"/Engine/EngineMaterials/Substrate/Glints2/dict_0004_0079" 8323
"/Engine/EngineMaterials/Substrate/Glints2/dict_0004_0115" 8324
"/Engine/EngineMaterials/Substrate/Glints2/dict_0004_0098" 8325
"/Engine/EngineMaterials/Substrate/Glints2/dict_0004_0082" 8326
"/Engine/EngineMaterials/Substrate/Glints2/dict_0004_0085" 8327
"../../../Engine/Content/EngineMaterials/Substrate/Glints2/dict_0004_0068.uasset" 8328
"../../../Engine/Content/EngineMaterials/Substrate/Glints2/dict_0004_0064.uasset" 8329
"/Engine/EngineMaterials/Substrate/Glints2/dict_0004_0116" 8330
"../../../Engine/Content/EngineMaterials/Substrate/Glints2/dict_0004_0066.uasset" 8331
"/Engine/EngineMaterials/Substrate/Glints2/dict_0004_0064" 8332
"../../../Engine/Content/EngineMaterials/Substrate/Glints2/dict_0004_0065.uasset" 8333
"/Engine/EngineMaterials/Substrate/Glints2/dict_0004_0066" 8334
"/Engine/EngineMaterials/Substrate/Glints2/dict_0004_0068" 8335
"../../../Engine/Content/EngineMaterials/Substrate/Glints2/dict_0004_0069.uasset" 8336
"/Engine/EngineMaterials/Substrate/Glints2/dict_0004_0065" 8337
"../../../Engine/Content/EngineMaterials/Substrate/Glints2/dict_0004_0060.uasset" 8338
"/Engine/EngineMaterials/Substrate/Glints2/dict_0004_0069" 8339
"../../../Engine/Content/EngineMaterials/Substrate/Glints2/dict_0004_0063.uasset" 8340
"../../../Engine/Content/EngineMaterials/Substrate/Glints2/dict_0004_0073.uasset" 8341
"/Engine/EngineMaterials/Substrate/Glints2/dict_0004_0060" 8342
"/Engine/EngineMaterials/Substrate/Glints2/dict_0004_0063" 8343
"/Engine/EngineMaterials/Substrate/Glints2/dict_0004_0073" 8344
"../../../Engine/Content/EngineMaterials/Substrate/Glints2/dict_0004_0074.uasset" 8345
"../../../Engine/Content/EngineMaterials/Substrate/Glints2/dict_0004_0054.uasset" 8346
"../../../Engine/Content/EngineMaterials/Substrate/Glints2/dict_0004_0070.uasset" 8347
"../../../Engine/Content/EngineMaterials/Substrate/Glints2/dict_0004_0067.uasset" 8348
"../../../Engine/Content/EngineMaterials/Substrate/Glints2/dict_0004_0050.uasset" 8349
"../../../Engine/Content/EngineMaterials/Substrate/Glints2/dict_0004_0056.uasset" 8350
"../../../Engine/Content/EngineMaterials/Substrate/Glints2/dict_0004_0053.uasset" 8351
"../../../Engine/Content/EngineMaterials/Substrate/Glints2/dict_0004_0061.uasset" 8352
"../../../Engine/Content/EngineMaterials/Substrate/Glints2/dict_0004_0062.uasset" 8353
"../../../Engine/Content/EngineMaterials/Substrate/Glints2/dict_0004_0052.uasset" 8354
"../../../Engine/Content/EngineMaterials/Substrate/Glints2/dict_0004_0049.uasset" 8355
"../../../Engine/Content/EngineMaterials/Substrate/Glints2/dict_0004_0055.uasset" 8356
"../../../Engine/Content/EngineMaterials/Substrate/Glints2/dict_0004_0048.uasset" 8357
"../../../Engine/Content/EngineMaterials/Substrate/Glints2/dict_0004_0059.uasset" 8358
"../../../Engine/Content/EngineMaterials/Substrate/Glints2/dict_0004_0046.uasset" 8359
"../../../Engine/Content/EngineMaterials/Substrate/Glints2/dict_0004_0051.uasset" 8360
"../../../Engine/Content/EngineMaterials/Substrate/Glints2/dict_0004_0042.uasset" 8361
"../../../Engine/Content/EngineMaterials/Substrate/Glints2/dict_0004_0072.uasset" 8362
"../../../Engine/Content/EngineMaterials/Substrate/Glints2/dict_0004_0071.uasset" 8363
"../../../Engine/Content/EngineMaterials/Substrate/Glints2/dict_0004_0045.uasset" 8364
"/Engine/EngineMaterials/Substrate/Glints2/dict_0004_0061" 8365
"/Engine/EngineMaterials/Substrate/Glints2/dict_0004_0062" 8366
"../../../Engine/Content/EngineMaterials/Substrate/Glints2/dict_0004_0040.uasset" 8367
"../../../Engine/Content/EngineMaterials/Substrate/Glints2/dict_0004_0043.uasset" 8368
"/Engine/EngineMaterials/Substrate/Glints2/dict_0004_0048" 8369
"../../../Engine/Content/EngineMaterials/Substrate/Glints2/dict_0004_0058.uasset" 8370
"../../../Engine/Content/EngineMaterials/Substrate/Glints2/dict_0004_0044.uasset" 8371
"/Engine/EngineMaterials/Substrate/Glints2/dict_0004_0049" 8372
"/Engine/EngineMaterials/Substrate/Glints2/dict_0004_0050" 8373
"../../../Engine/Content/EngineMaterials/Substrate/Glints2/dict_0004_0047.uasset" 8374
"/Engine/EngineMaterials/Substrate/Glints2/dict_0004_0067" 8375
"../../../Engine/Content/EngineMaterials/Substrate/Glints2/dict_0004_0037.uasset" 8376
"/Engine/EngineMaterials/Substrate/Glints2/dict_0004_0051" 8377
"../../../Engine/Content/EngineMaterials/Substrate/Glints2/dict_0004_0038.uasset" 8378
"../../../Engine/Content/EngineMaterials/Substrate/Glints2/dict_0004_0036.uasset" 8379
"../../../Engine/Content/EngineMaterials/Substrate/Glints2/dict_0004_0035.uasset" 8380
"/Engine/EngineMaterials/Substrate/Glints2/dict_0004_0052" 8381
"../../../Engine/Content/EngineMaterials/Substrate/Glints2/dict_0004_0057.uasset" 8382
"/Engine/EngineMaterials/Substrate/Glints2/dict_0004_0053" 8383
"../../../Engine/Content/EngineMaterials/Substrate/Glints2/dict_0004_0041.uasset" 8384
"/Engine/EngineMaterials/Substrate/Glints2/dict_0004_0042" 8385
"../../../Engine/Content/EngineMaterials/Substrate/Glints2/dict_0004_0039.uasset" 8386
"/Engine/EngineMaterials/Substrate/Glints2/dict_0004_0054" 8387
"/Engine/EngineMaterials/Substrate/Glints2/dict_0004_0055" 8388
"/Engine/EngineMaterials/Substrate/Glints2/dict_0004_0056" 8389
"/Engine/EngineMaterials/Substrate/Glints2/dict_0004_0070" 8390
"/Engine/EngineMaterials/Substrate/Glints2/dict_0004_0071" 8391
"/Engine/EngineMaterials/Substrate/Glints2/dict_0004_0072" 8392
"/Engine/EngineMaterials/Substrate/Glints2/dict_0004_0059" 8393
"/Engine/EngineMaterials/Substrate/Glints2/dict_0004_0046" 8394
"/Engine/EngineMaterials/Substrate/Glints2/dict_0004_0074" 8395
"/Engine/EngineMaterials/Substrate/Glints2/dict_0004_0036" 8396
"/Engine/EngineMaterials/Substrate/Glints2/dict_0004_0047" 8397
"/Engine/EngineMaterials/Substrate/Glints2/dict_0004_0037" 8398
"/Engine/EngineMaterials/Substrate/Glints2/dict_0004_0040" 8399
"/Engine/EngineMaterials/Substrate/Glints2/dict_0004_0038" 8400
"/Engine/EngineMaterials/Substrate/Glints2/dict_0004_0043" 8401
"/Engine/EngineMaterials/Substrate/Glints2/dict_0004_0041" 8402
"/Engine/EngineMaterials/Substrate/Glints2/dict_0004_0044" 8403
"/Engine/EngineMaterials/Substrate/Glints2/dict_0004_0039" 8404
"/Engine/EngineMaterials/Substrate/Glints2/dict_0004_0057" 8405
"/Engine/EngineMaterials/Substrate/Glints2/dict_0004_0045" 8406
"/Engine/EngineMaterials/Substrate/Glints2/dict_0004_0058" 8407
"/Engine/EngineMaterials/Substrate/Glints2/dict_0004_0035" 8408
"../../../Engine/Content/EngineMaterials/Substrate/Glints2/dict_0004_0018.uasset" 8409
"../../../Engine/Content/EngineMaterials/Substrate/Glints2/dict_0004_0026.uasset" 8410
"../../../Engine/Content/EngineMaterials/Substrate/Glints2/dict_0004_0028.uasset" 8411
"../../../Engine/Content/EngineMaterials/Substrate/Glints2/dict_0004_0017.uasset" 8412
"../../../Engine/Content/EngineMaterials/Substrate/Glints2/dict_0004_0030.uasset" 8413
"../../../Engine/Content/EngineMaterials/Substrate/Glints2/dict_0004_0027.uasset" 8414
"../../../Engine/Content/EngineMaterials/Substrate/Glints2/dict_0004_0023.uasset" 8415
"../../../Engine/Content/EngineMaterials/Substrate/Glints2/dict_0004_0031.uasset" 8416
"../../../Engine/Content/EngineMaterials/Substrate/Glints2/dict_0004_0033.uasset" 8417
"../../../Engine/Content/EngineMaterials/Substrate/Glints2/dict_0004_0034.uasset" 8418
"../../../Engine/Content/EngineMaterials/Substrate/Glints2/dict_0004_0022.uasset" 8419
"../../../Engine/Content/EngineMaterials/Substrate/Glints2/dict_0004_0019.uasset" 8420
"../../../Engine/Content/EngineMaterials/Substrate/Glints2/dict_0004_0032.uasset" 8421
"../../../Engine/Content/EngineMaterials/Substrate/Glints2/dict_0004_0013.uasset" 8422
"../../../Engine/Content/EngineMaterials/Substrate/Glints2/dict_0004_0010.uasset" 8423
"../../../Engine/Content/EngineMaterials/Substrate/Glints2/dict_0004_0029.uasset" 8424
"../../../Engine/Content/EngineMaterials/Substrate/Glints2/dict_0004_0016.uasset" 8425
"../../../Engine/Content/EngineMaterials/Substrate/Glints2/dict_0004_0011.uasset" 8426
"../../../Engine/Content/EngineMaterials/Substrate/Glints2/dict_0004_0015.uasset" 8427
"/Engine/EngineMaterials/Substrate/Glints2/dict_0004_0016" 8428
"../../../Engine/Content/EngineMaterials/Substrate/Glints2/dict_0004_0014.uasset" 8429
"/Engine/EngineMaterials/Substrate/Glints2/dict_0004_0017" 8430
"../../../Engine/Content/EngineMaterials/Substrate/Glints2/dict_0004_0008.uasset" 8431
"../../../Engine/Content/EngineMaterials/Substrate/Glints2/dict_0004_0024.uasset" 8432
"/Engine/EngineMaterials/Substrate/Glints2/dict_0004_0018" 8433
"/Engine/EngineMaterials/Substrate/Glints2/dict_0004_0019" 8434
"../../../Engine/Content/EngineMaterials/Substrate/Glints2/dict_0004_0012.uasset" 8435
"/Engine/EngineMaterials/Substrate/Glints2/dict_0004_0022" 8436
"/Engine/EngineMaterials/Substrate/Glints2/dict_0004_0023" 8437
"/Engine/EngineMaterials/Substrate/Glints2/dict_0004_0010" 8438
"/Engine/EngineMaterials/Substrate/Glints2/dict_0004_0026" 8439
"/Engine/EngineMaterials/Substrate/Glints2/dict_0004_0011" 8440
"../../../Engine/Content/EngineMaterials/Substrate/Glints2/dict_0004_0025.uasset" 8441
"/Engine/EngineMaterials/Substrate/Glints2/dict_0004_0027" 8442
"/Engine/EngineMaterials/Substrate/Glints2/dict_0004_0028" 8443
"../../../Engine/Content/EngineMaterials/Substrate/Glints2/dict_0004_0006.uasset" 8444
"../../../Engine/Content/EngineMaterials/Substrate/Glints2/dict_0004_0009.uasset" 8445
"../../../Engine/Content/EngineMaterials/Substrate/Glints2/dict_0004_0004.uasset" 8446
"/Engine/EngineMaterials/Substrate/Glints2/dict_0004_0029" 8447
"../../../Engine/Content/EngineMaterials/Substrate/Glints2/dict_0004_0003.uasset" 8448
"../../../Engine/Content/EngineMaterials/Substrate/Glints2/dict_0004_0021.uasset" 8449
"/Engine/EngineMaterials/Substrate/Glints2/dict_0004_0013" 8450
"/Engine/EngineMaterials/Substrate/Glints2/dict_0004_0030" 8451
"/Engine/EngineMaterials/Substrate/Glints2/dict_0004_0031" 8452
"/Engine/EngineMaterials/Substrate/Glints2/dict_0004_0032" 8453
"/Engine/EngineMaterials/Substrate/Glints2/dict_0004_0033" 8454
"/Engine/EngineMaterials/Substrate/Glints2/dict_0004_0015" 8455
"/Engine/EngineMaterials/Substrate/Glints2/dict_0004_0034" 8456
"../../../Engine/Content/EngineMaterials/Substrate/Glints2/dict_0004_0007.uasset" 8457
"../../../Engine/Content/EngineMaterials/Substrate/Glints2/dict_0004_0020.uasset" 8458
"../../../Engine/Content/EngineMaterials/Substrate/Glints2/dict_0004_0005.uasset" 8459
"/Engine/EngineMaterials/Substrate/Glints2/dict_0004_0003" 8460
"/Engine/EngineMaterials/Substrate/Glints2/dict_0004_0004" 8461
"/Engine/EngineMaterials/Substrate/Glints2/dict_0004_0006" 8462
"/Engine/EngineMaterials/Substrate/Glints2/dict_0004_0007" 8463
"/Engine/EngineMaterials/Substrate/Glints2/dict_0004_0008" 8464
"/Engine/EngineMaterials/Substrate/Glints2/dict_0004_0020" 8465
"/Engine/EngineMaterials/Substrate/Glints2/dict_0004_0009" 8466
"/Engine/EngineMaterials/Substrate/Glints2/dict_0004_0021" 8467
"/Engine/EngineMaterials/Substrate/Glints2/dict_0004_0024" 8468
"/Engine/EngineMaterials/Substrate/Glints2/dict_0004_0025" 8469
"/Engine/EngineMaterials/Substrate/Glints2/dict_0004_0012" 8470
"/Engine/EngineMaterials/Substrate/Glints2/dict_0004_0014" 8471
"/Engine/EngineMaterials/Substrate/Glints2/dict_0004_0005" 8472
"../../../Engine/Content/EngineMaterials/Substrate/Glints2/dict_0003_0247.uasset" 8473
"../../../Engine/Content/EngineMaterials/Substrate/Glints2/dict_0003_0244.uasset" 8474
"../../../Engine/Content/EngineMaterials/Substrate/Glints2/dict_0003_0251.uasset" 8475
"../../../Engine/Content/EngineMaterials/Substrate/Glints2/dict_0003_0245.uasset" 8476
"../../../Engine/Content/EngineMaterials/Substrate/Glints2/dict_0003_0243.uasset" 8477
"../../../Engine/Content/EngineMaterials/Substrate/Glints2/dict_0004_0001.uasset" 8478
"../../../Engine/Content/EngineMaterials/Substrate/Glints2/dict_0003_0241.uasset" 8479
"../../../Engine/Content/EngineMaterials/Substrate/Glints2/dict_0003_0252.uasset" 8480
"../../../Engine/Content/EngineMaterials/Substrate/Glints2/dict_0003_0246.uasset" 8481
"../../../Engine/Content/EngineMaterials/Substrate/Glints2/dict_0003_0255.uasset" 8482
"../../../Engine/Content/EngineMaterials/Substrate/Glints2/dict_0003_0249.uasset" 8483
"../../../Engine/Content/EngineMaterials/Substrate/Glints2/dict_0003_0240.uasset" 8484
"../../../Engine/Content/EngineMaterials/Substrate/Glints2/dict_0003_0253.uasset" 8485
"../../../Engine/Content/EngineMaterials/Substrate/Glints2/dict_0003_0254.uasset" 8486
"../../../Engine/Content/EngineMaterials/Substrate/Glints2/dict_0003_0242.uasset" 8487
"../../../Engine/Content/EngineMaterials/Substrate/Glints2/dict_0003_0248.uasset" 8488
"../../../Engine/Content/EngineMaterials/Substrate/Glints2/dict_0003_0250.uasset" 8489
"../../../Engine/Content/EngineMaterials/Substrate/Glints2/dict_0004_0000.uasset" 8490
"../../../Engine/Content/EngineMaterials/Substrate/Glints2/dict_0003_0232.uasset" 8491
"../../../Engine/Content/EngineMaterials/Substrate/Glints2/dict_0003_0239.uasset" 8492
"../../../Engine/Content/EngineMaterials/Substrate/Glints2/dict_0004_0002.uasset" 8493
"../../../Engine/Content/EngineMaterials/Substrate/Glints2/dict_0003_0233.uasset" 8494
"../../../Engine/Content/EngineMaterials/Substrate/Glints2/dict_0003_0231.uasset" 8495
"/Engine/EngineMaterials/Substrate/Glints2/dict_0003_0240" 8496
"../../../Engine/Content/EngineMaterials/Substrate/Glints2/dict_0003_0234.uasset" 8497
"../../../Engine/Content/EngineMaterials/Substrate/Glints2/dict_0003_0230.uasset" 8498
"../../../Engine/Content/EngineMaterials/Substrate/Glints2/dict_0003_0238.uasset" 8499
"../../../Engine/Content/EngineMaterials/Substrate/Glints2/dict_0003_0229.uasset" 8500
"../../../Engine/Content/EngineMaterials/Substrate/Glints2/dict_0003_0237.uasset" 8501
"/Engine/EngineMaterials/Substrate/Glints2/dict_0003_0241" 8502
"../../../Engine/Content/EngineMaterials/Substrate/Glints2/dict_0003_0227.uasset" 8503
"../../../Engine/Content/EngineMaterials/Substrate/Glints2/dict_0003_0228.uasset" 8504
"../../../Engine/Content/EngineMaterials/Substrate/Glints2/dict_0003_0235.uasset" 8505
"../../../Engine/Content/EngineMaterials/Substrate/Glints2/dict_0003_0236.uasset" 8506
"/Engine/EngineMaterials/Substrate/Glints2/dict_0003_0231" 8507
"/Engine/EngineMaterials/Substrate/Glints2/dict_0003_0242" 8508
"/Engine/EngineMaterials/Substrate/Glints2/dict_0003_0243" 8509
"/Engine/EngineMaterials/Substrate/Glints2/dict_0003_0232" 8510
"/Engine/EngineMaterials/Substrate/Glints2/dict_0003_0233" 8511
"/Engine/EngineMaterials/Substrate/Glints2/dict_0003_0244" 8512
"/Engine/EngineMaterials/Substrate/Glints2/dict_0003_0245" 8513
"/Engine/EngineMaterials/Substrate/Glints2/dict_0003_0246" 8514
"/Engine/EngineMaterials/Substrate/Glints2/dict_0003_0247" 8515
"/Engine/EngineMaterials/Substrate/Glints2/dict_0003_0248" 8516
"/Engine/EngineMaterials/Substrate/Glints2/dict_0003_0249" 8517
"/Engine/EngineMaterials/Substrate/Glints2/dict_0003_0250" 8518
"/Engine/EngineMaterials/Substrate/Glints2/dict_0003_0251" 8519
"/Engine/EngineMaterials/Substrate/Glints2/dict_0003_0252" 8520
"/Engine/EngineMaterials/Substrate/Glints2/dict_0003_0253" 8521
"/Engine/EngineMaterials/Substrate/Glints2/dict_0003_0254" 8522
"/Engine/EngineMaterials/Substrate/Glints2/dict_0003_0239" 8523
"/Engine/EngineMaterials/Substrate/Glints2/dict_0003_0255" 8524
"/Engine/EngineMaterials/Substrate/Glints2/dict_0004_0000" 8525
"/Engine/EngineMaterials/Substrate/Glints2/dict_0004_0001" 8526
"/Engine/EngineMaterials/Substrate/Glints2/dict_0004_0002" 8527
"/Engine/EngineMaterials/Substrate/Glints2/dict_0003_0228" 8528
"/Engine/EngineMaterials/Substrate/Glints2/dict_0003_0229" 8529
"/Engine/EngineMaterials/Substrate/Glints2/dict_0003_0227" 8530
"/Engine/EngineMaterials/Substrate/Glints2/dict_0003_0230" 8531
"/Engine/EngineMaterials/Substrate/Glints2/dict_0003_0234" 8532
"/Engine/EngineMaterials/Substrate/Glints2/dict_0003_0235" 8533
"/Engine/EngineMaterials/Substrate/Glints2/dict_0003_0236" 8534
"/Engine/EngineMaterials/Substrate/Glints2/dict_0003_0237" 8535
"/Engine/EngineMaterials/Substrate/Glints2/dict_0003_0238" 8536
"../../../Engine/Content/EngineMaterials/Substrate/Glints2/dict_0003_0215.uasset" 8537
"../../../Engine/Content/EngineMaterials/Substrate/Glints2/dict_0003_0222.uasset" 8538
"../../../Engine/Content/EngineMaterials/Substrate/Glints2/dict_0003_0208.uasset" 8539
"../../../Engine/Content/EngineMaterials/Substrate/Glints2/dict_0003_0214.uasset" 8540
"../../../Engine/Content/EngineMaterials/Substrate/Glints2/dict_0003_0224.uasset" 8541
"../../../Engine/Content/EngineMaterials/Substrate/Glints2/dict_0003_0223.uasset" 8542
"../../../Engine/Content/EngineMaterials/Substrate/Glints2/dict_0003_0218.uasset" 8543
"../../../Engine/Content/EngineMaterials/Substrate/Glints2/dict_0003_0209.uasset" 8544
"/Engine/EngineMaterials/Substrate/Glints2/dict_0003_0208" 8545
"../../../Engine/Content/EngineMaterials/Substrate/Glints2/dict_0003_0212.uasset" 8546
"/Engine/EngineMaterials/Substrate/Glints2/dict_0003_0214" 8547
"/Engine/EngineMaterials/Substrate/Glints2/dict_0003_0215" 8548
"/Engine/EngineMaterials/Substrate/Glints2/dict_0003_0222" 8549
"../../../Engine/Content/EngineMaterials/Substrate/Glints2/dict_0003_0202.uasset" 8550
"../../../Engine/Content/EngineMaterials/Substrate/Glints2/dict_0003_0217.uasset" 8551
"/Engine/EngineMaterials/Substrate/Glints2/dict_0003_0223" 8552
"/Engine/EngineMaterials/Substrate/Glints2/dict_0003_0224" 8553
"/Engine/EngineMaterials/Substrate/Glints2/dict_0003_0209" 8554
"/Engine/EngineMaterials/Substrate/Glints2/dict_0003_0212" 8555
"/Engine/EngineMaterials/Substrate/Glints2/dict_0003_0202" 8556
"/Engine/EngineMaterials/Substrate/Glints2/dict_0003_0217" 8557
"/Engine/EngineMaterials/Substrate/Glints2/dict_0003_0218" 8558
"../../../Engine/Content/EngineMaterials/Substrate/Glints2/dict_0003_0207.uasset" 8559
"../../../Engine/Content/EngineMaterials/Substrate/Glints2/dict_0003_0213.uasset" 8560
"../../../Engine/Content/EngineMaterials/Substrate/Glints2/dict_0003_0199.uasset" 8561
"../../../Engine/Content/EngineMaterials/Substrate/Glints2/dict_0003_0216.uasset" 8562
"../../../Engine/Content/EngineMaterials/Substrate/Glints2/dict_0003_0221.uasset" 8563
"../../../Engine/Content/EngineMaterials/Substrate/Glints2/dict_0003_0210.uasset" 8564
"../../../Engine/Content/EngineMaterials/Substrate/Glints2/dict_0003_0225.uasset" 8565
"../../../Engine/Content/EngineMaterials/Substrate/Glints2/dict_0003_0220.uasset" 8566
"../../../Engine/Content/EngineMaterials/Substrate/Glints2/dict_0003_0205.uasset" 8567
"../../../Engine/Content/EngineMaterials/Substrate/Glints2/dict_0003_0226.uasset" 8568
"../../../Engine/Content/EngineMaterials/Substrate/Glints2/dict_0003_0219.uasset" 8569
"../../../Engine/Content/EngineMaterials/Substrate/Glints2/dict_0003_0195.uasset" 8570
"../../../Engine/Content/EngineMaterials/Substrate/Glints2/dict_0003_0211.uasset" 8571
"../../../Engine/Content/EngineMaterials/Substrate/Glints2/dict_0003_0197.uasset" 8572
"../../../Engine/Content/EngineMaterials/Substrate/Glints2/dict_0003_0204.uasset" 8573
"../../../Engine/Content/EngineMaterials/Substrate/Glints2/dict_0003_0201.uasset" 8574
"../../../Engine/Content/EngineMaterials/Substrate/Glints2/dict_0003_0198.uasset" 8575
"../../../Engine/Content/EngineMaterials/Substrate/Glints2/dict_0003_0190.uasset" 8576
"../../../Engine/Content/EngineMaterials/Substrate/Glints2/dict_0003_0203.uasset" 8577
"../../../Engine/Content/EngineMaterials/Substrate/Glints2/dict_0003_0200.uasset" 8578
"../../../Engine/Content/EngineMaterials/Substrate/Glints2/dict_0003_0191.uasset" 8579
"../../../Engine/Content/EngineMaterials/Substrate/Glints2/dict_0003_0192.uasset" 8580
"../../../Engine/Content/EngineMaterials/Substrate/Glints2/dict_0003_0193.uasset" 8581
"../../../Engine/Content/EngineMaterials/Substrate/Glints2/dict_0003_0206.uasset" 8582
"../../../Engine/Content/EngineMaterials/Substrate/Glints2/dict_0003_0196.uasset" 8583
"../../../Engine/Content/EngineMaterials/Substrate/Glints2/dict_0003_0194.uasset" 8584
"/Engine/EngineMaterials/Substrate/Glints2/dict_0003_0195" 8585
"../../../Engine/Content/EngineMaterials/Substrate/Glints2/dict_0003_0185.uasset" 8586
"../../../Engine/Content/EngineMaterials/Substrate/Glints2/dict_0003_0187.uasset" 8587
"/Engine/EngineMaterials/Substrate/Glints2/dict_0003_0204" 8588
"../../../Engine/Content/EngineMaterials/Substrate/Glints2/dict_0003_0189.uasset" 8589
"../../../Engine/Content/EngineMaterials/Substrate/Glints2/dict_0003_0188.uasset" 8590
"/Engine/EngineMaterials/Substrate/Glints2/dict_0003_0205" 8591
"../../../Engine/Content/EngineMaterials/Substrate/Glints2/dict_0003_0184.uasset" 8592
"../../../Engine/Content/EngineMaterials/Substrate/Glints2/dict_0003_0186.uasset" 8593
"/Engine/EngineMaterials/Substrate/Glints2/dict_0003_0196" 8594
"/Engine/EngineMaterials/Substrate/Glints2/dict_0003_0197" 8595
"/Engine/EngineMaterials/Substrate/Glints2/dict_0003_0198" 8596
"/Engine/EngineMaterials/Substrate/Glints2/dict_0003_0206" 8597
"/Engine/EngineMaterials/Substrate/Glints2/dict_0003_0207" 8598
"/Engine/EngineMaterials/Substrate/Glints2/dict_0003_0210" 8599
"/Engine/EngineMaterials/Substrate/Glints2/dict_0003_0199" 8600
"/Engine/EngineMaterials/Substrate/Glints2/dict_0003_0200" 8601
"/Engine/EngineMaterials/Substrate/Glints2/dict_0003_0211" 8602
"/Engine/EngineMaterials/Substrate/Glints2/dict_0003_0213" 8603
"/Engine/EngineMaterials/Substrate/Glints2/dict_0003_0201" 8604
"/Engine/EngineMaterials/Substrate/Glints2/dict_0003_0190" 8605
"/Engine/EngineMaterials/Substrate/Glints2/dict_0003_0191" 8606
"/Engine/EngineMaterials/Substrate/Glints2/dict_0003_0216" 8607
"/Engine/EngineMaterials/Substrate/Glints2/dict_0003_0203" 8608
"/Engine/EngineMaterials/Substrate/Glints2/dict_0003_0219" 8609
"/Engine/EngineMaterials/Substrate/Glints2/dict_0003_0220" 8610
"/Engine/EngineMaterials/Substrate/Glints2/dict_0003_0221" 8611
"/Engine/EngineMaterials/Substrate/Glints2/dict_0003_0192" 8612
"/Engine/EngineMaterials/Substrate/Glints2/dict_0003_0193" 8613
"/Engine/EngineMaterials/Substrate/Glints2/dict_0003_0194" 8614
"/Engine/EngineMaterials/Substrate/Glints2/dict_0003_0225" 8615
"/Engine/EngineMaterials/Substrate/Glints2/dict_0003_0226" 8616
"/Engine/EngineMaterials/Substrate/Glints2/dict_0003_0189" 8617
"/Engine/EngineMaterials/Substrate/Glints2/dict_0003_0184" 8618
"/Engine/EngineMaterials/Substrate/Glints2/dict_0003_0185" 8619
"/Engine/EngineMaterials/Substrate/Glints2/dict_0003_0186" 8620
"/Engine/EngineMaterials/Substrate/Glints2/dict_0003_0187" 8621
"/Engine/EngineMaterials/Substrate/Glints2/dict_0003_0188" 8622
"../../../Engine/Content/EngineMaterials/Substrate/Glints2/dict_0003_0179.uasset" 8623
"../../../Engine/Content/EngineMaterials/Substrate/Glints2/dict_0003_0161.uasset" 8624
"../../../Engine/Content/EngineMaterials/Substrate/Glints2/dict_0003_0172.uasset" 8625
"../../../Engine/Content/EngineMaterials/Substrate/Glints2/dict_0003_0162.uasset" 8626
"../../../Engine/Content/EngineMaterials/Substrate/Glints2/dict_0003_0174.uasset" 8627
"../../../Engine/Content/EngineMaterials/Substrate/Glints2/dict_0003_0183.uasset" 8628
"../../../Engine/Content/EngineMaterials/Substrate/Glints2/dict_0003_0177.uasset" 8629
"../../../Engine/Content/EngineMaterials/Substrate/Glints2/dict_0003_0176.uasset" 8630
"../../../Engine/Content/EngineMaterials/Substrate/Glints2/dict_0003_0181.uasset" 8631
"../../../Engine/Content/EngineMaterials/Substrate/Glints2/dict_0003_0169.uasset" 8632
"/Engine/EngineMaterials/Substrate/Glints2/dict_0003_0161" 8633
"../../../Engine/Content/EngineMaterials/Substrate/Glints2/dict_0003_0159.uasset" 8634
"../../../Engine/Content/EngineMaterials/Substrate/Glints2/dict_0003_0166.uasset" 8635
"/Engine/EngineMaterials/Substrate/Glints2/dict_0003_0162" 8636
"../../../Engine/Content/EngineMaterials/Substrate/Glints2/dict_0003_0167.uasset" 8637
"../../../Engine/Content/EngineMaterials/Substrate/Glints2/dict_0003_0165.uasset" 8638
"/Engine/EngineMaterials/Substrate/Glints2/dict_0003_0169" 8639
"../../../Engine/Content/EngineMaterials/Substrate/Glints2/dict_0003_0180.uasset" 8640
"../../../Engine/Content/EngineMaterials/Substrate/Glints2/dict_0003_0175.uasset" 8641
"/Engine/EngineMaterials/Substrate/Glints2/dict_0003_0172" 8642
"../../../Engine/Content/EngineMaterials/Substrate/Glints2/dict_0003_0182.uasset" 8643
"../../../Engine/Content/EngineMaterials/Substrate/Glints2/dict_0003_0168.uasset" 8644
"/Engine/EngineMaterials/Substrate/Glints2/dict_0003_0174" 8645
"../../../Engine/Content/EngineMaterials/Substrate/Glints2/dict_0003_0173.uasset" 8646
"/Engine/EngineMaterials/Substrate/Glints2/dict_0003_0176" 8647
"/Engine/EngineMaterials/Substrate/Glints2/dict_0003_0177" 8648
"/Engine/EngineMaterials/Substrate/Glints2/dict_0003_0179" 8649
"/Engine/EngineMaterials/Substrate/Glints2/dict_0003_0183" 8650
"/Engine/EngineMaterials/Substrate/Glints2/dict_0003_0159" 8651
"/Engine/EngineMaterials/Substrate/Glints2/dict_0003_0165" 8652
"../../../Engine/Content/EngineMaterials/Substrate/Glints2/dict_0003_0164.uasset" 8653
"/Engine/EngineMaterials/Substrate/Glints2/dict_0003_0166" 8654
"../../../Engine/Content/EngineMaterials/Substrate/Glints2/dict_0003_0158.uasset" 8655
"/Engine/EngineMaterials/Substrate/Glints2/dict_0003_0167" 8656
"../../../Engine/Content/EngineMaterials/Substrate/Glints2/dict_0003_0156.uasset" 8657
"/Engine/EngineMaterials/Substrate/Glints2/dict_0003_0168" 8658
"../../../Engine/Content/EngineMaterials/Substrate/Glints2/dict_0003_0155.uasset" 8659
"/Engine/EngineMaterials/Substrate/Glints2/dict_0003_0173" 8660
"/Engine/EngineMaterials/Substrate/Glints2/dict_0003_0175" 8661
"../../../Engine/Content/EngineMaterials/Substrate/Glints2/dict_0003_0160.uasset" 8662
"/Engine/EngineMaterials/Substrate/Glints2/dict_0003_0180" 8663
"../../../Engine/Content/EngineMaterials/Substrate/Glints2/dict_0003_0153.uasset" 8664
"../../../Engine/Content/EngineMaterials/Substrate/Glints2/dict_0003_0154.uasset" 8665
"/Engine/EngineMaterials/Substrate/Glints2/dict_0003_0181" 8666
"/Engine/EngineMaterials/Substrate/Glints2/dict_0003_0182" 8667
"../../../Engine/Content/EngineMaterials/Substrate/Glints2/dict_0003_0178.uasset" 8668
"/Engine/EngineMaterials/Substrate/Glints2/dict_0003_0158" 8669
"../../../Engine/Content/EngineMaterials/Substrate/Glints2/dict_0003_0152.uasset" 8670
"../../../Engine/Content/EngineMaterials/Substrate/Glints2/dict_0003_0157.uasset" 8671
"/Engine/EngineMaterials/Substrate/Glints2/dict_0003_0160" 8672
"../../../Engine/Content/EngineMaterials/Substrate/Glints2/dict_0003_0171.uasset" 8673
"../../../Engine/Content/EngineMaterials/Substrate/Glints2/dict_0003_0170.uasset" 8674
"/Engine/EngineMaterials/Substrate/Glints2/dict_0003_0164" 8675
"/Engine/EngineMaterials/Substrate/Glints2/dict_0003_0153" 8676
"/Engine/EngineMaterials/Substrate/Glints2/dict_0003_0154" 8677
"/Engine/EngineMaterials/Substrate/Glints2/dict_0003_0155" 8678
"/Engine/EngineMaterials/Substrate/Glints2/dict_0003_0156" 8679
"/Engine/EngineMaterials/Substrate/Glints2/dict_0003_0178" 8680
"/Engine/EngineMaterials/Substrate/Glints2/dict_0003_0152" 8681
"/Engine/EngineMaterials/Substrate/Glints2/dict_0003_0170" 8682
"/Engine/EngineMaterials/Substrate/Glints2/dict_0003_0171" 8683
"/Engine/EngineMaterials/Substrate/Glints2/dict_0003_0157" 8684
"../../../Engine/Content/EngineMaterials/Substrate/Glints2/dict_0003_0151.uasset" 8685
"../../../Engine/Content/EngineMaterials/Substrate/Glints2/dict_0003_0150.uasset" 8686
"../../../Engine/Content/EngineMaterials/Substrate/Glints2/dict_0003_0145.uasset" 8687
"../../../Engine/Content/EngineMaterials/Substrate/Glints2/dict_0003_0143.uasset" 8688
"../../../Engine/Content/EngineMaterials/Substrate/Glints2/dict_0003_0148.uasset" 8689
"../../../Engine/Content/EngineMaterials/Substrate/Glints2/dict_0003_0141.uasset" 8690
"../../../Engine/Content/EngineMaterials/Substrate/Glints2/dict_0003_0136.uasset" 8691
"../../../Engine/Content/EngineMaterials/Substrate/Glints2/dict_0003_0147.uasset" 8692
"../../../Engine/Content/EngineMaterials/Substrate/Glints2/dict_0003_0137.uasset" 8693
"../../../Engine/Content/EngineMaterials/Substrate/Glints2/dict_0003_0139.uasset" 8694
"../../../Engine/Content/EngineMaterials/Substrate/Glints2/dict_0003_0138.uasset" 8695
"../../../Engine/Content/EngineMaterials/Substrate/Glints2/dict_0003_0142.uasset" 8696
"../../../Engine/Content/EngineMaterials/Substrate/Glints2/dict_0003_0129.uasset" 8697
"../../../Engine/Content/EngineMaterials/Substrate/Glints2/dict_0003_0130.uasset" 8698
"../../../Engine/Content/EngineMaterials/Substrate/Glints2/dict_0003_0134.uasset" 8699
"../../../Engine/Content/EngineMaterials/Substrate/Glints2/dict_0003_0133.uasset" 8700
"../../../Engine/Content/EngineMaterials/Substrate/Glints2/dict_0003_0131.uasset" 8701
"../../../Engine/Content/EngineMaterials/Substrate/Glints2/dict_0003_0163.uasset" 8702
"../../../Engine/Content/EngineMaterials/Substrate/Glints2/dict_0003_0144.uasset" 8703
"../../../Engine/Content/EngineMaterials/Substrate/Glints2/dict_0003_0149.uasset" 8704
"/Engine/EngineMaterials/Substrate/Glints2/dict_0003_0133" 8705
"../../../Engine/Content/EngineMaterials/Substrate/Glints2/dict_0003_0124.uasset" 8706
"/Engine/EngineMaterials/Substrate/Glints2/dict_0003_0143" 8707
"../../../Engine/Content/EngineMaterials/Substrate/Glints2/dict_0003_0126.uasset" 8708
"/Engine/EngineMaterials/Substrate/Glints2/dict_0003_0144" 8709
"../../../Engine/Content/EngineMaterials/Substrate/Glints2/dict_0003_0127.uasset" 8710
"/Engine/EngineMaterials/Substrate/Glints2/dict_0003_0163" 8711
"../../../Engine/Content/EngineMaterials/Substrate/Glints2/dict_0003_0121.uasset" 8712
"../../../Engine/Content/EngineMaterials/Substrate/Glints2/dict_0003_0122.uasset" 8713
"/Engine/EngineMaterials/Substrate/Glints2/dict_0003_0134" 8714
"../../../Engine/Content/EngineMaterials/Substrate/Glints2/dict_0003_0125.uasset" 8715
"/Engine/EngineMaterials/Substrate/Glints2/dict_0003_0136" 8716
"../../../Engine/Content/EngineMaterials/Substrate/Glints2/dict_0003_0123.uasset" 8717
"../../../Engine/Content/EngineMaterials/Substrate/Glints2/dict_0003_0135.uasset" 8718
"../../../Engine/Content/EngineMaterials/Substrate/Glints2/dict_0003_0132.uasset" 8719
"/Engine/EngineMaterials/Substrate/Glints2/dict_0003_0137" 8720
"/Engine/EngineMaterials/Substrate/Glints2/dict_0003_0145" 8721
"/Engine/EngineMaterials/Substrate/Glints2/dict_0003_0129" 8722
"../../../Engine/Content/EngineMaterials/Substrate/Glints2/dict_0003_0140.uasset" 8723
"/Engine/EngineMaterials/Substrate/Glints2/dict_0003_0130" 8724
"../../../Engine/Content/EngineMaterials/Substrate/Glints2/dict_0003_0146.uasset" 8725
"../../../Engine/Content/EngineMaterials/Substrate/Glints2/dict_0003_0128.uasset" 8726
"/Engine/EngineMaterials/Substrate/Glints2/dict_0003_0138" 8727
"/Engine/EngineMaterials/Substrate/Glints2/dict_0003_0147" 8728
"/Engine/EngineMaterials/Substrate/Glints2/dict_0003_0131" 8729
"/Engine/EngineMaterials/Substrate/Glints2/dict_0003_0139" 8730
"/Engine/EngineMaterials/Substrate/Glints2/dict_0003_0148" 8731
"/Engine/EngineMaterials/Substrate/Glints2/dict_0003_0149" 8732
"/Engine/EngineMaterials/Substrate/Glints2/dict_0003_0150" 8733
"/Engine/EngineMaterials/Substrate/Glints2/dict_0003_0141" 8734
"/Engine/EngineMaterials/Substrate/Glints2/dict_0003_0142" 8735
"/Engine/EngineMaterials/Substrate/Glints2/dict_0003_0151" 8736
"/Engine/EngineMaterials/Substrate/Glints2/dict_0003_0125" 8737
"/Engine/EngineMaterials/Substrate/Glints2/dict_0003_0126" 8738
"/Engine/EngineMaterials/Substrate/Glints2/dict_0003_0127" 8739
"/Engine/EngineMaterials/Substrate/Glints2/dict_0003_0121" 8740
"/Engine/EngineMaterials/Substrate/Glints2/dict_0003_0128" 8741
"/Engine/EngineMaterials/Substrate/Glints2/dict_0003_0135" 8742
"/Engine/EngineMaterials/Substrate/Glints2/dict_0003_0122" 8743
"/Engine/EngineMaterials/Substrate/Glints2/dict_0003_0123" 8744
"/Engine/EngineMaterials/Substrate/Glints2/dict_0003_0146" 8745
"/Engine/EngineMaterials/Substrate/Glints2/dict_0003_0124" 8746
"/Engine/EngineMaterials/Substrate/Glints2/dict_0003_0132" 8747
"/Engine/EngineMaterials/Substrate/Glints2/dict_0003_0140" 8748
"../../../Engine/Content/EngineMaterials/Substrate/Glints2/dict_0003_0110.uasset" 8749
"../../../Engine/Content/EngineMaterials/Substrate/Glints2/dict_0003_0108.uasset" 8750
"../../../Engine/Content/EngineMaterials/Substrate/Glints2/dict_0003_0106.uasset" 8751
"../../../Engine/Content/EngineMaterials/Substrate/Glints2/dict_0003_0109.uasset" 8752
"../../../Engine/Content/EngineMaterials/Substrate/Glints2/dict_0003_0112.uasset" 8753
"../../../Engine/Content/EngineMaterials/Substrate/Glints2/dict_0003_0119.uasset" 8754
"../../../Engine/Content/EngineMaterials/Substrate/Glints2/dict_0003_0105.uasset" 8755
"../../../Engine/Content/EngineMaterials/Substrate/Glints2/dict_0003_0118.uasset" 8756
"../../../Engine/Content/EngineMaterials/Substrate/Glints2/dict_0003_0094.uasset" 8757
"../../../Engine/Content/EngineMaterials/Substrate/Glints2/dict_0003_0102.uasset" 8758
"../../../Engine/Content/EngineMaterials/Substrate/Glints2/dict_0003_0095.uasset" 8759
"../../../Engine/Content/EngineMaterials/Substrate/Glints2/dict_0003_0114.uasset" 8760
"../../../Engine/Content/EngineMaterials/Substrate/Glints2/dict_0003_0120.uasset" 8761
"/Engine/EngineMaterials/Substrate/Glints2/dict_0003_0102" 8762
"../../../Engine/Content/EngineMaterials/Substrate/Glints2/dict_0003_0117.uasset" 8763
"../../../Engine/Content/EngineMaterials/Substrate/Glints2/dict_0003_0113.uasset" 8764
"../../../Engine/Content/EngineMaterials/Substrate/Glints2/dict_0003_0103.uasset" 8765
"../../../Engine/Content/EngineMaterials/Substrate/Glints2/dict_0003_0111.uasset" 8766
"../../../Engine/Content/EngineMaterials/Substrate/Glints2/dict_0003_0107.uasset" 8767
"/Engine/EngineMaterials/Substrate/Glints2/dict_0003_0105" 8768
"../../../Engine/Content/EngineMaterials/Substrate/Glints2/dict_0003_0096.uasset" 8769
"../../../Engine/Content/EngineMaterials/Substrate/Glints2/dict_0003_0098.uasset" 8770
"/Engine/EngineMaterials/Substrate/Glints2/dict_0003_0094" 8771
"/Engine/EngineMaterials/Substrate/Glints2/dict_0003_0106" 8772
"../../../Engine/Content/EngineMaterials/Substrate/Glints2/dict_0003_0093.uasset" 8773
"../../../Engine/Content/EngineMaterials/Substrate/Glints2/dict_0003_0100.uasset" 8774
"../../../Engine/Content/EngineMaterials/Substrate/Glints2/dict_0003_0115.uasset" 8775
"/Engine/EngineMaterials/Substrate/Glints2/dict_0003_0108" 8776
"../../../Engine/Content/EngineMaterials/Substrate/Glints2/dict_0003_0116.uasset" 8777
"../../../Engine/Content/EngineMaterials/Substrate/Glints2/dict_0003_0099.uasset" 8778
"/Engine/EngineMaterials/Substrate/Glints2/dict_0003_0109" 8779
"../../../Engine/Content/EngineMaterials/Substrate/Glints2/dict_0003_0092.uasset" 8780
"../../../Engine/Content/EngineMaterials/Substrate/Glints2/dict_0003_0097.uasset" 8781
"/Engine/EngineMaterials/Substrate/Glints2/dict_0003_0095" 8782
"/Engine/EngineMaterials/Substrate/Glints2/dict_0003_0110" 8783
"/Engine/EngineMaterials/Substrate/Glints2/dict_0003_0112" 8784
"/Engine/EngineMaterials/Substrate/Glints2/dict_0003_0118" 8785
"/Engine/EngineMaterials/Substrate/Glints2/dict_0003_0119" 8786
"/Engine/EngineMaterials/Substrate/Glints2/dict_0003_0103" 8787
"/Engine/EngineMaterials/Substrate/Glints2/dict_0003_0092" 8788
"/Engine/EngineMaterials/Substrate/Glints2/dict_0003_0093" 8789
"../../../Engine/Content/EngineMaterials/Substrate/Glints2/dict_0003_0104.uasset" 8790
"../../../Engine/Content/EngineMaterials/Substrate/Glints2/dict_0003_0090.uasset" 8791
"/Engine/EngineMaterials/Substrate/Glints2/dict_0003_0107" 8792
"/Engine/EngineMaterials/Substrate/Glints2/dict_0003_0096" 8793
"/Engine/EngineMaterials/Substrate/Glints2/dict_0003_0097" 8794
"/Engine/EngineMaterials/Substrate/Glints2/dict_0003_0111" 8795
"../../../Engine/Content/EngineMaterials/Substrate/Glints2/dict_0003_0089.uasset" 8796
"/Engine/EngineMaterials/Substrate/Glints2/dict_0003_0113" 8797
"../../../Engine/Content/EngineMaterials/Substrate/Glints2/dict_0003_0091.uasset" 8798
"/Engine/EngineMaterials/Substrate/Glints2/dict_0003_0114" 8799
"../../../Engine/Content/EngineMaterials/Substrate/Glints2/dict_0003_0101.uasset" 8800
"/Engine/EngineMaterials/Substrate/Glints2/dict_0003_0098" 8801
"/Engine/EngineMaterials/Substrate/Glints2/dict_0003_0115" 8802
"/Engine/EngineMaterials/Substrate/Glints2/dict_0003_0116" 8803
"/Engine/EngineMaterials/Substrate/Glints2/dict_0003_0099" 8804
"/Engine/EngineMaterials/Substrate/Glints2/dict_0003_0117" 8805
"/Engine/EngineMaterials/Substrate/Glints2/dict_0003_0100" 8806
"/Engine/EngineMaterials/Substrate/Glints2/dict_0003_0120" 8807
"/Engine/EngineMaterials/Substrate/Glints2/dict_0003_0089" 8808
"/Engine/EngineMaterials/Substrate/Glints2/dict_0003_0101" 8809
"/Engine/EngineMaterials/Substrate/Glints2/dict_0003_0090" 8810
"/Engine/EngineMaterials/Substrate/Glints2/dict_0003_0104" 8811
"/Engine/EngineMaterials/Substrate/Glints2/dict_0003_0091" 8812
"../../../Engine/Content/EngineMaterials/Substrate/Glints2/dict_0003_0079.uasset" 8813
"../../../Engine/Content/EngineMaterials/Substrate/Glints2/dict_0003_0081.uasset" 8814
"../../../Engine/Content/EngineMaterials/Substrate/Glints2/dict_0003_0087.uasset" 8815
"../../../Engine/Content/EngineMaterials/Substrate/Glints2/dict_0003_0083.uasset" 8816
"../../../Engine/Content/EngineMaterials/Substrate/Glints2/dict_0003_0084.uasset" 8817
"../../../Engine/Content/EngineMaterials/Substrate/Glints2/dict_0003_0080.uasset" 8818
"../../../Engine/Content/EngineMaterials/Substrate/Glints2/dict_0003_0086.uasset" 8819
"../../../Engine/Content/EngineMaterials/Substrate/Glints2/dict_0003_0082.uasset" 8820
"../../../Engine/Content/EngineMaterials/Substrate/Glints2/dict_0003_0088.uasset" 8821
"../../../Engine/Content/EngineMaterials/Substrate/Glints2/dict_0003_0059.uasset" 8822
"../../../Engine/Content/EngineMaterials/Substrate/Glints2/dict_0003_0063.uasset" 8823
"../../../Engine/Content/EngineMaterials/Substrate/Glints2/dict_0003_0077.uasset" 8824
"../../../Engine/Content/EngineMaterials/Substrate/Glints2/dict_0003_0070.uasset" 8825
"../../../Engine/Content/EngineMaterials/Substrate/Glints2/dict_0003_0064.uasset" 8826
"../../../Engine/Content/EngineMaterials/Substrate/Glints2/dict_0003_0060.uasset" 8827
"../../../Engine/Content/EngineMaterials/Substrate/Glints2/dict_0003_0065.uasset" 8828
"../../../Engine/Content/EngineMaterials/Substrate/Glints2/dict_0003_0058.uasset" 8829
"../../../Engine/Content/EngineMaterials/Substrate/Glints2/dict_0003_0066.uasset" 8830
"../../../Engine/Content/EngineMaterials/Substrate/Glints2/dict_0003_0073.uasset" 8831
"../../../Engine/Content/EngineMaterials/Substrate/Glints2/dict_0003_0078.uasset" 8832
"../../../Engine/Content/EngineMaterials/Substrate/Glints2/dict_0003_0061.uasset" 8833
"../../../Engine/Content/EngineMaterials/Substrate/Glints2/dict_0003_0057.uasset" 8834
"../../../Engine/Content/EngineMaterials/Substrate/Glints2/dict_0003_0085.uasset" 8835
"../../../Engine/Content/EngineMaterials/Substrate/Glints2/dict_0003_0075.uasset" 8836
"../../../Engine/Content/EngineMaterials/Substrate/Glints2/dict_0003_0067.uasset" 8837
"/Engine/EngineMaterials/Substrate/Glints2/dict_0003_0057" 8838
"/Engine/EngineMaterials/Substrate/Glints2/dict_0003_0058" 8839
"../../../Engine/Content/EngineMaterials/Substrate/Glints2/dict_0003_0074.uasset" 8840
"../../../Engine/Content/EngineMaterials/Substrate/Glints2/dict_0003_0071.uasset" 8841
"/Engine/EngineMaterials/Substrate/Glints2/dict_0003_0059" 8842
"/Engine/EngineMaterials/Substrate/Glints2/dict_0003_0078" 8843
"/Engine/EngineMaterials/Substrate/Glints2/dict_0003_0060" 8844
"/Engine/EngineMaterials/Substrate/Glints2/dict_0003_0061" 8845
"../../../Engine/Content/EngineMaterials/Substrate/Glints2/dict_0003_0072.uasset" 8846
"../../../Engine/Content/EngineMaterials/Substrate/Glints2/dict_0003_0068.uasset" 8847
"/Engine/EngineMaterials/Substrate/Glints2/dict_0003_0079" 8848
"../../../Engine/Content/EngineMaterials/Substrate/Glints2/dict_0003_0076.uasset" 8849
"../../../Engine/Content/EngineMaterials/Substrate/Glints2/dict_0003_0062.uasset" 8850
"/Engine/EngineMaterials/Substrate/Glints2/dict_0003_0063" 8851
"/Engine/EngineMaterials/Substrate/Glints2/dict_0003_0064" 8852
"/Engine/EngineMaterials/Substrate/Glints2/dict_0003_0080" 8853
"/Engine/EngineMaterials/Substrate/Glints2/dict_0003_0081" 8854
"/Engine/EngineMaterials/Substrate/Glints2/dict_0003_0065" 8855
"/Engine/EngineMaterials/Substrate/Glints2/dict_0003_0082" 8856
"/Engine/EngineMaterials/Substrate/Glints2/dict_0003_0083" 8857
"../../../Engine/Content/EngineMaterials/Substrate/Glints2/dict_0003_0069.uasset" 8858
"/Engine/EngineMaterials/Substrate/Glints2/dict_0003_0084" 8859
"/Engine/EngineMaterials/Substrate/Glints2/dict_0003_0066" 8860
"/Engine/EngineMaterials/Substrate/Glints2/dict_0003_0085" 8861
"/Engine/EngineMaterials/Substrate/Glints2/dict_0003_0086" 8862
"/Engine/EngineMaterials/Substrate/Glints2/dict_0003_0070" 8863
"/Engine/EngineMaterials/Substrate/Glints2/dict_0003_0073" 8864
"/Engine/EngineMaterials/Substrate/Glints2/dict_0003_0075" 8865
"/Engine/EngineMaterials/Substrate/Glints2/dict_0003_0087" 8866
"/Engine/EngineMaterials/Substrate/Glints2/dict_0003_0088" 8867
"/Engine/EngineMaterials/Substrate/Glints2/dict_0003_0077" 8868
"/Engine/EngineMaterials/Substrate/Glints2/dict_0003_0062" 8869
"/Engine/EngineMaterials/Substrate/Glints2/dict_0003_0067" 8870
"/Engine/EngineMaterials/Substrate/Glints2/dict_0003_0068" 8871
"/Engine/EngineMaterials/Substrate/Glints2/dict_0003_0069" 8872
"/Engine/EngineMaterials/Substrate/Glints2/dict_0003_0071" 8873
"/Engine/EngineMaterials/Substrate/Glints2/dict_0003_0072" 8874
"/Engine/EngineMaterials/Substrate/Glints2/dict_0003_0074" 8875
"/Engine/EngineMaterials/Substrate/Glints2/dict_0003_0076" 8876
"../../../Engine/Content/EngineMaterials/Substrate/Glints2/dict_0003_0039.uasset" 8877
"../../../Engine/Content/EngineMaterials/Substrate/Glints2/dict_0003_0034.uasset" 8878
"../../../Engine/Content/EngineMaterials/Substrate/Glints2/dict_0003_0038.uasset" 8879
"../../../Engine/Content/EngineMaterials/Substrate/Glints2/dict_0003_0042.uasset" 8880
"../../../Engine/Content/EngineMaterials/Substrate/Glints2/dict_0003_0036.uasset" 8881
"../../../Engine/Content/EngineMaterials/Substrate/Glints2/dict_0003_0054.uasset" 8882
"../../../Engine/Content/EngineMaterials/Substrate/Glints2/dict_0003_0048.uasset" 8883
"/Engine/EngineMaterials/Substrate/Glints2/dict_0003_0034" 8884
"../../../Engine/Content/EngineMaterials/Substrate/Glints2/dict_0003_0041.uasset" 8885
"/Engine/EngineMaterials/Substrate/Glints2/dict_0003_0036" 8886
"../../../Engine/Content/EngineMaterials/Substrate/Glints2/dict_0003_0033.uasset" 8887
"/Engine/EngineMaterials/Substrate/Glints2/dict_0003_0038" 8888
"/Engine/EngineMaterials/Substrate/Glints2/dict_0003_0039" 8889
"../../../Engine/Content/EngineMaterials/Substrate/Glints2/dict_0003_0045.uasset" 8890
"/Engine/EngineMaterials/Substrate/Glints2/dict_0003_0042" 8891
"/Engine/EngineMaterials/Substrate/Glints2/dict_0003_0054" 8892
"../../../Engine/Content/EngineMaterials/Substrate/Glints2/dict_0003_0043.uasset" 8893
"/Engine/EngineMaterials/Substrate/Glints2/dict_0003_0033" 8894
"../../../Engine/Content/EngineMaterials/Substrate/Glints2/dict_0003_0050.uasset" 8895
"../../../Engine/Content/EngineMaterials/Substrate/Glints2/dict_0003_0035.uasset" 8896
"/Engine/EngineMaterials/Substrate/Glints2/dict_0003_0041" 8897
"/Engine/EngineMaterials/Substrate/Glints2/dict_0003_0043" 8898
"/Engine/EngineMaterials/Substrate/Glints2/dict_0003_0045" 8899
"../../../Engine/Content/EngineMaterials/Substrate/Glints2/dict_0003_0052.uasset" 8900
"/Engine/EngineMaterials/Substrate/Glints2/dict_0003_0048" 8901
"/Engine/EngineMaterials/Substrate/Glints2/dict_0003_0035" 8902
"/Engine/EngineMaterials/Substrate/Glints2/dict_0003_0050" 8903
"../../../Engine/Content/EngineMaterials/Substrate/Glints2/dict_0003_0037.uasset" 8904
"../../../Engine/Content/EngineMaterials/Substrate/Glints2/dict_0003_0046.uasset" 8905
"../../../Engine/Content/EngineMaterials/Substrate/Glints2/dict_0003_0040.uasset" 8906
"../../../Engine/Content/EngineMaterials/Substrate/Glints2/dict_0003_0030.uasset" 8907
"../../../Engine/Content/EngineMaterials/Substrate/Glints2/dict_0003_0056.uasset" 8908
"/Engine/EngineMaterials/Substrate/Glints2/dict_0003_0052" 8909
"/Engine/EngineMaterials/Substrate/Glints2/dict_0003_0037" 8910
"/Engine/EngineMaterials/Substrate/Glints2/dict_0003_0040" 8911
"/Engine/EngineMaterials/Substrate/Glints2/dict_0003_0046" 8912
"../../../Engine/Content/EngineMaterials/Substrate/Glints2/dict_0003_0031.uasset" 8913
"/Engine/EngineMaterials/Substrate/Glints2/dict_0003_0030" 8914
"../../../Engine/Content/EngineMaterials/Substrate/Glints2/dict_0003_0029.uasset" 8915
"../../../Engine/Content/EngineMaterials/Substrate/Glints2/dict_0003_0055.uasset" 8916
"../../../Engine/Content/EngineMaterials/Substrate/Glints2/dict_0003_0026.uasset" 8917
"../../../Engine/Content/EngineMaterials/Substrate/Glints2/dict_0003_0053.uasset" 8918
"/Engine/EngineMaterials/Substrate/Glints2/dict_0003_0056" 8919
"/Engine/EngineMaterials/Substrate/Glints2/dict_0003_0026" 8920
"../../../Engine/Content/EngineMaterials/Substrate/Glints2/dict_0003_0032.uasset" 8921
"/Engine/EngineMaterials/Substrate/Glints2/dict_0003_0029" 8922
"../../../Engine/Content/EngineMaterials/Substrate/Glints2/dict_0003_0028.uasset" 8923
"/Engine/EngineMaterials/Substrate/Glints2/dict_0003_0031" 8924
"/Engine/EngineMaterials/Substrate/Glints2/dict_0003_0053" 8925
"/Engine/EngineMaterials/Substrate/Glints2/dict_0003_0055" 8926
"/Engine/EngineMaterials/Substrate/Glints2/dict_0003_0028" 8927
"/Engine/EngineMaterials/Substrate/Glints2/dict_0003_0032" 8928
"../../../Engine/Content/EngineMaterials/Substrate/Glints2/dict_0003_0025.uasset" 8929
"../../../Engine/Content/EngineMaterials/Substrate/Glints2/dict_0003_0018.uasset" 8930
"../../../Engine/Content/EngineMaterials/Substrate/Glints2/dict_0003_0023.uasset" 8931
"../../../Engine/Content/EngineMaterials/Substrate/Glints2/dict_0003_0013.uasset" 8932
"../../../Engine/Content/EngineMaterials/Substrate/Glints2/dict_0003_0022.uasset" 8933
"../../../Engine/Content/EngineMaterials/Substrate/Glints2/dict_0003_0016.uasset" 8934
"../../../Engine/Content/EngineMaterials/Substrate/Glints2/dict_0003_0021.uasset" 8935
"../../../Engine/Content/EngineMaterials/Substrate/Glints2/dict_0003_0014.uasset" 8936
"../../../Engine/Content/EngineMaterials/Substrate/Glints2/dict_0003_0027.uasset" 8937
"../../../Engine/Content/EngineMaterials/Substrate/Glints2/dict_0003_0044.uasset" 8938
"/Engine/EngineMaterials/Substrate/Glints2/dict_0003_0014" 8939
"/Engine/EngineMaterials/Substrate/Glints2/dict_0003_0025" 8940
"/Engine/EngineMaterials/Substrate/Glints2/dict_0003_0021" 8941
"/Engine/EngineMaterials/Substrate/Glints2/dict_0003_0022" 8942
"/Engine/EngineMaterials/Substrate/Glints2/dict_0003_0023" 8943
"/Engine/EngineMaterials/Substrate/Glints2/dict_0003_0016" 8944
"/Engine/EngineMaterials/Substrate/Glints2/dict_0003_0018" 8945
"/Engine/EngineMaterials/Substrate/Glints2/dict_0003_0027" 8946
"/Engine/EngineMaterials/Substrate/Glints2/dict_0003_0013" 8947
"../../../Engine/Content/EngineMaterials/Substrate/Glints2/dict_0003_0010.uasset" 8948
"../../../Engine/Content/EngineMaterials/Substrate/Glints2/dict_0003_0019.uasset" 8949
"/Engine/EngineMaterials/Substrate/Glints2/dict_0003_0044" 8950
"../../../Engine/Content/EngineMaterials/Substrate/Glints2/dict_0003_0011.uasset" 8951
"/Engine/EngineMaterials/Substrate/Glints2/dict_0003_0010" 8952
"/Engine/EngineMaterials/Substrate/Glints2/dict_0003_0019" 8953
"/Engine/EngineMaterials/Substrate/Glints2/dict_0003_0011" 8954
"../../../Engine/Content/EngineMaterials/Substrate/Glints2/dict_0003_0017.uasset" 8955
"../../../Engine/Content/EngineMaterials/Substrate/Glints2/dict_0003_0008.uasset" 8956
"../../../Engine/Content/EngineMaterials/Substrate/Glints2/dict_0003_0012.uasset" 8957
"../../../Engine/Content/EngineMaterials/Substrate/Glints2/dict_0003_0005.uasset" 8958
"../../../Engine/Content/EngineMaterials/Substrate/Glints2/dict_0003_0007.uasset" 8959
"../../../Engine/Content/EngineMaterials/Substrate/Glints2/dict_0003_0009.uasset" 8960
"../../../Engine/Content/EngineMaterials/Substrate/Glints2/dict_0003_0002.uasset" 8961
"../../../Engine/Content/EngineMaterials/Substrate/Glints2/dict_0003_0003.uasset" 8962
"../../../Engine/Content/EngineMaterials/Substrate/Glints2/dict_0003_0004.uasset" 8963
"../../../Engine/Content/EngineMaterials/Substrate/Glints2/dict_0002_0255.uasset" 8964
"../../../Engine/Content/EngineMaterials/Substrate/Glints2/dict_0003_0001.uasset" 8965
"../../../Engine/Content/EngineMaterials/Substrate/Glints2/dict_0002_0254.uasset" 8966
"../../../Engine/Content/EngineMaterials/Substrate/Glints2/dict_0003_0000.uasset" 8967
"../../../Engine/Content/EngineMaterials/Substrate/Glints2/dict_0003_0024.uasset" 8968
"../../../Engine/Content/EngineMaterials/Substrate/Glints2/dict_0002_0252.uasset" 8969
"/Engine/EngineMaterials/Substrate/Glints2/dict_0003_0007" 8970
"../../../Engine/Content/EngineMaterials/Substrate/Glints2/dict_0002_0249.uasset" 8971
"/Engine/EngineMaterials/Substrate/Glints2/dict_0003_0017" 8972
"../../../Engine/Content/EngineMaterials/Substrate/Glints2/dict_0002_0247.uasset" 8973
"/Engine/EngineMaterials/Substrate/Glints2/dict_0003_0008" 8974
"../../../Engine/Content/EngineMaterials/Substrate/Glints2/dict_0002_0243.uasset" 8975
"../../../Engine/Content/EngineMaterials/Substrate/Glints2/dict_0002_0251.uasset" 8976
"/Engine/EngineMaterials/Substrate/Glints2/dict_0002_0252" 8977
"../../../Engine/Content/EngineMaterials/Substrate/Glints2/dict_0003_0015.uasset" 8978
"/Engine/EngineMaterials/Substrate/Glints2/dict_0003_0001" 8979
"../../../Engine/Content/EngineMaterials/Substrate/Glints2/dict_0002_0246.uasset" 8980
"../../../Engine/Content/EngineMaterials/Substrate/Glints2/dict_0002_0244.uasset" 8981
"../../../Engine/Content/EngineMaterials/Substrate/Glints2/dict_0003_0049.uasset" 8982
"/Engine/EngineMaterials/Substrate/Glints2/dict_0003_0012" 8983
"/Engine/EngineMaterials/Substrate/Glints2/dict_0002_0255" 8984
"../../../Engine/Content/EngineMaterials/Substrate/Glints2/dict_0003_0047.uasset" 8985
"/Engine/EngineMaterials/Substrate/Glints2/dict_0003_0002" 8986
"/Engine/EngineMaterials/Substrate/Glints2/dict_0003_0009" 8987
"../../../Engine/Content/EngineMaterials/Substrate/Glints2/dict_0002_0242.uasset" 8988
"../../../Engine/Content/EngineMaterials/Substrate/Glints2/dict_0002_0248.uasset" 8989
"../../../Engine/Content/EngineMaterials/Substrate/Glints2/dict_0002_0253.uasset" 8990
"../../../Engine/Content/EngineMaterials/Substrate/Glints2/dict_0003_0051.uasset" 8991
"/Engine/EngineMaterials/Substrate/Glints2/dict_0002_0254" 8992
"/Engine/EngineMaterials/Substrate/Glints2/dict_0003_0003" 8993
"/Engine/EngineMaterials/Substrate/Glints2/dict_0003_0004" 8994
"/Engine/EngineMaterials/Substrate/Glints2/dict_0003_0000" 8995
"/Engine/EngineMaterials/Substrate/Glints2/dict_0003_0024" 8996
"/Engine/EngineMaterials/Substrate/Glints2/dict_0003_0005" 8997
"/Engine/EngineMaterials/Substrate/Glints2/dict_0002_0246" 8998
"/Engine/EngineMaterials/Substrate/Glints2/dict_0002_0242" 8999
"/Engine/EngineMaterials/Substrate/Glints2/dict_0002_0243" 9000
"/Engine/EngineMaterials/Substrate/Glints2/dict_0002_0247" 9001
"/Engine/EngineMaterials/Substrate/Glints2/dict_0002_0248" 9002
"/Engine/EngineMaterials/Substrate/Glints2/dict_0002_0249" 9003
"/Engine/EngineMaterials/Substrate/Glints2/dict_0003_0015" 9004
"/Engine/EngineMaterials/Substrate/Glints2/dict_0002_0251" 9005
"/Engine/EngineMaterials/Substrate/Glints2/dict_0002_0244" 9006
"/Engine/EngineMaterials/Substrate/Glints2/dict_0003_0047" 9007
"/Engine/EngineMaterials/Substrate/Glints2/dict_0003_0049" 9008
"/Engine/EngineMaterials/Substrate/Glints2/dict_0002_0253" 9009
"../../../Engine/Content/EngineMaterials/Substrate/Glints2/dict_0002_0245.uasset" 9010
"../../../Engine/Content/EngineMaterials/Substrate/Glints2/dict_0002_0250.uasset" 9011
"/Engine/EngineMaterials/Substrate/Glints2/dict_0003_0051" 9012
"/Engine/EngineMaterials/Substrate/Glints2/dict_0002_0250" 9013
"/Engine/EngineMaterials/Substrate/Glints2/dict_0002_0245" 9014
"../../../Engine/Content/EngineMaterials/Substrate/Glints2/dict_0002_0229.uasset" 9015
"../../../Engine/Content/EngineMaterials/Substrate/Glints2/dict_0002_0236.uasset" 9016
"../../../Engine/Content/EngineMaterials/Substrate/Glints2/dict_0002_0228.uasset" 9017
"../../../Engine/Content/EngineMaterials/Substrate/Glints2/dict_0002_0239.uasset" 9018
"../../../Engine/Content/EngineMaterials/Substrate/Glints2/dict_0002_0227.uasset" 9019
"../../../Engine/Content/EngineMaterials/Substrate/Glints2/dict_0002_0233.uasset" 9020
"../../../Engine/Content/EngineMaterials/Substrate/Glints2/dict_0002_0230.uasset" 9021
"../../../Engine/Content/EngineMaterials/Substrate/Glints2/dict_0002_0241.uasset" 9022
"../../../Engine/Content/EngineMaterials/Substrate/Glints2/dict_0002_0221.uasset" 9023
"../../../Engine/Content/EngineMaterials/Substrate/Glints2/dict_0002_0225.uasset" 9024
"../../../Engine/Content/EngineMaterials/Substrate/Glints2/dict_0002_0223.uasset" 9025
"../../../Engine/Content/EngineMaterials/Substrate/Glints2/dict_0002_0238.uasset" 9026
"../../../Engine/Content/EngineMaterials/Substrate/Glints2/dict_0002_0226.uasset" 9027
"../../../Engine/Content/EngineMaterials/Substrate/Glints2/dict_0002_0234.uasset" 9028
"../../../Engine/Content/EngineMaterials/Substrate/Glints2/dict_0002_0235.uasset" 9029
"../../../Engine/Content/EngineMaterials/Substrate/Glints2/dict_0002_0224.uasset" 9030
"../../../Engine/Content/EngineMaterials/Substrate/Glints2/dict_0002_0240.uasset" 9031
"../../../Engine/Content/EngineMaterials/Substrate/Glints2/dict_0002_0237.uasset" 9032
"../../../Engine/Content/EngineMaterials/Substrate/Glints2/dict_0002_0220.uasset" 9033
"/Engine/EngineMaterials/Substrate/Glints2/dict_0002_0227" 9034
"/Engine/EngineMaterials/Substrate/Glints2/dict_0002_0220" 9035
"../../../Engine/Content/EngineMaterials/Substrate/Glints2/dict_0002_0222.uasset" 9036
"../../../Engine/Content/EngineMaterials/Substrate/Glints2/dict_0002_0232.uasset" 9037
"/Engine/EngineMaterials/Substrate/Glints2/dict_0002_0221" 9038
"../../../Engine/Content/EngineMaterials/Substrate/Glints2/dict_0002_0217.uasset" 9039
"/Engine/EngineMaterials/Substrate/Glints2/dict_0002_0228" 9040
"/Engine/EngineMaterials/Substrate/Glints2/dict_0002_0229" 9041
"../../../Engine/Content/EngineMaterials/Substrate/Glints2/dict_0002_0219.uasset" 9042
"../../../Engine/Content/EngineMaterials/Substrate/Glints2/dict_0002_0231.uasset" 9043
"../../../Engine/Content/EngineMaterials/Substrate/Glints2/dict_0002_0218.uasset" 9044
"/Engine/EngineMaterials/Substrate/Glints2/dict_0002_0223" 9045
"/Engine/EngineMaterials/Substrate/Glints2/dict_0002_0230" 9046
"/Engine/EngineMaterials/Substrate/Glints2/dict_0002_0224" 9047
"/Engine/EngineMaterials/Substrate/Glints2/dict_0002_0225" 9048
"/Engine/EngineMaterials/Substrate/Glints2/dict_0002_0233" 9049
"/Engine/EngineMaterials/Substrate/Glints2/dict_0002_0226" 9050
"../../../Engine/Content/EngineMaterials/Substrate/Glints2/dict_0002_0215.uasset" 9051
"../../../Engine/Content/EngineMaterials/Substrate/Glints2/dict_0002_0214.uasset" 9052
"../../../Engine/Content/EngineMaterials/Substrate/Glints2/dict_0002_0216.uasset" 9053
"/Engine/EngineMaterials/Substrate/Glints2/dict_0002_0234" 9054
"../../../Engine/Content/EngineMaterials/Substrate/Glints2/dict_0002_0212.uasset" 9055
"/Engine/EngineMaterials/Substrate/Glints2/dict_0002_0235" 9056
"../../../Engine/Content/EngineMaterials/Substrate/Glints2/dict_0003_0006.uasset" 9057
"/Engine/EngineMaterials/Substrate/Glints2/dict_0002_0236" 9058
"../../../Engine/Content/EngineMaterials/Substrate/Glints2/dict_0003_0020.uasset" 9059
"/Engine/EngineMaterials/Substrate/Glints2/dict_0002_0237" 9060
"/Engine/EngineMaterials/Substrate/Glints2/dict_0002_0238" 9061
"/Engine/EngineMaterials/Substrate/Glints2/dict_0002_0239" 9062
"/Engine/EngineMaterials/Substrate/Glints2/dict_0002_0240" 9063
"/Engine/EngineMaterials/Substrate/Glints2/dict_0002_0241" 9064
"/Engine/EngineMaterials/Substrate/Glints2/dict_0002_0214" 9065
"../../../Engine/Content/EngineMaterials/Substrate/Glints2/dict_0002_0213.uasset" 9066
"/Engine/EngineMaterials/Substrate/Glints2/dict_0002_0215" 9067
"/Engine/EngineMaterials/Substrate/Glints2/dict_0002_0216" 9068
"/Engine/EngineMaterials/Substrate/Glints2/dict_0003_0020" 9069
"/Engine/EngineMaterials/Substrate/Glints2/dict_0002_0217" 9070
"/Engine/EngineMaterials/Substrate/Glints2/dict_0003_0006" 9071
"/Engine/EngineMaterials/Substrate/Glints2/dict_0002_0218" 9072
"/Engine/EngineMaterials/Substrate/Glints2/dict_0002_0219" 9073
"/Engine/EngineMaterials/Substrate/Glints2/dict_0002_0212" 9074
"/Engine/EngineMaterials/Substrate/Glints2/dict_0002_0222" 9075
"/Engine/EngineMaterials/Substrate/Glints2/dict_0002_0231" 9076
"/Engine/EngineMaterials/Substrate/Glints2/dict_0002_0232" 9077
"/Engine/EngineMaterials/Substrate/Glints2/dict_0002_0213" 9078
"../../../Engine/Content/EngineMaterials/Substrate/Glints2/dict_0002_0199.uasset" 9079
"../../../Engine/Content/EngineMaterials/Substrate/Glints2/dict_0002_0198.uasset" 9080
"../../../Engine/Content/EngineMaterials/Substrate/Glints2/dict_0002_0205.uasset" 9081
"../../../Engine/Content/EngineMaterials/Substrate/Glints2/dict_0002_0204.uasset" 9082
"../../../Engine/Content/EngineMaterials/Substrate/Glints2/dict_0002_0193.uasset" 9083
"../../../Engine/Content/EngineMaterials/Substrate/Glints2/dict_0002_0209.uasset" 9084
"../../../Engine/Content/EngineMaterials/Substrate/Glints2/dict_0002_0202.uasset" 9085
"../../../Engine/Content/EngineMaterials/Substrate/Glints2/dict_0002_0197.uasset" 9086
"../../../Engine/Content/EngineMaterials/Substrate/Glints2/dict_0002_0207.uasset" 9087
"../../../Engine/Content/EngineMaterials/Substrate/Glints2/dict_0002_0195.uasset" 9088
"../../../Engine/Content/EngineMaterials/Substrate/Glints2/dict_0002_0196.uasset" 9089
"../../../Engine/Content/EngineMaterials/Substrate/Glints2/dict_0002_0194.uasset" 9090
"../../../Engine/Content/EngineMaterials/Substrate/Glints2/dict_0002_0210.uasset" 9091
"../../../Engine/Content/EngineMaterials/Substrate/Glints2/dict_0002_0208.uasset" 9092
"/Engine/EngineMaterials/Substrate/Glints2/dict_0002_0193" 9093
"../../../Engine/Content/EngineMaterials/Substrate/Glints2/dict_0002_0189.uasset" 9094
"/Engine/EngineMaterials/Substrate/Glints2/dict_0002_0194" 9095
"../../../Engine/Content/EngineMaterials/Substrate/Glints2/dict_0002_0203.uasset" 9096
"../../../Engine/Content/EngineMaterials/Substrate/Glints2/dict_0002_0192.uasset" 9097
"/Engine/EngineMaterials/Substrate/Glints2/dict_0002_0195" 9098
"/Engine/EngineMaterials/Substrate/Glints2/dict_0002_0196" 9099
"../../../Engine/Content/EngineMaterials/Substrate/Glints2/dict_0002_0187.uasset" 9100
"/Engine/EngineMaterials/Substrate/Glints2/dict_0002_0197" 9101
"../../../Engine/Content/EngineMaterials/Substrate/Glints2/dict_0002_0188.uasset" 9102
"../../../Engine/Content/EngineMaterials/Substrate/Glints2/dict_0002_0191.uasset" 9103
"../../../Engine/Content/EngineMaterials/Substrate/Glints2/dict_0002_0206.uasset" 9104
"/Engine/EngineMaterials/Substrate/Glints2/dict_0002_0198" 9105
"../../../Engine/Content/EngineMaterials/Substrate/Glints2/dict_0002_0181.uasset" 9106
"../../../Engine/Content/EngineMaterials/Substrate/Glints2/dict_0002_0201.uasset" 9107
"/Engine/EngineMaterials/Substrate/Glints2/dict_0002_0199" 9108
"../../../Engine/Content/EngineMaterials/Substrate/Glints2/dict_0002_0190.uasset" 9109
"../../../Engine/Content/EngineMaterials/Substrate/Glints2/dict_0002_0200.uasset" 9110
"/Engine/EngineMaterials/Substrate/Glints2/dict_0002_0202" 9111
"/Engine/EngineMaterials/Substrate/Glints2/dict_0002_0204" 9112
"/Engine/EngineMaterials/Substrate/Glints2/dict_0002_0205" 9113
"../../../Engine/Content/EngineMaterials/Substrate/Glints2/dict_0002_0186.uasset" 9114
"/Engine/EngineMaterials/Substrate/Glints2/dict_0002_0207" 9115
"../../../Engine/Content/EngineMaterials/Substrate/Glints2/dict_0002_0183.uasset" 9116
"../../../Engine/Content/EngineMaterials/Substrate/Glints2/dict_0002_0180.uasset" 9117
"/Engine/EngineMaterials/Substrate/Glints2/dict_0002_0208" 9118
"../../../Engine/Content/EngineMaterials/Substrate/Glints2/dict_0002_0211.uasset" 9119
"../../../Engine/Content/EngineMaterials/Substrate/Glints2/dict_0002_0185.uasset" 9120
"/Engine/EngineMaterials/Substrate/Glints2/dict_0002_0209" 9121
"../../../Engine/Content/EngineMaterials/Substrate/Glints2/dict_0002_0184.uasset" 9122
"/Engine/EngineMaterials/Substrate/Glints2/dict_0002_0210" 9123
"/Engine/EngineMaterials/Substrate/Glints2/dict_0002_0181" 9124
"/Engine/EngineMaterials/Substrate/Glints2/dict_0002_0183" 9125
"/Engine/EngineMaterials/Substrate/Glints2/dict_0002_0184" 9126
"/Engine/EngineMaterials/Substrate/Glints2/dict_0002_0185" 9127
"/Engine/EngineMaterials/Substrate/Glints2/dict_0002_0186" 9128
"/Engine/EngineMaterials/Substrate/Glints2/dict_0002_0187" 9129
"/Engine/EngineMaterials/Substrate/Glints2/dict_0002_0188" 9130
"/Engine/EngineMaterials/Substrate/Glints2/dict_0002_0189" 9131
"/Engine/EngineMaterials/Substrate/Glints2/dict_0002_0190" 9132
"/Engine/EngineMaterials/Substrate/Glints2/dict_0002_0200" 9133
"/Engine/EngineMaterials/Substrate/Glints2/dict_0002_0191" 9134
"/Engine/EngineMaterials/Substrate/Glints2/dict_0002_0201" 9135
"/Engine/EngineMaterials/Substrate/Glints2/dict_0002_0192" 9136
"../../../Engine/Content/EngineMaterials/Substrate/Glints2/dict_0002_0182.uasset" 9137
"/Engine/EngineMaterials/Substrate/Glints2/dict_0002_0203" 9138
"/Engine/EngineMaterials/Substrate/Glints2/dict_0002_0206" 9139
"/Engine/EngineMaterials/Substrate/Glints2/dict_0002_0211" 9140
"/Engine/EngineMaterials/Substrate/Glints2/dict_0002_0180" 9141
"/Engine/EngineMaterials/Substrate/Glints2/dict_0002_0182" 9142
"../../../Engine/Content/EngineMaterials/Substrate/Glints2/dict_0002_0177.uasset" 9143
"../../../Engine/Content/EngineMaterials/Substrate/Glints2/dict_0002_0169.uasset" 9144
"../../../Engine/Content/EngineMaterials/Substrate/Glints2/dict_0002_0174.uasset" 9145
"../../../Engine/Content/EngineMaterials/Substrate/Glints2/dict_0002_0178.uasset" 9146
"../../../Engine/Content/EngineMaterials/Substrate/Glints2/dict_0002_0173.uasset" 9147
"../../../Engine/Content/EngineMaterials/Substrate/Glints2/dict_0002_0167.uasset" 9148
"../../../Engine/Content/EngineMaterials/Substrate/Glints2/dict_0002_0175.uasset" 9149
"../../../Engine/Content/EngineMaterials/Substrate/Glints2/dict_0002_0172.uasset" 9150
"../../../Engine/Content/EngineMaterials/Substrate/Glints2/dict_0002_0176.uasset" 9151
"../../../Engine/Content/EngineMaterials/Substrate/Glints2/dict_0002_0171.uasset" 9152
"../../../Engine/Content/EngineMaterials/Substrate/Glints2/dict_0002_0170.uasset" 9153
"../../../Engine/Content/EngineMaterials/Substrate/Glints2/dict_0002_0166.uasset" 9154
"../../../Engine/Content/EngineMaterials/Substrate/Glints2/dict_0002_0179.uasset" 9155
"../../../Engine/Content/EngineMaterials/Substrate/Glints2/dict_0002_0168.uasset" 9156
"../../../Engine/Content/EngineMaterials/Substrate/Glints2/dict_0002_0153.uasset" 9157
"../../../Engine/Content/EngineMaterials/Substrate/Glints2/dict_0002_0161.uasset" 9158
"../../../Engine/Content/EngineMaterials/Substrate/Glints2/dict_0002_0159.uasset" 9159
"../../../Engine/Content/EngineMaterials/Substrate/Glints2/dict_0002_0165.uasset" 9160
"../../../Engine/Content/EngineMaterials/Substrate/Glints2/dict_0002_0162.uasset" 9161
"../../../Engine/Content/EngineMaterials/Substrate/Glints2/dict_0002_0157.uasset" 9162
"../../../Engine/Content/EngineMaterials/Substrate/Glints2/dict_0002_0158.uasset" 9163
"../../../Engine/Content/EngineMaterials/Substrate/Glints2/dict_0002_0155.uasset" 9164
"../../../Engine/Content/EngineMaterials/Substrate/Glints2/dict_0002_0152.uasset" 9165
"../../../Engine/Content/EngineMaterials/Substrate/Glints2/dict_0002_0163.uasset" 9166
"../../../Engine/Content/EngineMaterials/Substrate/Glints2/dict_0002_0149.uasset" 9167
"../../../Engine/Content/EngineMaterials/Substrate/Glints2/dict_0002_0154.uasset" 9168
"/Engine/EngineMaterials/Substrate/Glints2/dict_0002_0153" 9169
"../../../Engine/Content/EngineMaterials/Substrate/Glints2/dict_0002_0148.uasset" 9170
"/Engine/EngineMaterials/Substrate/Glints2/dict_0002_0166" 9171
"../../../Engine/Content/EngineMaterials/Substrate/Glints2/dict_0002_0156.uasset" 9172
"/Engine/EngineMaterials/Substrate/Glints2/dict_0002_0167" 9173
"/Engine/EngineMaterials/Substrate/Glints2/dict_0002_0168" 9174
"/Engine/EngineMaterials/Substrate/Glints2/dict_0002_0157" 9175
"/Engine/EngineMaterials/Substrate/Glints2/dict_0002_0169" 9176
"/Engine/EngineMaterials/Substrate/Glints2/dict_0002_0170" 9177
"../../../Engine/Content/EngineMaterials/Substrate/Glints2/dict_0002_0164.uasset" 9178
"/Engine/EngineMaterials/Substrate/Glints2/dict_0002_0171" 9179
"../../../Engine/Content/EngineMaterials/Substrate/Glints2/dict_0002_0151.uasset" 9180
"/Engine/EngineMaterials/Substrate/Glints2/dict_0002_0172" 9181
"/Engine/EngineMaterials/Substrate/Glints2/dict_0002_0158" 9182
"/Engine/EngineMaterials/Substrate/Glints2/dict_0002_0159" 9183
"/Engine/EngineMaterials/Substrate/Glints2/dict_0002_0161" 9184
"../../../Engine/Content/EngineMaterials/Substrate/Glints2/dict_0002_0150.uasset" 9185
"/Engine/EngineMaterials/Substrate/Glints2/dict_0002_0173" 9186
"/Engine/EngineMaterials/Substrate/Glints2/dict_0002_0162" 9187
"/Engine/EngineMaterials/Substrate/Glints2/dict_0002_0174" 9188
"/Engine/EngineMaterials/Substrate/Glints2/dict_0002_0175" 9189
"/Engine/EngineMaterials/Substrate/Glints2/dict_0002_0176" 9190
"/Engine/EngineMaterials/Substrate/Glints2/dict_0002_0177" 9191
"/Engine/EngineMaterials/Substrate/Glints2/dict_0002_0178" 9192
"../../../Engine/Content/EngineMaterials/Substrate/Glints2/dict_0002_0160.uasset" 9193
"/Engine/EngineMaterials/Substrate/Glints2/dict_0002_0179" 9194
"/Engine/EngineMaterials/Substrate/Glints2/dict_0002_0165" 9195
"/Engine/EngineMaterials/Substrate/Glints2/dict_0002_0149" 9196
"/Engine/EngineMaterials/Substrate/Glints2/dict_0002_0148" 9197
"/Engine/EngineMaterials/Substrate/Glints2/dict_0002_0150" 9198
"/Engine/EngineMaterials/Substrate/Glints2/dict_0002_0151" 9199
"/Engine/EngineMaterials/Substrate/Glints2/dict_0002_0152" 9200
"/Engine/EngineMaterials/Substrate/Glints2/dict_0002_0154" 9201
"/Engine/EngineMaterials/Substrate/Glints2/dict_0002_0155" 9202
"/Engine/EngineMaterials/Substrate/Glints2/dict_0002_0156" 9203
"/Engine/EngineMaterials/Substrate/Glints2/dict_0002_0160" 9204
"/Engine/EngineMaterials/Substrate/Glints2/dict_0002_0163" 9205
"/Engine/EngineMaterials/Substrate/Glints2/dict_0002_0164" 9206
"../../../Engine/Content/EngineMaterials/Substrate/Glints2/dict_0002_0145.uasset" 9207
"../../../Engine/Content/EngineMaterials/Substrate/Glints2/dict_0002_0134.uasset" 9208
"../../../Engine/Content/EngineMaterials/Substrate/Glints2/dict_0002_0132.uasset" 9209
"../../../Engine/Content/EngineMaterials/Substrate/Glints2/dict_0002_0136.uasset" 9210
"../../../Engine/Content/EngineMaterials/Substrate/Glints2/dict_0002_0131.uasset" 9211
"../../../Engine/Content/EngineMaterials/Substrate/Glints2/dict_0002_0139.uasset" 9212
"../../../Engine/Content/EngineMaterials/Substrate/Glints2/dict_0002_0147.uasset" 9213
"../../../Engine/Content/EngineMaterials/Substrate/Glints2/dict_0002_0144.uasset" 9214
"../../../Engine/Content/EngineMaterials/Substrate/Glints2/dict_0002_0141.uasset" 9215
"../../../Engine/Content/EngineMaterials/Substrate/Glints2/dict_0002_0135.uasset" 9216
"../../../Engine/Content/EngineMaterials/Substrate/Glints2/dict_0002_0142.uasset" 9217
"../../../Engine/Content/EngineMaterials/Substrate/Glints2/dict_0002_0122.uasset" 9218
"../../../Engine/Content/EngineMaterials/Substrate/Glints2/dict_0002_0138.uasset" 9219
"/Engine/EngineMaterials/Substrate/Glints2/dict_0002_0131" 9220
"../../../Engine/Content/EngineMaterials/Substrate/Glints2/dict_0002_0137.uasset" 9221
"../../../Engine/Content/EngineMaterials/Substrate/Glints2/dict_0002_0143.uasset" 9222
"../../../Engine/Content/EngineMaterials/Substrate/Glints2/dict_0002_0128.uasset" 9223
"../../../Engine/Content/EngineMaterials/Substrate/Glints2/dict_0002_0146.uasset" 9224
"/Engine/EngineMaterials/Substrate/Glints2/dict_0002_0132" 9225
"/Engine/EngineMaterials/Substrate/Glints2/dict_0002_0134" 9226
"../../../Engine/Content/EngineMaterials/Substrate/Glints2/dict_0002_0127.uasset" 9227
"/Engine/EngineMaterials/Substrate/Glints2/dict_0002_0135" 9228
"../../../Engine/Content/EngineMaterials/Substrate/Glints2/dict_0002_0129.uasset" 9229
"../../../Engine/Content/EngineMaterials/Substrate/Glints2/dict_0002_0140.uasset" 9230
"../../../Engine/Content/EngineMaterials/Substrate/Glints2/dict_0002_0123.uasset" 9231
"/Engine/EngineMaterials/Substrate/Glints2/dict_0002_0136" 9232
"../../../Engine/Content/EngineMaterials/Substrate/Glints2/dict_0002_0130.uasset" 9233
"../../../Engine/Content/EngineMaterials/Substrate/Glints2/dict_0002_0133.uasset" 9234
"/Engine/EngineMaterials/Substrate/Glints2/dict_0002_0139" 9235
"/Engine/EngineMaterials/Substrate/Glints2/dict_0002_0141" 9236
"/Engine/EngineMaterials/Substrate/Glints2/dict_0002_0142" 9237
"/Engine/EngineMaterials/Substrate/Glints2/dict_0002_0144" 9238
"/Engine/EngineMaterials/Substrate/Glints2/dict_0002_0145" 9239
"/Engine/EngineMaterials/Substrate/Glints2/dict_0002_0147" 9240
"../../../Engine/Content/EngineMaterials/Substrate/Glints2/dict_0002_0116.uasset" 9241
"/Engine/EngineMaterials/Substrate/Glints2/dict_0002_0116" 9242
"../../../Engine/Content/EngineMaterials/Substrate/Glints2/dict_0002_0119.uasset" 9243
"../../../Engine/Content/EngineMaterials/Substrate/Glints2/dict_0002_0121.uasset" 9244
"/Engine/EngineMaterials/Substrate/Glints2/dict_0002_0127" 9245
"../../../Engine/Content/EngineMaterials/Substrate/Glints2/dict_0002_0124.uasset" 9246
"../../../Engine/Content/EngineMaterials/Substrate/Glints2/dict_0002_0120.uasset" 9247
"/Engine/EngineMaterials/Substrate/Glints2/dict_0002_0122" 9248
"/Engine/EngineMaterials/Substrate/Glints2/dict_0002_0128" 9249
"/Engine/EngineMaterials/Substrate/Glints2/dict_0002_0129" 9250
"../../../Engine/Content/EngineMaterials/Substrate/Glints2/dict_0002_0125.uasset" 9251
"/Engine/EngineMaterials/Substrate/Glints2/dict_0002_0123" 9252
"../../../Engine/Content/EngineMaterials/Substrate/Glints2/dict_0002_0126.uasset" 9253
"/Engine/EngineMaterials/Substrate/Glints2/dict_0002_0130" 9254
"/Engine/EngineMaterials/Substrate/Glints2/dict_0002_0133" 9255
"../../../Engine/Content/EngineMaterials/Substrate/Glints2/dict_0002_0118.uasset" 9256
"/Engine/EngineMaterials/Substrate/Glints2/dict_0002_0137" 9257
"/Engine/EngineMaterials/Substrate/Glints2/dict_0002_0138" 9258
"/Engine/EngineMaterials/Substrate/Glints2/dict_0002_0140" 9259
"/Engine/EngineMaterials/Substrate/Glints2/dict_0002_0143" 9260
"/Engine/EngineMaterials/Substrate/Glints2/dict_0002_0146" 9261
"/Engine/EngineMaterials/Substrate/Glints2/dict_0002_0118" 9262
"../../../Engine/Content/EngineMaterials/Substrate/Glints2/dict_0002_0117.uasset" 9263
"/Engine/EngineMaterials/Substrate/Glints2/dict_0002_0119" 9264
"/Engine/EngineMaterials/Substrate/Glints2/dict_0002_0120" 9265
"/Engine/EngineMaterials/Substrate/Glints2/dict_0002_0121" 9266
"/Engine/EngineMaterials/Substrate/Glints2/dict_0002_0124" 9267
"/Engine/EngineMaterials/Substrate/Glints2/dict_0002_0125" 9268
"/Engine/EngineMaterials/Substrate/Glints2/dict_0002_0126" 9269
"../../../Engine/Content/EngineMaterials/Substrate/Glints2/dict_0002_0110.uasset" 9270
"/Engine/EngineMaterials/Substrate/Glints2/dict_0002_0117" 9271
"../../../Engine/Content/EngineMaterials/Substrate/Glints2/dict_0002_0107.uasset" 9272
"../../../Engine/Content/EngineMaterials/Substrate/Glints2/dict_0002_0109.uasset" 9273
"/Engine/EngineMaterials/Substrate/Glints2/dict_0002_0110" 9274
"../../../Engine/Content/EngineMaterials/Substrate/Glints2/dict_0002_0111.uasset" 9275
"../../../Engine/Content/EngineMaterials/Substrate/Glints2/dict_0002_0113.uasset" 9276
"../../../Engine/Content/EngineMaterials/Substrate/Glints2/dict_0002_0105.uasset" 9277
"/Engine/EngineMaterials/Substrate/Glints2/dict_0002_0107" 9278
"/Engine/EngineMaterials/Substrate/Glints2/dict_0002_0109" 9279
"/Engine/EngineMaterials/Substrate/Glints2/dict_0002_0111" 9280
"../../../Engine/Content/EngineMaterials/Substrate/Glints2/dict_0002_0115.uasset" 9281
"/Engine/EngineMaterials/Substrate/Glints2/dict_0002_0113" 9282
"/Engine/EngineMaterials/Substrate/Glints2/dict_0002_0105" 9283
"/Engine/EngineMaterials/Substrate/Glints2/dict_0002_0115" 9284
"../../../Engine/Content/EngineMaterials/Substrate/Glints2/dict_0002_0100.uasset" 9285
"../../../Engine/Content/EngineMaterials/Substrate/Glints2/dict_0002_0114.uasset" 9286
"../../../Engine/Content/EngineMaterials/Substrate/Glints2/dict_0002_0083.uasset" 9287
"../../../Engine/Content/EngineMaterials/Substrate/Glints2/dict_0002_0104.uasset" 9288
"../../../Engine/Content/EngineMaterials/Substrate/Glints2/dict_0002_0094.uasset" 9289
"../../../Engine/Content/EngineMaterials/Substrate/Glints2/dict_0002_0098.uasset" 9290
"../../../Engine/Content/EngineMaterials/Substrate/Glints2/dict_0002_0108.uasset" 9291
"../../../Engine/Content/EngineMaterials/Substrate/Glints2/dict_0002_0112.uasset" 9292
"../../../Engine/Content/EngineMaterials/Substrate/Glints2/dict_0002_0101.uasset" 9293
"../../../Engine/Content/EngineMaterials/Substrate/Glints2/dict_0002_0099.uasset" 9294
"../../../Engine/Content/EngineMaterials/Substrate/Glints2/dict_0002_0095.uasset" 9295
"../../../Engine/Content/EngineMaterials/Substrate/Glints2/dict_0002_0097.uasset" 9296
"../../../Engine/Content/EngineMaterials/Substrate/Glints2/dict_0002_0093.uasset" 9297
"../../../Engine/Content/EngineMaterials/Substrate/Glints2/dict_0002_0102.uasset" 9298
"../../../Engine/Content/EngineMaterials/Substrate/Glints2/dict_0002_0106.uasset" 9299
"/Engine/EngineMaterials/Substrate/Glints2/dict_0002_0083" 9300
"../../../Engine/Content/EngineMaterials/Substrate/Glints2/dict_0002_0082.uasset" 9301
"../../../Engine/Content/EngineMaterials/Substrate/Glints2/dict_0002_0089.uasset" 9302
"/Engine/EngineMaterials/Substrate/Glints2/dict_0002_0093" 9303
"../../../Engine/Content/EngineMaterials/Substrate/Glints2/dict_0002_0081.uasset" 9304
"../../../Engine/Content/EngineMaterials/Substrate/Glints2/dict_0002_0103.uasset" 9305
"../../../Engine/Content/EngineMaterials/Substrate/Glints2/dict_0002_0092.uasset" 9306
"../../../Engine/Content/EngineMaterials/Substrate/Glints2/dict_0002_0087.uasset" 9307
"../../../Engine/Content/EngineMaterials/Substrate/Glints2/dict_0002_0088.uasset" 9308
"../../../Engine/Content/EngineMaterials/Substrate/Glints2/dict_0002_0084.uasset" 9309
"/Engine/EngineMaterials/Substrate/Glints2/dict_0002_0094" 9310
"/Engine/EngineMaterials/Substrate/Glints2/dict_0002_0095" 9311
"/Engine/EngineMaterials/Substrate/Glints2/dict_0002_0097" 9312
"/Engine/EngineMaterials/Substrate/Glints2/dict_0002_0098" 9313
"../../../Engine/Content/EngineMaterials/Substrate/Glints2/dict_0002_0090.uasset" 9314
"../../../Engine/Content/EngineMaterials/Substrate/Glints2/dict_0002_0091.uasset" 9315
"../../../Engine/Content/EngineMaterials/Substrate/Glints2/dict_0002_0096.uasset" 9316
"/Engine/EngineMaterials/Substrate/Glints2/dict_0002_0106" 9317
"../../../Engine/Content/EngineMaterials/Substrate/Glints2/dict_0002_0077.uasset" 9318
"../../../Engine/Content/EngineMaterials/Substrate/Glints2/dict_0002_0085.uasset" 9319
"../../../Engine/Content/EngineMaterials/Substrate/Glints2/dict_0002_0078.uasset" 9320
"../../../Engine/Content/EngineMaterials/Substrate/Glints2/dict_0002_0086.uasset" 9321
"../../../Engine/Content/EngineMaterials/Substrate/Glints2/dict_0002_0080.uasset" 9322
"/Engine/EngineMaterials/Substrate/Glints2/dict_0002_0099" 9323
"../../../Engine/Content/EngineMaterials/Substrate/Glints2/dict_0002_0079.uasset" 9324
"/Engine/EngineMaterials/Substrate/Glints2/dict_0002_0108" 9325
"/Engine/EngineMaterials/Substrate/Glints2/dict_0002_0100" 9326
"/Engine/EngineMaterials/Substrate/Glints2/dict_0002_0101" 9327
"/Engine/EngineMaterials/Substrate/Glints2/dict_0002_0102" 9328
"/Engine/EngineMaterials/Substrate/Glints2/dict_0002_0112" 9329
"/Engine/EngineMaterials/Substrate/Glints2/dict_0002_0114" 9330
"/Engine/EngineMaterials/Substrate/Glints2/dict_0002_0104" 9331
"/Engine/EngineMaterials/Substrate/Glints2/dict_0002_0092" 9332
"/Engine/EngineMaterials/Substrate/Glints2/dict_0002_0085" 9333
"/Engine/EngineMaterials/Substrate/Glints2/dict_0002_0086" 9334
"/Engine/EngineMaterials/Substrate/Glints2/dict_0002_0087" 9335
"/Engine/EngineMaterials/Substrate/Glints2/dict_0002_0088" 9336
"/Engine/EngineMaterials/Substrate/Glints2/dict_0002_0096" 9337
"/Engine/EngineMaterials/Substrate/Glints2/dict_0002_0077" 9338
"/Engine/EngineMaterials/Substrate/Glints2/dict_0002_0079" 9339
"/Engine/EngineMaterials/Substrate/Glints2/dict_0002_0080" 9340
"/Engine/EngineMaterials/Substrate/Glints2/dict_0002_0089" 9341
"/Engine/EngineMaterials/Substrate/Glints2/dict_0002_0084" 9342
"/Engine/EngineMaterials/Substrate/Glints2/dict_0002_0081" 9343
"/Engine/EngineMaterials/Substrate/Glints2/dict_0002_0090" 9344
"/Engine/EngineMaterials/Substrate/Glints2/dict_0002_0103" 9345
"/Engine/EngineMaterials/Substrate/Glints2/dict_0002_0082" 9346
"/Engine/EngineMaterials/Substrate/Glints2/dict_0002_0091" 9347
"/Engine/EngineMaterials/Substrate/Glints2/dict_0002_0078" 9348
"../../../Engine/Content/EngineMaterials/Substrate/Glints2/dict_0002_0065.uasset" 9349
"../../../Engine/Content/EngineMaterials/Substrate/Glints2/dict_0002_0066.uasset" 9350
"../../../Engine/Content/EngineMaterials/Substrate/Glints2/dict_0002_0071.uasset" 9351
"../../../Engine/Content/EngineMaterials/Substrate/Glints2/dict_0002_0070.uasset" 9352
"../../../Engine/Content/EngineMaterials/Substrate/Glints2/dict_0002_0073.uasset" 9353
"../../../Engine/Content/EngineMaterials/Substrate/Glints2/dict_0002_0075.uasset" 9354
"../../../Engine/Content/EngineMaterials/Substrate/Glints2/dict_0002_0062.uasset" 9355
"../../../Engine/Content/EngineMaterials/Substrate/Glints2/dict_0002_0063.uasset" 9356
"../../../Engine/Content/EngineMaterials/Substrate/Glints2/dict_0002_0074.uasset" 9357
"../../../Engine/Content/EngineMaterials/Substrate/Glints2/dict_0002_0072.uasset" 9358
"../../../Engine/Content/EngineMaterials/Substrate/Glints2/dict_0002_0067.uasset" 9359
"../../../Engine/Content/EngineMaterials/Substrate/Glints2/dict_0002_0076.uasset" 9360
"../../../Engine/Content/EngineMaterials/Substrate/Glints2/dict_0002_0068.uasset" 9361
"../../../Engine/Content/EngineMaterials/Substrate/Glints2/dict_0002_0059.uasset" 9362
"../../../Engine/Content/EngineMaterials/Substrate/Glints2/dict_0002_0054.uasset" 9363
"../../../Engine/Content/EngineMaterials/Substrate/Glints2/dict_0002_0060.uasset" 9364
"../../../Engine/Content/EngineMaterials/Substrate/Glints2/dict_0002_0056.uasset" 9365
"../../../Engine/Content/EngineMaterials/Substrate/Glints2/dict_0002_0050.uasset" 9366
"../../../Engine/Content/EngineMaterials/Substrate/Glints2/dict_0002_0069.uasset" 9367
"/Engine/EngineMaterials/Substrate/Glints2/dict_0002_0062" 9368
"../../../Engine/Content/EngineMaterials/Substrate/Glints2/dict_0002_0055.uasset" 9369
"/Engine/EngineMaterials/Substrate/Glints2/dict_0002_0063" 9370
"../../../Engine/Content/EngineMaterials/Substrate/Glints2/dict_0002_0064.uasset" 9371
"/Engine/EngineMaterials/Substrate/Glints2/dict_0002_0065" 9372
"../../../Engine/Content/EngineMaterials/Substrate/Glints2/dict_0002_0053.uasset" 9373
"/Engine/EngineMaterials/Substrate/Glints2/dict_0002_0066" 9374
"/Engine/EngineMaterials/Substrate/Glints2/dict_0002_0067" 9375
"/Engine/EngineMaterials/Substrate/Glints2/dict_0002_0068" 9376
"/Engine/EngineMaterials/Substrate/Glints2/dict_0002_0070" 9377
"../../../Engine/Content/EngineMaterials/Substrate/Glints2/dict_0002_0049.uasset" 9378
"../../../Engine/Content/EngineMaterials/Substrate/Glints2/dict_0002_0058.uasset" 9379
"../../../Engine/Content/EngineMaterials/Substrate/Glints2/dict_0002_0048.uasset" 9380
"/Engine/EngineMaterials/Substrate/Glints2/dict_0002_0071" 9381
"../../../Engine/Content/EngineMaterials/Substrate/Glints2/dict_0002_0061.uasset" 9382
"../../../Engine/Content/EngineMaterials/Substrate/Glints2/dict_0002_0051.uasset" 9383
"/Engine/EngineMaterials/Substrate/Glints2/dict_0002_0054" 9384
"../../../Engine/Content/EngineMaterials/Substrate/Glints2/dict_0002_0046.uasset" 9385
"/Engine/EngineMaterials/Substrate/Glints2/dict_0002_0072" 9386
"../../../Engine/Content/EngineMaterials/Substrate/Glints2/dict_0002_0045.uasset" 9387
"/Engine/EngineMaterials/Substrate/Glints2/dict_0002_0073" 9388
"/Engine/EngineMaterials/Substrate/Glints2/dict_0002_0074" 9389
"/Engine/EngineMaterials/Substrate/Glints2/dict_0002_0059" 9390
"/Engine/EngineMaterials/Substrate/Glints2/dict_0002_0075" 9391
"/Engine/EngineMaterials/Substrate/Glints2/dict_0002_0076" 9392
"/Engine/EngineMaterials/Substrate/Glints2/dict_0002_0060" 9393
"/Engine/EngineMaterials/Substrate/Glints2/dict_0002_0045" 9394
"/Engine/EngineMaterials/Substrate/Glints2/dict_0002_0046" 9395
"/Engine/EngineMaterials/Substrate/Glints2/dict_0002_0048" 9396
"/Engine/EngineMaterials/Substrate/Glints2/dict_0002_0049" 9397
"/Engine/EngineMaterials/Substrate/Glints2/dict_0002_0064" 9398
"../../../Engine/Content/EngineMaterials/Substrate/Glints2/dict_0002_0047.uasset" 9399
"/Engine/EngineMaterials/Substrate/Glints2/dict_0002_0050" 9400
"/Engine/EngineMaterials/Substrate/Glints2/dict_0002_0051" 9401
"/Engine/EngineMaterials/Substrate/Glints2/dict_0002_0069" 9402
"/Engine/EngineMaterials/Substrate/Glints2/dict_0002_0053" 9403
"/Engine/EngineMaterials/Substrate/Glints2/dict_0002_0055" 9404
"/Engine/EngineMaterials/Substrate/Glints2/dict_0002_0056" 9405
"/Engine/EngineMaterials/Substrate/Glints2/dict_0002_0058" 9406
"/Engine/EngineMaterials/Substrate/Glints2/dict_0002_0061" 9407
"/Engine/EngineMaterials/Substrate/Glints2/dict_0002_0047" 9408
"../../../Engine/Content/EngineMaterials/Substrate/Glints2/dict_0002_0030.uasset" 9409
"../../../Engine/Content/EngineMaterials/Substrate/Glints2/dict_0002_0035.uasset" 9410
"../../../Engine/Content/EngineMaterials/Substrate/Glints2/dict_0002_0038.uasset" 9411
"../../../Engine/Content/EngineMaterials/Substrate/Glints2/dict_0002_0042.uasset" 9412
"../../../Engine/Content/EngineMaterials/Substrate/Glints2/dict_0002_0052.uasset" 9413
"../../../Engine/Content/EngineMaterials/Substrate/Glints2/dict_0002_0057.uasset" 9414
"../../../Engine/Content/EngineMaterials/Substrate/Glints2/dict_0002_0040.uasset" 9415
"../../../Engine/Content/EngineMaterials/Substrate/Glints2/dict_0002_0033.uasset" 9416
"../../../Engine/Content/EngineMaterials/Substrate/Glints2/dict_0002_0043.uasset" 9417
"../../../Engine/Content/EngineMaterials/Substrate/Glints2/dict_0002_0044.uasset" 9418
"../../../Engine/Content/EngineMaterials/Substrate/Glints2/dict_0002_0029.uasset" 9419
"../../../Engine/Content/EngineMaterials/Substrate/Glints2/dict_0002_0018.uasset" 9420
"../../../Engine/Content/EngineMaterials/Substrate/Glints2/dict_0002_0026.uasset" 9421
"../../../Engine/Content/EngineMaterials/Substrate/Glints2/dict_0002_0037.uasset" 9422
"../../../Engine/Content/EngineMaterials/Substrate/Glints2/dict_0002_0028.uasset" 9423
"../../../Engine/Content/EngineMaterials/Substrate/Glints2/dict_0002_0027.uasset" 9424
"../../../Engine/Content/EngineMaterials/Substrate/Glints2/dict_0002_0025.uasset" 9425
"../../../Engine/Content/EngineMaterials/Substrate/Glints2/dict_0002_0023.uasset" 9426
"/Engine/EngineMaterials/Substrate/Glints2/dict_0002_0029" 9427
"../../../Engine/Content/EngineMaterials/Substrate/Glints2/dict_0002_0022.uasset" 9428
"/Engine/EngineMaterials/Substrate/Glints2/dict_0002_0018" 9429
"../../../Engine/Content/EngineMaterials/Substrate/Glints2/dict_0002_0041.uasset" 9430
"../../../Engine/Content/EngineMaterials/Substrate/Glints2/dict_0002_0032.uasset" 9431
"/Engine/EngineMaterials/Substrate/Glints2/dict_0002_0030" 9432
"/Engine/EngineMaterials/Substrate/Glints2/dict_0002_0033" 9433
"../../../Engine/Content/EngineMaterials/Substrate/Glints2/dict_0002_0036.uasset" 9434
"../../../Engine/Content/EngineMaterials/Substrate/Glints2/dict_0002_0021.uasset" 9435
"../../../Engine/Content/EngineMaterials/Substrate/Glints2/dict_0002_0019.uasset" 9436
"../../../Engine/Content/EngineMaterials/Substrate/Glints2/dict_0002_0039.uasset" 9437
"../../../Engine/Content/EngineMaterials/Substrate/Glints2/dict_0002_0016.uasset" 9438
"/Engine/EngineMaterials/Substrate/Glints2/dict_0002_0052" 9439
"../../../Engine/Content/EngineMaterials/Substrate/Glints2/dict_0002_0015.uasset" 9440
"../../../Engine/Content/EngineMaterials/Substrate/Glints2/dict_0002_0024.uasset" 9441
"../../../Engine/Content/EngineMaterials/Substrate/Glints2/dict_0002_0031.uasset" 9442
"/Engine/EngineMaterials/Substrate/Glints2/dict_0002_0035" 9443
"/Engine/EngineMaterials/Substrate/Glints2/dict_0002_0037" 9444
"../../../Engine/Content/EngineMaterials/Substrate/Glints2/dict_0002_0020.uasset" 9445
"../../../Engine/Content/EngineMaterials/Substrate/Glints2/dict_0002_0034.uasset" 9446
"/Engine/EngineMaterials/Substrate/Glints2/dict_0002_0038" 9447
"/Engine/EngineMaterials/Substrate/Glints2/dict_0002_0025" 9448
"../../../Engine/Content/EngineMaterials/Substrate/Glints2/dict_0002_0017.uasset" 9449
"/Engine/EngineMaterials/Substrate/Glints2/dict_0002_0026" 9450
"/Engine/EngineMaterials/Substrate/Glints2/dict_0002_0040" 9451
"/Engine/EngineMaterials/Substrate/Glints2/dict_0002_0057" 9452
"/Engine/EngineMaterials/Substrate/Glints2/dict_0002_0027" 9453
"/Engine/EngineMaterials/Substrate/Glints2/dict_0002_0042" 9454
"/Engine/EngineMaterials/Substrate/Glints2/dict_0002_0043" 9455
"/Engine/EngineMaterials/Substrate/Glints2/dict_0002_0044" 9456
"/Engine/EngineMaterials/Substrate/Glints2/dict_0002_0028" 9457
"/Engine/EngineMaterials/Substrate/Glints2/dict_0002_0016" 9458
"/Engine/EngineMaterials/Substrate/Glints2/dict_0002_0017" 9459
"/Engine/EngineMaterials/Substrate/Glints2/dict_0002_0015" 9460
"/Engine/EngineMaterials/Substrate/Glints2/dict_0002_0019" 9461
"/Engine/EngineMaterials/Substrate/Glints2/dict_0002_0020" 9462
"/Engine/EngineMaterials/Substrate/Glints2/dict_0002_0031" 9463
"/Engine/EngineMaterials/Substrate/Glints2/dict_0002_0021" 9464
"/Engine/EngineMaterials/Substrate/Glints2/dict_0002_0032" 9465
"/Engine/EngineMaterials/Substrate/Glints2/dict_0002_0022" 9466
"/Engine/EngineMaterials/Substrate/Glints2/dict_0002_0034" 9467
"/Engine/EngineMaterials/Substrate/Glints2/dict_0002_0023" 9468
"/Engine/EngineMaterials/Substrate/Glints2/dict_0002_0024" 9469
"/Engine/EngineMaterials/Substrate/Glints2/dict_0002_0036" 9470
"/Engine/EngineMaterials/Substrate/Glints2/dict_0002_0039" 9471
"/Engine/EngineMaterials/Substrate/Glints2/dict_0002_0041" 9472
"../../../Engine/Content/EngineMaterials/Substrate/Glints2/dict_0002_0008.uasset" 9473
"../../../Engine/Content/EngineMaterials/Substrate/Glints2/dict_0001_0254.uasset" 9474
"../../../Engine/Content/EngineMaterials/Substrate/Glints2/dict_0002_0007.uasset" 9475
"../../../Engine/Content/EngineMaterials/Substrate/Glints2/dict_0002_0001.uasset" 9476
"../../../Engine/Content/EngineMaterials/Substrate/Glints2/dict_0002_0013.uasset" 9477
"../../../Engine/Content/EngineMaterials/Substrate/Glints2/dict_0002_0014.uasset" 9478
"../../../Engine/Content/EngineMaterials/Substrate/Glints2/dict_0002_0011.uasset" 9479
"../../../Engine/Content/EngineMaterials/Substrate/Glints2/dict_0002_0012.uasset" 9480
"../../../Engine/Content/EngineMaterials/Substrate/Glints2/dict_0001_0252.uasset" 9481
"../../../Engine/Content/EngineMaterials/Substrate/Glints2/dict_0001_0253.uasset" 9482
"../../../Engine/Content/EngineMaterials/Substrate/Glints2/dict_0001_0255.uasset" 9483
"../../../Engine/Content/EngineMaterials/Substrate/Glints2/dict_0001_0248.uasset" 9484
"../../../Engine/Content/EngineMaterials/Substrate/Glints2/dict_0002_0010.uasset" 9485
"../../../Engine/Content/EngineMaterials/Substrate/Glints2/dict_0002_0005.uasset" 9486
"../../../Engine/Content/EngineMaterials/Substrate/Glints2/dict_0002_0009.uasset" 9487
"../../../Engine/Content/EngineMaterials/Substrate/Glints2/dict_0002_0003.uasset" 9488
"/Engine/EngineMaterials/Substrate/Glints2/dict_0001_0254" 9489
"../../../Engine/Content/EngineMaterials/Substrate/Glints2/dict_0001_0250.uasset" 9490
"../../../Engine/Content/EngineMaterials/Substrate/Glints2/dict_0002_0000.uasset" 9491
"../../../Engine/Content/EngineMaterials/Substrate/Glints2/dict_0002_0006.uasset" 9492
"../../../Engine/Content/EngineMaterials/Substrate/Glints2/dict_0002_0004.uasset" 9493
"../../../Engine/Content/EngineMaterials/Substrate/Glints2/dict_0002_0002.uasset" 9494
"/Engine/EngineMaterials/Substrate/Glints2/dict_0001_0255" 9495
"/Engine/EngineMaterials/Substrate/Glints2/dict_0002_0001" 9496
"/Engine/EngineMaterials/Substrate/Glints2/dict_0001_0248" 9497
"/Engine/EngineMaterials/Substrate/Glints2/dict_0002_0005" 9498
"/Engine/EngineMaterials/Substrate/Glints2/dict_0001_0252" 9499
"/Engine/EngineMaterials/Substrate/Glints2/dict_0002_0007" 9500
"../../../Engine/Content/EngineMaterials/Substrate/Glints2/dict_0001_0244.uasset" 9501
"../../../Engine/Content/EngineMaterials/Substrate/Glints2/dict_0001_0245.uasset" 9502
"/Engine/EngineMaterials/Substrate/Glints2/dict_0002_0008" 9503
"../../../Engine/Content/EngineMaterials/Substrate/Glints2/dict_0001_0249.uasset" 9504
"/Engine/EngineMaterials/Substrate/Glints2/dict_0002_0009" 9505
"../../../Engine/Content/EngineMaterials/Substrate/Glints2/dict_0001_0247.uasset" 9506
"../../../Engine/Content/EngineMaterials/Substrate/Glints2/dict_0001_0246.uasset" 9507
"/Engine/EngineMaterials/Substrate/Glints2/dict_0002_0010" 9508
"/Engine/EngineMaterials/Substrate/Glints2/dict_0001_0253" 9509
"../../../Engine/Content/EngineMaterials/Substrate/Glints2/dict_0001_0240.uasset" 9510
"/Engine/EngineMaterials/Substrate/Glints2/dict_0002_0011" 9511
"../../../Engine/Content/EngineMaterials/Substrate/Glints2/dict_0001_0251.uasset" 9512
"/Engine/EngineMaterials/Substrate/Glints2/dict_0002_0012" 9513
"/Engine/EngineMaterials/Substrate/Glints2/dict_0002_0013" 9514
"../../../Engine/Content/EngineMaterials/Substrate/Glints2/dict_0001_0243.uasset" 9515
"/Engine/EngineMaterials/Substrate/Glints2/dict_0002_0014" 9516
"../../../Engine/Content/EngineMaterials/Substrate/Glints2/dict_0001_0239.uasset" 9517
"/Engine/EngineMaterials/Substrate/Glints2/dict_0001_0239" 9518
"/Engine/EngineMaterials/Substrate/Glints2/dict_0001_0240" 9519
"/Engine/EngineMaterials/Substrate/Glints2/dict_0002_0000" 9520
"/Engine/EngineMaterials/Substrate/Glints2/dict_0001_0243" 9521
"../../../Engine/Content/EngineMaterials/Substrate/Glints2/dict_0001_0242.uasset" 9522
"/Engine/EngineMaterials/Substrate/Glints2/dict_0001_0244" 9523
"/Engine/EngineMaterials/Substrate/Glints2/dict_0001_0245" 9524
"/Engine/EngineMaterials/Substrate/Glints2/dict_0001_0246" 9525
"../../../Engine/Content/EngineMaterials/Substrate/Glints2/dict_0001_0241.uasset" 9526
"/Engine/EngineMaterials/Substrate/Glints2/dict_0001_0247" 9527
"/Engine/EngineMaterials/Substrate/Glints2/dict_0001_0249" 9528
"/Engine/EngineMaterials/Substrate/Glints2/dict_0002_0002" 9529
"/Engine/EngineMaterials/Substrate/Glints2/dict_0002_0003" 9530
"/Engine/EngineMaterials/Substrate/Glints2/dict_0001_0250" 9531
"/Engine/EngineMaterials/Substrate/Glints2/dict_0001_0251" 9532
"/Engine/EngineMaterials/Substrate/Glints2/dict_0002_0004" 9533
"/Engine/EngineMaterials/Substrate/Glints2/dict_0002_0006" 9534
"/Engine/EngineMaterials/Substrate/Glints2/dict_0001_0241" 9535
"/Engine/EngineMaterials/Substrate/Glints2/dict_0001_0242" 9536
"../../../Engine/Content/EngineMaterials/Substrate/Glints2/dict_0001_0233.uasset" 9537
"../../../Engine/Content/EngineMaterials/Substrate/Glints2/dict_0001_0226.uasset" 9538
"../../../Engine/Content/EngineMaterials/Substrate/Glints2/dict_0001_0227.uasset" 9539
"../../../Engine/Content/EngineMaterials/Substrate/Glints2/dict_0001_0235.uasset" 9540
"../../../Engine/Content/EngineMaterials/Substrate/Glints2/dict_0001_0230.uasset" 9541
"../../../Engine/Content/EngineMaterials/Substrate/Glints2/dict_0001_0231.uasset" 9542
"../../../Engine/Content/EngineMaterials/Substrate/Glints2/dict_0001_0224.uasset" 9543
"../../../Engine/Content/EngineMaterials/Substrate/Glints2/dict_0001_0236.uasset" 9544
"../../../Engine/Content/EngineMaterials/Substrate/Glints2/dict_0001_0229.uasset" 9545
"../../../Engine/Content/EngineMaterials/Substrate/Glints2/dict_0001_0234.uasset" 9546
"../../../Engine/Content/EngineMaterials/Substrate/Glints2/dict_0001_0232.uasset" 9547
"../../../Engine/Content/EngineMaterials/Substrate/Glints2/dict_0001_0238.uasset" 9548
"../../../Engine/Content/EngineMaterials/Substrate/Glints2/dict_0001_0237.uasset" 9549
"../../../Engine/Content/EngineMaterials/Substrate/Glints2/dict_0001_0225.uasset" 9550
"../../../Engine/Content/EngineMaterials/Substrate/Glints2/dict_0001_0228.uasset" 9551
"/Engine/EngineMaterials/Substrate/Glints2/dict_0001_0224" 9552
"/Engine/EngineMaterials/Substrate/Glints2/dict_0001_0225" 9553
"../../../Engine/Content/EngineMaterials/Substrate/Glints2/dict_0001_0221.uasset" 9554
"../../../Engine/Content/EngineMaterials/Substrate/Glints2/dict_0001_0223.uasset" 9555
"/Engine/EngineMaterials/Substrate/Glints2/dict_0001_0226" 9556
"../../../Engine/Content/EngineMaterials/Substrate/Glints2/dict_0001_0222.uasset" 9557
"../../../Engine/Content/EngineMaterials/Substrate/Glints2/dict_0001_0215.uasset" 9558
"../../../Engine/Content/EngineMaterials/Substrate/Glints2/dict_0001_0218.uasset" 9559
"/Engine/EngineMaterials/Substrate/Glints2/dict_0001_0227" 9560
"/Engine/EngineMaterials/Substrate/Glints2/dict_0001_0228" 9561
"../../../Engine/Content/EngineMaterials/Substrate/Glints2/dict_0001_0219.uasset" 9562
"/Engine/EngineMaterials/Substrate/Glints2/dict_0001_0229" 9563
"../../../Engine/Content/EngineMaterials/Substrate/Glints2/dict_0001_0217.uasset" 9564
"../../../Engine/Content/EngineMaterials/Substrate/Glints2/dict_0001_0220.uasset" 9565
"/Engine/EngineMaterials/Substrate/Glints2/dict_0001_0230" 9566
"../../../Engine/Content/EngineMaterials/Substrate/Glints2/dict_0001_0216.uasset" 9567
"../../../Engine/Content/EngineMaterials/Substrate/Glints2/dict_0001_0212.uasset" 9568
"/Engine/EngineMaterials/Substrate/Glints2/dict_0001_0231" 9569
"/Engine/EngineMaterials/Substrate/Glints2/dict_0001_0232" 9570
"../../../Engine/Content/EngineMaterials/Substrate/Glints2/dict_0001_0211.uasset" 9571
"../../../Engine/Content/EngineMaterials/Substrate/Glints2/dict_0001_0213.uasset" 9572
"/Engine/EngineMaterials/Substrate/Glints2/dict_0001_0233" 9573
"/Engine/EngineMaterials/Substrate/Glints2/dict_0001_0234" 9574
"/Engine/EngineMaterials/Substrate/Glints2/dict_0001_0235" 9575
"../../../Engine/Content/EngineMaterials/Substrate/Glints2/dict_0001_0214.uasset" 9576
"/Engine/EngineMaterials/Substrate/Glints2/dict_0001_0236" 9577
"../../../Engine/Content/EngineMaterials/Substrate/Glints2/dict_0001_0207.uasset" 9578
"../../../Engine/Content/EngineMaterials/Substrate/Glints2/dict_0001_0208.uasset" 9579
"/Engine/EngineMaterials/Substrate/Glints2/dict_0001_0237" 9580
"/Engine/EngineMaterials/Substrate/Glints2/dict_0001_0238" 9581
"/Engine/EngineMaterials/Substrate/Glints2/dict_0001_0207" 9582
"/Engine/EngineMaterials/Substrate/Glints2/dict_0001_0211" 9583
"/Engine/EngineMaterials/Substrate/Glints2/dict_0001_0208" 9584
"../../../Engine/Content/EngineMaterials/Substrate/Glints2/dict_0001_0210.uasset" 9585
"../../../Engine/Content/EngineMaterials/Substrate/Glints2/dict_0001_0209.uasset" 9586
"/Engine/EngineMaterials/Substrate/Glints2/dict_0001_0212" 9587
"/Engine/EngineMaterials/Substrate/Glints2/dict_0001_0213" 9588
"/Engine/EngineMaterials/Substrate/Glints2/dict_0001_0214" 9589
"/Engine/EngineMaterials/Substrate/Glints2/dict_0001_0215" 9590
"/Engine/EngineMaterials/Substrate/Glints2/dict_0001_0216" 9591
"/Engine/EngineMaterials/Substrate/Glints2/dict_0001_0217" 9592
"/Engine/EngineMaterials/Substrate/Glints2/dict_0001_0218" 9593
"/Engine/EngineMaterials/Substrate/Glints2/dict_0001_0219" 9594
"/Engine/EngineMaterials/Substrate/Glints2/dict_0001_0220" 9595
"/Engine/EngineMaterials/Substrate/Glints2/dict_0001_0221" 9596
"/Engine/EngineMaterials/Substrate/Glints2/dict_0001_0222" 9597
"/Engine/EngineMaterials/Substrate/Glints2/dict_0001_0223" 9598
"/Engine/EngineMaterials/Substrate/Glints2/dict_0001_0209" 9599
"../../../Engine/Content/EngineMaterials/Substrate/Glints2/dict_0001_0204.uasset" 9600
"/Engine/EngineMaterials/Substrate/Glints2/dict_0001_0210" 9601
"../../../Engine/Content/EngineMaterials/Substrate/Glints2/dict_0001_0203.uasset" 9602
"../../../Engine/Content/EngineMaterials/Substrate/Glints2/dict_0001_0202.uasset" 9603
"../../../Engine/Content/EngineMaterials/Substrate/Glints2/dict_0001_0196.uasset" 9604
"../../../Engine/Content/EngineMaterials/Substrate/Glints2/dict_0001_0197.uasset" 9605
"../../../Engine/Content/EngineMaterials/Substrate/Glints2/dict_0001_0205.uasset" 9606
"../../../Engine/Content/EngineMaterials/Substrate/Glints2/dict_0001_0201.uasset" 9607
"../../../Engine/Content/EngineMaterials/Substrate/Glints2/dict_0001_0200.uasset" 9608
"../../../Engine/Content/EngineMaterials/Substrate/Glints2/dict_0001_0195.uasset" 9609
"/Engine/EngineMaterials/Substrate/Glints2/dict_0001_0196" 9610
"../../../Engine/Content/EngineMaterials/Substrate/Glints2/dict_0001_0199.uasset" 9611
"../../../Engine/Content/EngineMaterials/Substrate/Glints2/dict_0001_0192.uasset" 9612
"/Engine/EngineMaterials/Substrate/Glints2/dict_0001_0197" 9613
"../../../Engine/Content/EngineMaterials/Substrate/Glints2/dict_0001_0198.uasset" 9614
"../../../Engine/Content/EngineMaterials/Substrate/Glints2/dict_0001_0206.uasset" 9615
"../../../Engine/Content/EngineMaterials/Substrate/Glints2/dict_0001_0193.uasset" 9616
"/Engine/EngineMaterials/Substrate/Glints2/dict_0001_0202" 9617
"/Engine/EngineMaterials/Substrate/Glints2/dict_0001_0203" 9618
"/Engine/EngineMaterials/Substrate/Glints2/dict_0001_0204" 9619
"/Engine/EngineMaterials/Substrate/Glints2/dict_0001_0205" 9620
"../../../Engine/Content/EngineMaterials/Substrate/Glints2/dict_0001_0194.uasset" 9621
"/Engine/EngineMaterials/Substrate/Glints2/dict_0001_0192" 9622
"/Engine/EngineMaterials/Substrate/Glints2/dict_0001_0193" 9623
"/Engine/EngineMaterials/Substrate/Glints2/dict_0001_0194" 9624
"/Engine/EngineMaterials/Substrate/Glints2/dict_0001_0195" 9625
"/Engine/EngineMaterials/Substrate/Glints2/dict_0001_0198" 9626
"/Engine/EngineMaterials/Substrate/Glints2/dict_0001_0199" 9627
"/Engine/EngineMaterials/Substrate/Glints2/dict_0001_0200" 9628
"/Engine/EngineMaterials/Substrate/Glints2/dict_0001_0201" 9629
"/Engine/EngineMaterials/Substrate/Glints2/dict_0001_0206" 9630
"../../../Engine/Content/EngineMaterials/Substrate/Glints2/dict_0001_0188.uasset" 9631
"../../../Engine/Content/EngineMaterials/Substrate/Glints2/dict_0001_0176.uasset" 9632
"../../../Engine/Content/EngineMaterials/Substrate/Glints2/dict_0001_0190.uasset" 9633
"../../../Engine/Content/EngineMaterials/Substrate/Glints2/dict_0001_0175.uasset" 9634
"../../../Engine/Content/EngineMaterials/Substrate/Glints2/dict_0001_0189.uasset" 9635
"../../../Engine/Content/EngineMaterials/Substrate/Glints2/dict_0001_0184.uasset" 9636
"../../../Engine/Content/EngineMaterials/Substrate/Glints2/dict_0001_0183.uasset" 9637
"../../../Engine/Content/EngineMaterials/Substrate/Glints2/dict_0001_0177.uasset" 9638
"../../../Engine/Content/EngineMaterials/Substrate/Glints2/dict_0001_0178.uasset" 9639
"../../../Engine/Content/EngineMaterials/Substrate/Glints2/dict_0001_0173.uasset" 9640
"../../../Engine/Content/EngineMaterials/Substrate/Glints2/dict_0001_0185.uasset" 9641
"../../../Engine/Content/EngineMaterials/Substrate/Glints2/dict_0001_0169.uasset" 9642
"../../../Engine/Content/EngineMaterials/Substrate/Glints2/dict_0001_0172.uasset" 9643
"../../../Engine/Content/EngineMaterials/Substrate/Glints2/dict_0001_0171.uasset" 9644
"../../../Engine/Content/EngineMaterials/Substrate/Glints2/dict_0001_0186.uasset" 9645
"../../../Engine/Content/EngineMaterials/Substrate/Glints2/dict_0001_0181.uasset" 9646
"/Engine/EngineMaterials/Substrate/Glints2/dict_0001_0175" 9647
"../../../Engine/Content/EngineMaterials/Substrate/Glints2/dict_0001_0182.uasset" 9648
"../../../Engine/Content/EngineMaterials/Substrate/Glints2/dict_0001_0180.uasset" 9649
"../../../Engine/Content/EngineMaterials/Substrate/Glints2/dict_0001_0191.uasset" 9650
"../../../Engine/Content/EngineMaterials/Substrate/Glints2/dict_0001_0168.uasset" 9651
"/Engine/EngineMaterials/Substrate/Glints2/dict_0001_0176" 9652
"/Engine/EngineMaterials/Substrate/Glints2/dict_0001_0177" 9653
"/Engine/EngineMaterials/Substrate/Glints2/dict_0001_0178" 9654
"../../../Engine/Content/EngineMaterials/Substrate/Glints2/dict_0001_0166.uasset" 9655
"../../../Engine/Content/EngineMaterials/Substrate/Glints2/dict_0001_0179.uasset" 9656
"../../../Engine/Content/EngineMaterials/Substrate/Glints2/dict_0001_0167.uasset" 9657
"/Engine/EngineMaterials/Substrate/Glints2/dict_0001_0183" 9658
"../../../Engine/Content/EngineMaterials/Substrate/Glints2/dict_0001_0163.uasset" 9659
"../../../Engine/Content/EngineMaterials/Substrate/Glints2/dict_0001_0160.uasset" 9660
"../../../Engine/Content/EngineMaterials/Substrate/Glints2/dict_0001_0164.uasset" 9661
"/Engine/EngineMaterials/Substrate/Glints2/dict_0001_0184" 9662
"../../../Engine/Content/EngineMaterials/Substrate/Glints2/dict_0001_0165.uasset" 9663
"/Engine/EngineMaterials/Substrate/Glints2/dict_0001_0185" 9664
"/Engine/EngineMaterials/Substrate/Glints2/dict_0001_0186" 9665
"/Engine/EngineMaterials/Substrate/Glints2/dict_0001_0188" 9666
"/Engine/EngineMaterials/Substrate/Glints2/dict_0001_0189" 9667
"/Engine/EngineMaterials/Substrate/Glints2/dict_0001_0190" 9668
"../../../Engine/Content/EngineMaterials/Substrate/Glints2/dict_0001_0162.uasset" 9669
"../../../Engine/Content/EngineMaterials/Substrate/Glints2/dict_0001_0174.uasset" 9670
"../../../Engine/Content/EngineMaterials/Substrate/Glints2/dict_0001_0187.uasset" 9671
"/Engine/EngineMaterials/Substrate/Glints2/dict_0001_0169" 9672
"/Engine/EngineMaterials/Substrate/Glints2/dict_0001_0171" 9673
"../../../Engine/Content/EngineMaterials/Substrate/Glints2/dict_0001_0161.uasset" 9674
"/Engine/EngineMaterials/Substrate/Glints2/dict_0001_0172" 9675
"/Engine/EngineMaterials/Substrate/Glints2/dict_0001_0173" 9676
"/Engine/EngineMaterials/Substrate/Glints2/dict_0001_0160" 9677
"/Engine/EngineMaterials/Substrate/Glints2/dict_0001_0161" 9678
"/Engine/EngineMaterials/Substrate/Glints2/dict_0001_0179" 9679
"/Engine/EngineMaterials/Substrate/Glints2/dict_0001_0180" 9680
"/Engine/EngineMaterials/Substrate/Glints2/dict_0001_0181" 9681
"/Engine/EngineMaterials/Substrate/Glints2/dict_0001_0182" 9682
"/Engine/EngineMaterials/Substrate/Glints2/dict_0001_0162" 9683
"../../../Engine/Content/EngineMaterials/Substrate/Glints2/dict_0001_0170.uasset" 9684
"/Engine/EngineMaterials/Substrate/Glints2/dict_0001_0163" 9685
"/Engine/EngineMaterials/Substrate/Glints2/dict_0001_0187" 9686
"/Engine/EngineMaterials/Substrate/Glints2/dict_0001_0191" 9687
"/Engine/EngineMaterials/Substrate/Glints2/dict_0001_0164" 9688
"/Engine/EngineMaterials/Substrate/Glints2/dict_0001_0165" 9689
"/Engine/EngineMaterials/Substrate/Glints2/dict_0001_0166" 9690
"/Engine/EngineMaterials/Substrate/Glints2/dict_0001_0167" 9691
"/Engine/EngineMaterials/Substrate/Glints2/dict_0001_0174" 9692
"/Engine/EngineMaterials/Substrate/Glints2/dict_0001_0168" 9693
"/Engine/EngineMaterials/Substrate/Glints2/dict_0001_0170" 9694
"../../../Engine/Content/EngineMaterials/Substrate/Glints2/dict_0001_0159.uasset" 9695
"../../../Engine/Content/EngineMaterials/Substrate/Glints2/dict_0001_0149.uasset" 9696
"../../../Engine/Content/EngineMaterials/Substrate/Glints2/dict_0001_0156.uasset" 9697
"../../../Engine/Content/EngineMaterials/Substrate/Glints2/dict_0001_0154.uasset" 9698
"../../../Engine/Content/EngineMaterials/Substrate/Glints2/dict_0001_0147.uasset" 9699
"../../../Engine/Content/EngineMaterials/Substrate/Glints2/dict_0001_0152.uasset" 9700
"../../../Engine/Content/EngineMaterials/Substrate/Glints2/dict_0001_0157.uasset" 9701
"../../../Engine/Content/EngineMaterials/Substrate/Glints2/dict_0001_0155.uasset" 9702
"../../../Engine/Content/EngineMaterials/Substrate/Glints2/dict_0001_0158.uasset" 9703
"../../../Engine/Content/EngineMaterials/Substrate/Glints2/dict_0001_0151.uasset" 9704
"../../../Engine/Content/EngineMaterials/Substrate/Glints2/dict_0001_0140.uasset" 9705
"../../../Engine/Content/EngineMaterials/Substrate/Glints2/dict_0001_0142.uasset" 9706
"../../../Engine/Content/EngineMaterials/Substrate/Glints2/dict_0001_0137.uasset" 9707
"../../../Engine/Content/EngineMaterials/Substrate/Glints2/dict_0001_0153.uasset" 9708
"/Engine/EngineMaterials/Substrate/Glints2/dict_0001_0147" 9709
"../../../Engine/Content/EngineMaterials/Substrate/Glints2/dict_0001_0144.uasset" 9710
"../../../Engine/Content/EngineMaterials/Substrate/Glints2/dict_0001_0135.uasset" 9711
"../../../Engine/Content/EngineMaterials/Substrate/Glints2/dict_0001_0132.uasset" 9712
"/Engine/EngineMaterials/Substrate/Glints2/dict_0001_0149" 9713
"../../../Engine/Content/EngineMaterials/Substrate/Glints2/dict_0001_0141.uasset" 9714
"/Engine/EngineMaterials/Substrate/Glints2/dict_0001_0151" 9715
"../../../Engine/Content/EngineMaterials/Substrate/Glints2/dict_0001_0150.uasset" 9716
"../../../Engine/Content/EngineMaterials/Substrate/Glints2/dict_0001_0146.uasset" 9717
"../../../Engine/Content/EngineMaterials/Substrate/Glints2/dict_0001_0148.uasset" 9718
"../../../Engine/Content/EngineMaterials/Substrate/Glints2/dict_0001_0145.uasset" 9719
"/Engine/EngineMaterials/Substrate/Glints2/dict_0001_0152" 9720
"../../../Engine/Content/EngineMaterials/Substrate/Glints2/dict_0001_0129.uasset" 9721
"/Engine/EngineMaterials/Substrate/Glints2/dict_0001_0137" 9722
"../../../Engine/Content/EngineMaterials/Substrate/Glints2/dict_0001_0134.uasset" 9723
"/Engine/EngineMaterials/Substrate/Glints2/dict_0001_0154" 9724
"/Engine/EngineMaterials/Substrate/Glints2/dict_0001_0155" 9725
"/Engine/EngineMaterials/Substrate/Glints2/dict_0001_0156" 9726
"/Engine/EngineMaterials/Substrate/Glints2/dict_0001_0140" 9727
"/Engine/EngineMaterials/Substrate/Glints2/dict_0001_0142" 9728
"/Engine/EngineMaterials/Substrate/Glints2/dict_0001_0157" 9729
"/Engine/EngineMaterials/Substrate/Glints2/dict_0001_0158" 9730
"../../../Engine/Content/EngineMaterials/Substrate/Glints2/dict_0001_0131.uasset" 9731
"/Engine/EngineMaterials/Substrate/Glints2/dict_0001_0159" 9732
"../../../Engine/Content/EngineMaterials/Substrate/Glints2/dict_0001_0130.uasset" 9733
"../../../Engine/Content/EngineMaterials/Substrate/Glints2/dict_0001_0133.uasset" 9734
"../../../Engine/Content/EngineMaterials/Substrate/Glints2/dict_0001_0128.uasset" 9735
"/Engine/EngineMaterials/Substrate/Glints2/dict_0001_0145" 9736
"/Engine/EngineMaterials/Substrate/Glints2/dict_0001_0129" 9737
"../../../Engine/Content/EngineMaterials/Substrate/Glints2/dict_0001_0136.uasset" 9738
"/Engine/EngineMaterials/Substrate/Glints2/dict_0001_0146" 9739
"/Engine/EngineMaterials/Substrate/Glints2/dict_0001_0130" 9740
"/Engine/EngineMaterials/Substrate/Glints2/dict_0001_0148" 9741
"/Engine/EngineMaterials/Substrate/Glints2/dict_0001_0131" 9742
"../../../Engine/Content/EngineMaterials/Substrate/Glints2/dict_0001_0139.uasset" 9743
"/Engine/EngineMaterials/Substrate/Glints2/dict_0001_0132" 9744
"../../../Engine/Content/EngineMaterials/Substrate/Glints2/dict_0001_0143.uasset" 9745
"/Engine/EngineMaterials/Substrate/Glints2/dict_0001_0133" 9746
"/Engine/EngineMaterials/Substrate/Glints2/dict_0001_0134" 9747
"../../../Engine/Content/EngineMaterials/Substrate/Glints2/dict_0001_0138.uasset" 9748
"/Engine/EngineMaterials/Substrate/Glints2/dict_0001_0135" 9749
"/Engine/EngineMaterials/Substrate/Glints2/dict_0001_0150" 9750
"/Engine/EngineMaterials/Substrate/Glints2/dict_0001_0153" 9751
"/Engine/EngineMaterials/Substrate/Glints2/dict_0001_0128" 9752
"/Engine/EngineMaterials/Substrate/Glints2/dict_0001_0141" 9753
"/Engine/EngineMaterials/Substrate/Glints2/dict_0001_0144" 9754
"/Engine/EngineMaterials/Substrate/Glints2/dict_0001_0136" 9755
"/Engine/EngineMaterials/Substrate/Glints2/dict_0001_0138" 9756
"/Engine/EngineMaterials/Substrate/Glints2/dict_0001_0139" 9757
"/Engine/EngineMaterials/Substrate/Glints2/dict_0001_0143" 9758
"../../../Engine/Content/EngineMaterials/Substrate/Glints2/dict_0001_0125.uasset" 9759
"../../../Engine/Content/EngineMaterials/Substrate/Glints2/dict_0001_0124.uasset" 9760
"../../../Engine/Content/EngineMaterials/Substrate/Glints2/dict_0001_0122.uasset" 9761
"../../../Engine/Content/EngineMaterials/Substrate/Glints2/dict_0001_0115.uasset" 9762
"../../../Engine/Content/EngineMaterials/Substrate/Glints2/dict_0001_0118.uasset" 9763
"../../../Engine/Content/EngineMaterials/Substrate/Glints2/dict_0001_0112.uasset" 9764
"../../../Engine/Content/EngineMaterials/Substrate/Glints2/dict_0001_0117.uasset" 9765
"../../../Engine/Content/EngineMaterials/Substrate/Glints2/dict_0001_0123.uasset" 9766
"../../../Engine/Content/EngineMaterials/Substrate/Glints2/dict_0001_0126.uasset" 9767
"../../../Engine/Content/EngineMaterials/Substrate/Glints2/dict_0001_0127.uasset" 9768
"../../../Engine/Content/EngineMaterials/Substrate/Glints2/dict_0001_0120.uasset" 9769
"/Engine/EngineMaterials/Substrate/Glints2/dict_0001_0115" 9770
"../../../Engine/Content/EngineMaterials/Substrate/Glints2/dict_0001_0107.uasset" 9771
"../../../Engine/Content/EngineMaterials/Substrate/Glints2/dict_0001_0121.uasset" 9772
"../../../Engine/Content/EngineMaterials/Substrate/Glints2/dict_0001_0102.uasset" 9773
"/Engine/EngineMaterials/Substrate/Glints2/dict_0001_0117" 9774
"../../../Engine/Content/EngineMaterials/Substrate/Glints2/dict_0001_0110.uasset" 9775
"../../../Engine/Content/EngineMaterials/Substrate/Glints2/dict_0001_0111.uasset" 9776
"../../../Engine/Content/EngineMaterials/Substrate/Glints2/dict_0001_0113.uasset" 9777
"../../../Engine/Content/EngineMaterials/Substrate/Glints2/dict_0001_0106.uasset" 9778
"/Engine/EngineMaterials/Substrate/Glints2/dict_0001_0118" 9779
"../../../Engine/Content/EngineMaterials/Substrate/Glints2/dict_0001_0099.uasset" 9780
"../../../Engine/Content/EngineMaterials/Substrate/Glints2/dict_0001_0114.uasset" 9781
"../../../Engine/Content/EngineMaterials/Substrate/Glints2/dict_0001_0104.uasset" 9782
"../../../Engine/Content/EngineMaterials/Substrate/Glints2/dict_0001_0116.uasset" 9783
"../../../Engine/Content/EngineMaterials/Substrate/Glints2/dict_0001_0109.uasset" 9784
"../../../Engine/Content/EngineMaterials/Substrate/Glints2/dict_0001_0119.uasset" 9785
"/Engine/EngineMaterials/Substrate/Glints2/dict_0001_0120" 9786
"../../../Engine/Content/EngineMaterials/Substrate/Glints2/dict_0001_0108.uasset" 9787
"/Engine/EngineMaterials/Substrate/Glints2/dict_0001_0122" 9788
"/Engine/EngineMaterials/Substrate/Glints2/dict_0001_0112" 9789
"/Engine/EngineMaterials/Substrate/Glints2/dict_0001_0123" 9790
"../../../Engine/Content/EngineMaterials/Substrate/Glints2/dict_0001_0096.uasset" 9791
"../../../Engine/Content/EngineMaterials/Substrate/Glints2/dict_0001_0103.uasset" 9792
"/Engine/EngineMaterials/Substrate/Glints2/dict_0001_0124" 9793
"../../../Engine/Content/EngineMaterials/Substrate/Glints2/dict_0001_0100.uasset" 9794
"/Engine/EngineMaterials/Substrate/Glints2/dict_0001_0125" 9795
"../../../Engine/Content/EngineMaterials/Substrate/Glints2/dict_0001_0098.uasset" 9796
"../../../Engine/Content/EngineMaterials/Substrate/Glints2/dict_0001_0105.uasset" 9797
"/Engine/EngineMaterials/Substrate/Glints2/dict_0001_0126" 9798
"/Engine/EngineMaterials/Substrate/Glints2/dict_0001_0127" 9799
"/Engine/EngineMaterials/Substrate/Glints2/dict_0001_0100" 9800
"/Engine/EngineMaterials/Substrate/Glints2/dict_0001_0102" 9801
"/Engine/EngineMaterials/Substrate/Glints2/dict_0001_0103" 9802
"/Engine/EngineMaterials/Substrate/Glints2/dict_0001_0104" 9803
"/Engine/EngineMaterials/Substrate/Glints2/dict_0001_0105" 9804
"/Engine/EngineMaterials/Substrate/Glints2/dict_0001_0106" 9805
"/Engine/EngineMaterials/Substrate/Glints2/dict_0001_0107" 9806
"/Engine/EngineMaterials/Substrate/Glints2/dict_0001_0108" 9807
"/Engine/EngineMaterials/Substrate/Glints2/dict_0001_0116" 9808
"../../../Engine/Content/EngineMaterials/Substrate/Glints2/dict_0001_0097.uasset" 9809
"/Engine/EngineMaterials/Substrate/Glints2/dict_0001_0109" 9810
"/Engine/EngineMaterials/Substrate/Glints2/dict_0001_0110" 9811
"/Engine/EngineMaterials/Substrate/Glints2/dict_0001_0096" 9812
"/Engine/EngineMaterials/Substrate/Glints2/dict_0001_0119" 9813
"/Engine/EngineMaterials/Substrate/Glints2/dict_0001_0111" 9814
"/Engine/EngineMaterials/Substrate/Glints2/dict_0001_0121" 9815
"/Engine/EngineMaterials/Substrate/Glints2/dict_0001_0098" 9816
"/Engine/EngineMaterials/Substrate/Glints2/dict_0001_0113" 9817
"/Engine/EngineMaterials/Substrate/Glints2/dict_0001_0099" 9818
"/Engine/EngineMaterials/Substrate/Glints2/dict_0001_0114" 9819
"../../../Engine/Content/EngineMaterials/Substrate/Glints2/dict_0001_0101.uasset" 9820
"/Engine/EngineMaterials/Substrate/Glints2/dict_0001_0097" 9821
"/Engine/EngineMaterials/Substrate/Glints2/dict_0001_0101" 9822
"../../../Engine/Content/EngineMaterials/Substrate/Glints2/dict_0001_0094.uasset" 9823
"../../../Engine/Content/EngineMaterials/Substrate/Glints2/dict_0001_0090.uasset" 9824
"../../../Engine/Content/EngineMaterials/Substrate/Glints2/dict_0001_0087.uasset" 9825
"../../../Engine/Content/EngineMaterials/Substrate/Glints2/dict_0001_0093.uasset" 9826
"../../../Engine/Content/EngineMaterials/Substrate/Glints2/dict_0001_0095.uasset" 9827
"../../../Engine/Content/EngineMaterials/Substrate/Glints2/dict_0001_0085.uasset" 9828
"../../../Engine/Content/EngineMaterials/Substrate/Glints2/dict_0001_0089.uasset" 9829
"../../../Engine/Content/EngineMaterials/Substrate/Glints2/dict_0001_0073.uasset" 9830
"../../../Engine/Content/EngineMaterials/Substrate/Glints2/dict_0001_0081.uasset" 9831
"../../../Engine/Content/EngineMaterials/Substrate/Glints2/dict_0001_0084.uasset" 9832
"../../../Engine/Content/EngineMaterials/Substrate/Glints2/dict_0001_0069.uasset" 9833
"../../../Engine/Content/EngineMaterials/Substrate/Glints2/dict_0001_0074.uasset" 9834
"../../../Engine/Content/EngineMaterials/Substrate/Glints2/dict_0001_0082.uasset" 9835
"../../../Engine/Content/EngineMaterials/Substrate/Glints2/dict_0001_0071.uasset" 9836
"../../../Engine/Content/EngineMaterials/Substrate/Glints2/dict_0001_0080.uasset" 9837
"../../../Engine/Content/EngineMaterials/Substrate/Glints2/dict_0001_0078.uasset" 9838
"/Engine/EngineMaterials/Substrate/Glints2/dict_0001_0085" 9839
"/Engine/EngineMaterials/Substrate/Glints2/dict_0001_0069" 9840
"../../../Engine/Content/EngineMaterials/Substrate/Glints2/dict_0001_0064.uasset" 9841
"../../../Engine/Content/EngineMaterials/Substrate/Glints2/dict_0001_0068.uasset" 9842
"/Engine/EngineMaterials/Substrate/Glints2/dict_0001_0071" 9843
"../../../Engine/Content/EngineMaterials/Substrate/Glints2/dict_0001_0075.uasset" 9844
"/Engine/EngineMaterials/Substrate/Glints2/dict_0001_0073" 9845
"/Engine/EngineMaterials/Substrate/Glints2/dict_0001_0074" 9846
"../../../Engine/Content/EngineMaterials/Substrate/Glints2/dict_0001_0092.uasset" 9847
"../../../Engine/Content/EngineMaterials/Substrate/Glints2/dict_0001_0079.uasset" 9848
"../../../Engine/Content/EngineMaterials/Substrate/Glints2/dict_0001_0076.uasset" 9849
"../../../Engine/Content/EngineMaterials/Substrate/Glints2/dict_0001_0086.uasset" 9850
"../../../Engine/Content/EngineMaterials/Substrate/Glints2/dict_0001_0091.uasset" 9851
"../../../Engine/Content/EngineMaterials/Substrate/Glints2/dict_0001_0088.uasset" 9852
"../../../Engine/Content/EngineMaterials/Substrate/Glints2/dict_0001_0065.uasset" 9853
"/Engine/EngineMaterials/Substrate/Glints2/dict_0001_0087" 9854
"../../../Engine/Content/EngineMaterials/Substrate/Glints2/dict_0001_0070.uasset" 9855
"/Engine/EngineMaterials/Substrate/Glints2/dict_0001_0080" 9856
"../../../Engine/Content/EngineMaterials/Substrate/Glints2/dict_0001_0072.uasset" 9857
"../../../Engine/Content/EngineMaterials/Substrate/Glints2/dict_0001_0083.uasset" 9858
"../../../Engine/Content/EngineMaterials/Substrate/Glints2/dict_0001_0077.uasset" 9859
"/Engine/EngineMaterials/Substrate/Glints2/dict_0001_0089" 9860
"/Engine/EngineMaterials/Substrate/Glints2/dict_0001_0090" 9861
"/Engine/EngineMaterials/Substrate/Glints2/dict_0001_0081" 9862
"/Engine/EngineMaterials/Substrate/Glints2/dict_0001_0082" 9863
"/Engine/EngineMaterials/Substrate/Glints2/dict_0001_0093" 9864
"/Engine/EngineMaterials/Substrate/Glints2/dict_0001_0094" 9865
"/Engine/EngineMaterials/Substrate/Glints2/dict_0001_0095" 9866
"../../../Engine/Content/EngineMaterials/Substrate/Glints2/dict_0001_0066.uasset" 9867
"/Engine/EngineMaterials/Substrate/Glints2/dict_0001_0084" 9868
"/Engine/EngineMaterials/Substrate/Glints2/dict_0001_0066" 9869
"/Engine/EngineMaterials/Substrate/Glints2/dict_0001_0064" 9870
"/Engine/EngineMaterials/Substrate/Glints2/dict_0001_0068" 9871
"/Engine/EngineMaterials/Substrate/Glints2/dict_0001_0070" 9872
"/Engine/EngineMaterials/Substrate/Glints2/dict_0001_0072" 9873
"/Engine/EngineMaterials/Substrate/Glints2/dict_0001_0075" 9874
"/Engine/EngineMaterials/Substrate/Glints2/dict_0001_0076" 9875
"/Engine/EngineMaterials/Substrate/Glints2/dict_0001_0077" 9876
"/Engine/EngineMaterials/Substrate/Glints2/dict_0001_0086" 9877
"/Engine/EngineMaterials/Substrate/Glints2/dict_0001_0078" 9878
"/Engine/EngineMaterials/Substrate/Glints2/dict_0001_0079" 9879
"../../../Engine/Content/EngineMaterials/Substrate/Glints2/dict_0001_0067.uasset" 9880
"/Engine/EngineMaterials/Substrate/Glints2/dict_0001_0088" 9881
"/Engine/EngineMaterials/Substrate/Glints2/dict_0001_0065" 9882
"/Engine/EngineMaterials/Substrate/Glints2/dict_0001_0091" 9883
"/Engine/EngineMaterials/Substrate/Glints2/dict_0001_0092" 9884
"/Engine/EngineMaterials/Substrate/Glints2/dict_0001_0083" 9885
"/Engine/EngineMaterials/Substrate/Glints2/dict_0001_0067" 9886
"../../../Engine/Content/EngineMaterials/Substrate/Glints2/dict_0001_0050.uasset" 9887
"../../../Engine/Content/EngineMaterials/Substrate/Glints2/dict_0001_0062.uasset" 9888
"../../../Engine/Content/EngineMaterials/Substrate/Glints2/dict_0001_0059.uasset" 9889
"../../../Engine/Content/EngineMaterials/Substrate/Glints2/dict_0001_0060.uasset" 9890
"../../../Engine/Content/EngineMaterials/Substrate/Glints2/dict_0001_0053.uasset" 9891
"../../../Engine/Content/EngineMaterials/Substrate/Glints2/dict_0001_0061.uasset" 9892
"../../../Engine/Content/EngineMaterials/Substrate/Glints2/dict_0001_0044.uasset" 9893
"../../../Engine/Content/EngineMaterials/Substrate/Glints2/dict_0001_0040.uasset" 9894
"../../../Engine/Content/EngineMaterials/Substrate/Glints2/dict_0001_0037.uasset" 9895
"../../../Engine/Content/EngineMaterials/Substrate/Glints2/dict_0001_0042.uasset" 9896
"/Engine/EngineMaterials/Substrate/Glints2/dict_0001_0050" 9897
"../../../Engine/Content/EngineMaterials/Substrate/Glints2/dict_0001_0047.uasset" 9898
"../../../Engine/Content/EngineMaterials/Substrate/Glints2/dict_0001_0039.uasset" 9899
"../../../Engine/Content/EngineMaterials/Substrate/Glints2/dict_0001_0045.uasset" 9900
"../../../Engine/Content/EngineMaterials/Substrate/Glints2/dict_0001_0036.uasset" 9901
"../../../Engine/Content/EngineMaterials/Substrate/Glints2/dict_0001_0056.uasset" 9902
"/Engine/EngineMaterials/Substrate/Glints2/dict_0001_0037" 9903
"../../../Engine/Content/EngineMaterials/Substrate/Glints2/dict_0001_0038.uasset" 9904
"../../../Engine/Content/EngineMaterials/Substrate/Glints2/dict_0001_0046.uasset" 9905
"../../../Engine/Content/EngineMaterials/Substrate/Glints2/dict_0001_0035.uasset" 9906
"../../../Engine/Content/EngineMaterials/Substrate/Glints2/dict_0001_0063.uasset" 9907
"../../../Engine/Content/EngineMaterials/Substrate/Glints2/dict_0001_0051.uasset" 9908
"../../../Engine/Content/EngineMaterials/Substrate/Glints2/dict_0001_0058.uasset" 9909
"/Engine/EngineMaterials/Substrate/Glints2/dict_0001_0053" 9910
"../../../Engine/Content/EngineMaterials/Substrate/Glints2/dict_0001_0052.uasset" 9911
"/Engine/EngineMaterials/Substrate/Glints2/dict_0001_0040" 9912
"/Engine/EngineMaterials/Substrate/Glints2/dict_0001_0044" 9913
"../../../Engine/Content/EngineMaterials/Substrate/Glints2/dict_0001_0054.uasset" 9914
"../../../Engine/Content/EngineMaterials/Substrate/Glints2/dict_0001_0057.uasset" 9915
"/Engine/EngineMaterials/Substrate/Glints2/dict_0001_0059" 9916
"../../../Engine/Content/EngineMaterials/Substrate/Glints2/dict_0001_0041.uasset" 9917
"../../../Engine/Content/EngineMaterials/Substrate/Glints2/dict_0001_0049.uasset" 9918
"../../../Engine/Content/EngineMaterials/Substrate/Glints2/dict_0001_0043.uasset" 9919
"/Engine/EngineMaterials/Substrate/Glints2/dict_0001_0060" 9920
"/Engine/EngineMaterials/Substrate/Glints2/dict_0001_0061" 9921
"/Engine/EngineMaterials/Substrate/Glints2/dict_0001_0062" 9922
"../../../Engine/Content/EngineMaterials/Substrate/Glints2/dict_0001_0055.uasset" 9923
"/Engine/EngineMaterials/Substrate/Glints2/dict_0001_0049" 9924
"/Engine/EngineMaterials/Substrate/Glints2/dict_0001_0035" 9925
"/Engine/EngineMaterials/Substrate/Glints2/dict_0001_0036" 9926
"/Engine/EngineMaterials/Substrate/Glints2/dict_0001_0051" 9927
"/Engine/EngineMaterials/Substrate/Glints2/dict_0001_0052" 9928
"/Engine/EngineMaterials/Substrate/Glints2/dict_0001_0038" 9929
"/Engine/EngineMaterials/Substrate/Glints2/dict_0001_0039" 9930
"/Engine/EngineMaterials/Substrate/Glints2/dict_0001_0041" 9931
"/Engine/EngineMaterials/Substrate/Glints2/dict_0001_0054" 9932
"../../../Engine/Content/EngineMaterials/Substrate/Glints2/dict_0001_0034.uasset" 9933
"../../../Engine/Content/EngineMaterials/Substrate/Glints2/dict_0001_0033.uasset" 9934
"../../../Engine/Content/EngineMaterials/Substrate/Glints2/dict_0001_0032.uasset" 9935
"../../../Engine/Content/EngineMaterials/Substrate/Glints2/dict_0001_0048.uasset" 9936
"/Engine/EngineMaterials/Substrate/Glints2/dict_0001_0042" 9937
"/Engine/EngineMaterials/Substrate/Glints2/dict_0001_0043" 9938
"/Engine/EngineMaterials/Substrate/Glints2/dict_0001_0055" 9939
"/Engine/EngineMaterials/Substrate/Glints2/dict_0001_0056" 9940
"/Engine/EngineMaterials/Substrate/Glints2/dict_0001_0045" 9941
"/Engine/EngineMaterials/Substrate/Glints2/dict_0001_0057" 9942
"/Engine/EngineMaterials/Substrate/Glints2/dict_0001_0058" 9943
"/Engine/EngineMaterials/Substrate/Glints2/dict_0001_0046" 9944
"/Engine/EngineMaterials/Substrate/Glints2/dict_0001_0047" 9945
"/Engine/EngineMaterials/Substrate/Glints2/dict_0001_0063" 9946
"/Engine/EngineMaterials/Substrate/Glints2/dict_0001_0033" 9947
"/Engine/EngineMaterials/Substrate/Glints2/dict_0001_0034" 9948
"/Engine/EngineMaterials/Substrate/Glints2/dict_0001_0032" 9949
"/Engine/EngineMaterials/Substrate/Glints2/dict_0001_0048" 9950
"../../../Engine/Content/EngineMaterials/Substrate/Glints2/dict_0001_0025.uasset" 9951
"../../../Engine/Content/EngineMaterials/Substrate/Glints2/dict_0001_0024.uasset" 9952
"../../../Engine/Content/EngineMaterials/Substrate/Glints2/dict_0001_0027.uasset" 9953
"../../../Engine/Content/EngineMaterials/Substrate/Glints2/dict_0001_0011.uasset" 9954
"../../../Engine/Content/EngineMaterials/Substrate/Glints2/dict_0001_0023.uasset" 9955
"../../../Engine/Content/EngineMaterials/Substrate/Glints2/dict_0001_0031.uasset" 9956
"../../../Engine/Content/EngineMaterials/Substrate/Glints2/dict_0001_0017.uasset" 9957
"../../../Engine/Content/EngineMaterials/Substrate/Glints2/dict_0001_0005.uasset" 9958
"../../../Engine/Content/EngineMaterials/Substrate/Glints2/dict_0001_0016.uasset" 9959
"../../../Engine/Content/EngineMaterials/Substrate/Glints2/dict_0001_0020.uasset" 9960
"../../../Engine/Content/EngineMaterials/Substrate/Glints2/dict_0001_0021.uasset" 9961
"../../../Engine/Content/EngineMaterials/Substrate/Glints2/dict_0001_0030.uasset" 9962
"../../../Engine/Content/EngineMaterials/Substrate/Glints2/dict_0001_0009.uasset" 9963
"/Engine/EngineMaterials/Substrate/Glints2/dict_0001_0005" 9964
"../../../Engine/Content/EngineMaterials/Substrate/Glints2/dict_0001_0026.uasset" 9965
"/Engine/EngineMaterials/Substrate/Glints2/dict_0001_0023" 9966
"../../../Engine/Content/EngineMaterials/Substrate/Glints2/dict_0001_0007.uasset" 9967
"../../../Engine/Content/EngineMaterials/Substrate/Glints2/dict_0001_0010.uasset" 9968
"/Engine/EngineMaterials/Substrate/Glints2/dict_0001_0024" 9969
"../../../Engine/Content/EngineMaterials/Substrate/Glints2/dict_0001_0012.uasset" 9970
"/Engine/EngineMaterials/Substrate/Glints2/dict_0001_0025" 9971
"../../../Engine/Content/EngineMaterials/Substrate/Glints2/dict_0001_0029.uasset" 9972
"/Engine/EngineMaterials/Substrate/Glints2/dict_0001_0009" 9973
"/Engine/EngineMaterials/Substrate/Glints2/dict_0001_0011" 9974
"/Engine/EngineMaterials/Substrate/Glints2/dict_0001_0027" 9975
"../../../Engine/Content/EngineMaterials/Substrate/Glints2/dict_0001_0004.uasset" 9976
"/Engine/EngineMaterials/Substrate/Glints2/dict_0001_0016" 9977
"../../../Engine/Content/EngineMaterials/Substrate/Glints2/dict_0001_0028.uasset" 9978
"../../../Engine/Content/EngineMaterials/Substrate/Glints2/dict_0001_0008.uasset" 9979
"/Engine/EngineMaterials/Substrate/Glints2/dict_0001_0017" 9980
"../../../Engine/Content/EngineMaterials/Substrate/Glints2/dict_0001_0014.uasset" 9981
"../../../Engine/Content/EngineMaterials/Substrate/Glints2/dict_0001_0013.uasset" 9982
"/Engine/EngineMaterials/Substrate/Glints2/dict_0001_0020" 9983
"/Engine/EngineMaterials/Substrate/Glints2/dict_0001_0021" 9984
"../../../Engine/Content/EngineMaterials/Substrate/Glints2/dict_0001_0002.uasset" 9985
"/Engine/EngineMaterials/Substrate/Glints2/dict_0001_0030" 9986
"../../../Engine/Content/EngineMaterials/Substrate/Glints2/dict_0001_0015.uasset" 9987
"../../../Engine/Content/EngineMaterials/Substrate/Glints2/dict_0001_0019.uasset" 9988
"/Engine/EngineMaterials/Substrate/Glints2/dict_0001_0031" 9989
"/Engine/EngineMaterials/Substrate/Glints2/dict_0001_0002" 9990
"/Engine/EngineMaterials/Substrate/Glints2/dict_0001_0004" 9991
"../../../Engine/Content/EngineMaterials/Substrate/Glints2/dict_0001_0022.uasset" 9992
"../../../Engine/Content/EngineMaterials/Substrate/Glints2/dict_0001_0018.uasset" 9993
"/Engine/EngineMaterials/Substrate/Glints2/dict_0001_0007" 9994
"/Engine/EngineMaterials/Substrate/Glints2/dict_0001_0008" 9995
"/Engine/EngineMaterials/Substrate/Glints2/dict_0001_0010" 9996
"/Engine/EngineMaterials/Substrate/Glints2/dict_0001_0026" 9997
"/Engine/EngineMaterials/Substrate/Glints2/dict_0001_0012" 9998
"/Engine/EngineMaterials/Substrate/Glints2/dict_0001_0013" 9999
"/Engine/EngineMaterials/Substrate/Glints2/dict_0001_0014" 10000
"/Engine/EngineMaterials/Substrate/Glints2/dict_0001_0015" 10001
"/Engine/EngineMaterials/Substrate/Glints2/dict_0001_0019" 10002
"/Engine/EngineMaterials/Substrate/Glints2/dict_0001_0028" 10003
"/Engine/EngineMaterials/Substrate/Glints2/dict_0001_0029" 10004
"/Engine/EngineMaterials/Substrate/Glints2/dict_0001_0018" 10005
"/Engine/EngineMaterials/Substrate/Glints2/dict_0001_0022" 10006
"../../../Engine/Content/EngineMaterials/Substrate/Glints2/dict_0001_0006.uasset" 10007
"../../../Engine/Content/EngineMaterials/Substrate/Glints2/dict_0001_0003.uasset" 10008
"../../../Engine/Content/EngineMaterials/Substrate/Glints2/dict_0000_0243.uasset" 10009
"../../../Engine/Content/EngineMaterials/Substrate/Glints2/dict_0000_0253.uasset" 10010
"../../../Engine/Content/EngineMaterials/Substrate/Glints2/dict_0000_0252.uasset" 10011
"../../../Engine/Content/EngineMaterials/Substrate/Glints2/dict_0000_0251.uasset" 10012
"../../../Engine/Content/EngineMaterials/Substrate/Glints2/dict_0000_0244.uasset" 10013
"../../../Engine/Content/EngineMaterials/Substrate/Glints2/dict_0000_0247.uasset" 10014
"../../../Engine/Content/EngineMaterials/Substrate/Glints2/dict_0000_0250.uasset" 10015
"../../../Engine/Content/EngineMaterials/Substrate/Glints2/dict_0000_0245.uasset" 10016
"../../../Engine/Content/EngineMaterials/Substrate/Glints2/dict_0000_0248.uasset" 10017
"../../../Engine/Content/EngineMaterials/Substrate/Glints2/dict_0000_0246.uasset" 10018
"/Engine/EngineMaterials/Substrate/Glints2/dict_0000_0243" 10019
"../../../Engine/Content/EngineMaterials/Substrate/Glints2/dict_0000_0255.uasset" 10020
"/Engine/EngineMaterials/Substrate/Glints2/dict_0000_0244" 10021
"../../../Engine/Content/EngineMaterials/Substrate/Glints2/dict_0000_0254.uasset" 10022
"/Engine/EngineMaterials/Substrate/Glints2/dict_0001_0006" 10023
"/Engine/EngineMaterials/Substrate/Glints2/dict_0000_0245" 10024
"../../../Engine/Content/EngineMaterials/Substrate/Glints2/dict_0001_0000.uasset" 10025
"/Engine/EngineMaterials/Substrate/Glints2/dict_0000_0247" 10026
"../../../Engine/Content/EngineMaterials/Substrate/Glints2/dict_0000_0238.uasset" 10027
"/Engine/EngineMaterials/Substrate/Glints2/dict_0000_0248" 10028
"../../../Engine/Content/EngineMaterials/Substrate/Glints2/dict_0000_0236.uasset" 10029
"../../../Engine/Content/EngineMaterials/Substrate/Glints2/dict_0000_0241.uasset" 10030
"/Engine/EngineMaterials/Substrate/Glints2/dict_0000_0250" 10031
"/Engine/EngineMaterials/Substrate/Glints2/dict_0000_0251" 10032
"../../../Engine/Content/EngineMaterials/Substrate/Glints2/dict_0000_0249.uasset" 10033
"/Engine/EngineMaterials/Substrate/Glints2/dict_0000_0252" 10034
"/Engine/EngineMaterials/Substrate/Glints2/dict_0000_0253" 10035
"/Engine/EngineMaterials/Substrate/Glints2/dict_0001_0003" 10036
"../../../Engine/Content/EngineMaterials/Substrate/Glints2/dict_0001_0001.uasset" 10037
"../../../Engine/Content/EngineMaterials/Substrate/Glints2/dict_0000_0240.uasset" 10038
"../../../Engine/Content/EngineMaterials/Substrate/Glints2/dict_0000_0230.uasset" 10039
"../../../Engine/Content/EngineMaterials/Substrate/Glints2/dict_0000_0228.uasset" 10040
"../../../Engine/Content/EngineMaterials/Substrate/Glints2/dict_0000_0239.uasset" 10041
"/Engine/EngineMaterials/Substrate/Glints2/dict_0001_0000" 10042
"/Engine/EngineMaterials/Substrate/Glints2/dict_0001_0001" 10043
"../../../Engine/Content/EngineMaterials/Substrate/Glints2/dict_0000_0233.uasset" 10044
"../../../Engine/Content/EngineMaterials/Substrate/Glints2/dict_0000_0237.uasset" 10045
"../../../Engine/Content/EngineMaterials/Substrate/Glints2/dict_0000_0235.uasset" 10046
"/Engine/EngineMaterials/Substrate/Glints2/dict_0000_0230" 10047
"/Engine/EngineMaterials/Substrate/Glints2/dict_0000_0246" 10048
"../../../Engine/Content/EngineMaterials/Substrate/Glints2/dict_0000_0232.uasset" 10049
"/Engine/EngineMaterials/Substrate/Glints2/dict_0000_0236" 10050
"/Engine/EngineMaterials/Substrate/Glints2/dict_0000_0238" 10051
"/Engine/EngineMaterials/Substrate/Glints2/dict_0000_0249" 10052
"/Engine/EngineMaterials/Substrate/Glints2/dict_0000_0228" 10053
"../../../Engine/Content/EngineMaterials/Substrate/Glints2/dict_0000_0242.uasset" 10054
"/Engine/EngineMaterials/Substrate/Glints2/dict_0000_0240" 10055
"/Engine/EngineMaterials/Substrate/Glints2/dict_0000_0241" 10056
"../../../Engine/Content/EngineMaterials/Substrate/Glints2/dict_0000_0231.uasset" 10057
"/Engine/EngineMaterials/Substrate/Glints2/dict_0000_0254" 10058
"/Engine/EngineMaterials/Substrate/Glints2/dict_0000_0255" 10059
"/Engine/EngineMaterials/Substrate/Glints2/dict_0000_0231" 10060
"/Engine/EngineMaterials/Substrate/Glints2/dict_0000_0232" 10061
"/Engine/EngineMaterials/Substrate/Glints2/dict_0000_0233" 10062
"/Engine/EngineMaterials/Substrate/Glints2/dict_0000_0235" 10063
"/Engine/EngineMaterials/Substrate/Glints2/dict_0000_0237" 10064
"/Engine/EngineMaterials/Substrate/Glints2/dict_0000_0239" 10065
"/Engine/EngineMaterials/Substrate/Glints2/dict_0000_0242" 10066
"../../../Engine/Content/EngineMaterials/Substrate/Glints2/dict_0000_0226.uasset" 10067
"../../../Engine/Content/EngineMaterials/Substrate/Glints2/dict_0000_0227.uasset" 10068
"../../../Engine/Content/EngineMaterials/Substrate/Glints2/dict_0000_0220.uasset" 10069
"../../../Engine/Content/EngineMaterials/Substrate/Glints2/dict_0000_0217.uasset" 10070
"../../../Engine/Content/EngineMaterials/Substrate/Glints2/dict_0000_0222.uasset" 10071
"../../../Engine/Content/EngineMaterials/Substrate/Glints2/dict_0000_0229.uasset" 10072
"../../../Engine/Content/EngineMaterials/Substrate/Glints2/dict_0000_0219.uasset" 10073
"../../../Engine/Content/EngineMaterials/Substrate/Glints2/dict_0000_0224.uasset" 10074
"../../../Engine/Content/EngineMaterials/Substrate/Glints2/dict_0000_0208.uasset" 10075
"../../../Engine/Content/EngineMaterials/Substrate/Glints2/dict_0000_0215.uasset" 10076
"../../../Engine/Content/EngineMaterials/Substrate/Glints2/dict_0000_0212.uasset" 10077
"../../../Engine/Content/EngineMaterials/Substrate/Glints2/dict_0000_0211.uasset" 10078
"../../../Engine/Content/EngineMaterials/Substrate/Glints2/dict_0000_0206.uasset" 10079
"../../../Engine/Content/EngineMaterials/Substrate/Glints2/dict_0000_0209.uasset" 10080
"../../../Engine/Content/EngineMaterials/Substrate/Glints2/dict_0000_0221.uasset" 10081
"../../../Engine/Content/EngineMaterials/Substrate/Glints2/dict_0000_0225.uasset" 10082
"../../../Engine/Content/EngineMaterials/Substrate/Glints2/dict_0000_0223.uasset" 10083
"../../../Engine/Content/EngineMaterials/Substrate/Glints2/dict_0000_0218.uasset" 10084
"../../../Engine/Content/EngineMaterials/Substrate/Glints2/dict_0000_0210.uasset" 10085
"/Engine/EngineMaterials/Substrate/Glints2/dict_0000_0206" 10086
"../../../Engine/Content/EngineMaterials/Substrate/Glints2/dict_0000_0213.uasset" 10087
"/Engine/EngineMaterials/Substrate/Glints2/dict_0000_0217" 10088
"/Engine/EngineMaterials/Substrate/Glints2/dict_0000_0218" 10089
"/Engine/EngineMaterials/Substrate/Glints2/dict_0000_0219" 10090
"/Engine/EngineMaterials/Substrate/Glints2/dict_0000_0220" 10091
"../../../Engine/Content/EngineMaterials/Substrate/Glints2/dict_0000_0201.uasset" 10092
"../../../Engine/Content/EngineMaterials/Substrate/Glints2/dict_0000_0203.uasset" 10093
"../../../Engine/Content/EngineMaterials/Substrate/Glints2/dict_0000_0214.uasset" 10094
"../../../Engine/Content/EngineMaterials/Substrate/Glints2/dict_0000_0204.uasset" 10095
"../../../Engine/Content/EngineMaterials/Substrate/Glints2/dict_0000_0207.uasset" 10096
"../../../Engine/Content/EngineMaterials/Substrate/Glints2/dict_0000_0199.uasset" 10097
"../../../Engine/Content/EngineMaterials/Substrate/Glints2/dict_0000_0200.uasset" 10098
"/Engine/EngineMaterials/Substrate/Glints2/dict_0000_0208" 10099
"/Engine/EngineMaterials/Substrate/Glints2/dict_0000_0221" 10100
"../../../Engine/Content/EngineMaterials/Substrate/Glints2/dict_0000_0198.uasset" 10101
"/Engine/EngineMaterials/Substrate/Glints2/dict_0000_0222" 10102
"../../../Engine/Content/EngineMaterials/Substrate/Glints2/dict_0000_0202.uasset" 10103
"../../../Engine/Content/EngineMaterials/Substrate/Glints2/dict_0000_0234.uasset" 10104
"/Engine/EngineMaterials/Substrate/Glints2/dict_0000_0209" 10105
"/Engine/EngineMaterials/Substrate/Glints2/dict_0000_0210" 10106
"/Engine/EngineMaterials/Substrate/Glints2/dict_0000_0211" 10107
"/Engine/EngineMaterials/Substrate/Glints2/dict_0000_0223" 10108
"/Engine/EngineMaterials/Substrate/Glints2/dict_0000_0224" 10109
"/Engine/EngineMaterials/Substrate/Glints2/dict_0000_0212" 10110
"/Engine/EngineMaterials/Substrate/Glints2/dict_0000_0225" 10111
"/Engine/EngineMaterials/Substrate/Glints2/dict_0000_0226" 10112
"/Engine/EngineMaterials/Substrate/Glints2/dict_0000_0215" 10113
"/Engine/EngineMaterials/Substrate/Glints2/dict_0000_0227" 10114
"/Engine/EngineMaterials/Substrate/Glints2/dict_0000_0229" 10115
"/Engine/EngineMaterials/Substrate/Glints2/dict_0000_0207" 10116
"/Engine/EngineMaterials/Substrate/Glints2/dict_0000_0198" 10117
"/Engine/EngineMaterials/Substrate/Glints2/dict_0000_0199" 10118
"/Engine/EngineMaterials/Substrate/Glints2/dict_0000_0200" 10119
"../../../Engine/Content/EngineMaterials/Substrate/Glints2/dict_0000_0205.uasset" 10120
"/Engine/EngineMaterials/Substrate/Glints2/dict_0000_0234" 10121
"../../../Engine/Content/EngineMaterials/Substrate/Glints2/dict_0000_0216.uasset" 10122
"/Engine/EngineMaterials/Substrate/Glints2/dict_0000_0201" 10123
"/Engine/EngineMaterials/Substrate/Glints2/dict_0000_0202" 10124
"/Engine/EngineMaterials/Substrate/Glints2/dict_0000_0203" 10125
"/Engine/EngineMaterials/Substrate/Glints2/dict_0000_0213" 10126
"/Engine/EngineMaterials/Substrate/Glints2/dict_0000_0214" 10127
"/Engine/EngineMaterials/Substrate/Glints2/dict_0000_0204" 10128
"/Engine/EngineMaterials/Substrate/Glints2/dict_0000_0205" 10129
"/Engine/EngineMaterials/Substrate/Glints2/dict_0000_0216" 10130
"../../../Engine/Content/EngineMaterials/Substrate/Glints2/dict_0000_0193.uasset" 10131
"../../../Engine/Content/EngineMaterials/Substrate/Glints2/dict_0000_0184.uasset" 10132
"../../../Engine/Content/EngineMaterials/Substrate/Glints2/dict_0000_0195.uasset" 10133
"../../../Engine/Content/EngineMaterials/Substrate/Glints2/dict_0000_0192.uasset" 10134
"../../../Engine/Content/EngineMaterials/Substrate/Glints2/dict_0000_0183.uasset" 10135
"../../../Engine/Content/EngineMaterials/Substrate/Glints2/dict_0000_0185.uasset" 10136
"../../../Engine/Content/EngineMaterials/Substrate/Glints2/dict_0000_0196.uasset" 10137
"../../../Engine/Content/EngineMaterials/Substrate/Glints2/dict_0000_0190.uasset" 10138
"../../../Engine/Content/EngineMaterials/Substrate/Glints2/dict_0000_0187.uasset" 10139
"../../../Engine/Content/EngineMaterials/Substrate/Glints2/dict_0000_0197.uasset" 10140
"../../../Engine/Content/EngineMaterials/Substrate/Glints2/dict_0000_0194.uasset" 10141
"../../../Engine/Content/EngineMaterials/Substrate/Glints2/dict_0000_0182.uasset" 10142
"/Engine/EngineMaterials/Substrate/Glints2/dict_0000_0182" 10143
"../../../Engine/Content/EngineMaterials/Substrate/Glints2/dict_0000_0181.uasset" 10144
"/Engine/EngineMaterials/Substrate/Glints2/dict_0000_0183" 10145
"../../../Engine/Content/EngineMaterials/Substrate/Glints2/dict_0000_0188.uasset" 10146
"/Engine/EngineMaterials/Substrate/Glints2/dict_0000_0184" 10147
"/Engine/EngineMaterials/Substrate/Glints2/dict_0000_0185" 10148
"../../../Engine/Content/EngineMaterials/Substrate/Glints2/dict_0000_0180.uasset" 10149
"../../../Engine/Content/EngineMaterials/Substrate/Glints2/dict_0000_0178.uasset" 10150
"../../../Engine/Content/EngineMaterials/Substrate/Glints2/dict_0000_0177.uasset" 10151
"../../../Engine/Content/EngineMaterials/Substrate/Glints2/dict_0000_0179.uasset" 10152
"../../../Engine/Content/EngineMaterials/Substrate/Glints2/dict_0000_0186.uasset" 10153
"../../../Engine/Content/EngineMaterials/Substrate/Glints2/dict_0000_0175.uasset" 10154
"../../../Engine/Content/EngineMaterials/Substrate/Glints2/dict_0000_0189.uasset" 10155
"/Engine/EngineMaterials/Substrate/Glints2/dict_0000_0187" 10156
"../../../Engine/Content/EngineMaterials/Substrate/Glints2/dict_0000_0191.uasset" 10157
"../../../Engine/Content/EngineMaterials/Substrate/Glints2/dict_0000_0174.uasset" 10158
"/Engine/EngineMaterials/Substrate/Glints2/dict_0000_0190" 10159
"/Engine/EngineMaterials/Substrate/Glints2/dict_0000_0192" 10160
"../../../Engine/Content/EngineMaterials/Substrate/Glints2/dict_0000_0170.uasset" 10161
"/Engine/EngineMaterials/Substrate/Glints2/dict_0000_0193" 10162
"../../../Engine/Content/EngineMaterials/Substrate/Glints2/dict_0000_0173.uasset" 10163
"/Engine/EngineMaterials/Substrate/Glints2/dict_0000_0194" 10164
"../../../Engine/Content/EngineMaterials/Substrate/Glints2/dict_0000_0176.uasset" 10165
"/Engine/EngineMaterials/Substrate/Glints2/dict_0000_0195" 10166
"../../../Engine/Content/EngineMaterials/Substrate/Glints2/dict_0000_0167.uasset" 10167
"../../../Engine/Content/EngineMaterials/Substrate/Glints2/dict_0000_0171.uasset" 10168
"/Engine/EngineMaterials/Substrate/Glints2/dict_0000_0196" 10169
"/Engine/EngineMaterials/Substrate/Glints2/dict_0000_0197" 10170
"../../../Engine/Content/EngineMaterials/Substrate/Glints2/dict_0000_0172.uasset" 10171
"../../../Engine/Content/EngineMaterials/Substrate/Glints2/dict_0000_0168.uasset" 10172
"/Engine/EngineMaterials/Substrate/Glints2/dict_0000_0179" 10173
"../../../Engine/Content/EngineMaterials/Substrate/Glints2/dict_0000_0169.uasset" 10174
"/Engine/EngineMaterials/Substrate/Glints2/dict_0000_0180" 10175
"/Engine/EngineMaterials/Substrate/Glints2/dict_0000_0181" 10176
"/Engine/EngineMaterials/Substrate/Glints2/dict_0000_0170" 10177
"/Engine/EngineMaterials/Substrate/Glints2/dict_0000_0171" 10178
"../../../Engine/Content/EngineMaterials/Substrate/Glints2/dict_0000_0166.uasset" 10179
"/Engine/EngineMaterials/Substrate/Glints2/dict_0000_0172" 10180
"/Engine/EngineMaterials/Substrate/Glints2/dict_0000_0173" 10181
"/Engine/EngineMaterials/Substrate/Glints2/dict_0000_0186" 10182
"/Engine/EngineMaterials/Substrate/Glints2/dict_0000_0174" 10183
"/Engine/EngineMaterials/Substrate/Glints2/dict_0000_0188" 10184
"/Engine/EngineMaterials/Substrate/Glints2/dict_0000_0189" 10185
"/Engine/EngineMaterials/Substrate/Glints2/dict_0000_0175" 10186
"/Engine/EngineMaterials/Substrate/Glints2/dict_0000_0191" 10187
"/Engine/EngineMaterials/Substrate/Glints2/dict_0000_0176" 10188
"/Engine/EngineMaterials/Substrate/Glints2/dict_0000_0177" 10189
"/Engine/EngineMaterials/Substrate/Glints2/dict_0000_0178" 10190
"/Engine/EngineMaterials/Substrate/Glints2/dict_0000_0167" 10191
"/Engine/EngineMaterials/Substrate/Glints2/dict_0000_0166" 10192
"/Engine/EngineMaterials/Substrate/Glints2/dict_0000_0168" 10193
"/Engine/EngineMaterials/Substrate/Glints2/dict_0000_0169" 10194
"../../../Engine/Content/EngineMaterials/Substrate/Glints2/dict_0000_0155.uasset" 10195
"../../../Engine/Content/EngineMaterials/Substrate/Glints2/dict_0000_0164.uasset" 10196
"../../../Engine/Content/EngineMaterials/Substrate/Glints2/dict_0000_0165.uasset" 10197
"../../../Engine/Content/EngineMaterials/Substrate/Glints2/dict_0000_0157.uasset" 10198
"../../../Engine/Content/EngineMaterials/Substrate/Glints2/dict_0000_0160.uasset" 10199
"../../../Engine/Content/EngineMaterials/Substrate/Glints2/dict_0000_0159.uasset" 10200
"../../../Engine/Content/EngineMaterials/Substrate/Glints2/dict_0000_0154.uasset" 10201
"../../../Engine/Content/EngineMaterials/Substrate/Glints2/dict_0000_0161.uasset" 10202
"../../../Engine/Content/EngineMaterials/Substrate/Glints2/dict_0000_0158.uasset" 10203
"../../../Engine/Content/EngineMaterials/Substrate/Glints2/dict_0000_0162.uasset" 10204
"../../../Engine/Content/EngineMaterials/Substrate/Glints2/dict_0000_0163.uasset" 10205
"../../../Engine/Content/EngineMaterials/Substrate/Glints2/dict_0000_0156.uasset" 10206
"../../../Engine/Content/EngineMaterials/Substrate/Glints2/dict_0000_0141.uasset" 10207
"../../../Engine/Content/EngineMaterials/Substrate/Glints2/dict_0000_0148.uasset" 10208
"../../../Engine/Content/EngineMaterials/Substrate/Glints2/dict_0000_0139.uasset" 10209
"../../../Engine/Content/EngineMaterials/Substrate/Glints2/dict_0000_0149.uasset" 10210
"../../../Engine/Content/EngineMaterials/Substrate/Glints2/dict_0000_0137.uasset" 10211
"../../../Engine/Content/EngineMaterials/Substrate/Glints2/dict_0000_0147.uasset" 10212
"../../../Engine/Content/EngineMaterials/Substrate/Glints2/dict_0000_0143.uasset" 10213
"../../../Engine/Content/EngineMaterials/Substrate/Glints2/dict_0000_0153.uasset" 10214
"../../../Engine/Content/EngineMaterials/Substrate/Glints2/dict_0000_0142.uasset" 10215
"../../../Engine/Content/EngineMaterials/Substrate/Glints2/dict_0000_0144.uasset" 10216
"../../../Engine/Content/EngineMaterials/Substrate/Glints2/dict_0000_0151.uasset" 10217
"../../../Engine/Content/EngineMaterials/Substrate/Glints2/dict_0000_0145.uasset" 10218
"../../../Engine/Content/EngineMaterials/Substrate/Glints2/dict_0000_0150.uasset" 10219
"../../../Engine/Content/EngineMaterials/Substrate/Glints2/dict_0000_0138.uasset" 10220
"../../../Engine/Content/EngineMaterials/Substrate/Glints2/dict_0000_0146.uasset" 10221
"../../../Engine/Content/EngineMaterials/Substrate/Glints2/dict_0000_0152.uasset" 10222
"../../../Engine/Content/EngineMaterials/Substrate/Glints2/dict_0000_0140.uasset" 10223
"/Engine/EngineMaterials/Substrate/Glints2/dict_0000_0137" 10224
"/Engine/EngineMaterials/Substrate/Glints2/dict_0000_0138" 10225
"../../../Engine/Content/EngineMaterials/Substrate/Glints2/dict_0000_0136.uasset" 10226
"/Engine/EngineMaterials/Substrate/Glints2/dict_0000_0139" 10227
"/Engine/EngineMaterials/Substrate/Glints2/dict_0000_0154" 10228
"/Engine/EngineMaterials/Substrate/Glints2/dict_0000_0140" 10229
"../../../Engine/Content/EngineMaterials/Substrate/Glints2/dict_0000_0134.uasset" 10230
"/Engine/EngineMaterials/Substrate/Glints2/dict_0000_0155" 10231
"../../../Engine/Content/EngineMaterials/Substrate/Glints2/dict_0000_0135.uasset" 10232
"/Engine/EngineMaterials/Substrate/Glints2/dict_0000_0141" 10233
"/Engine/EngineMaterials/Substrate/Glints2/dict_0000_0156" 10234
"/Engine/EngineMaterials/Substrate/Glints2/dict_0000_0157" 10235
"/Engine/EngineMaterials/Substrate/Glints2/dict_0000_0142" 10236
"/Engine/EngineMaterials/Substrate/Glints2/dict_0000_0143" 10237
"/Engine/EngineMaterials/Substrate/Glints2/dict_0000_0144" 10238
"/Engine/EngineMaterials/Substrate/Glints2/dict_0000_0158" 10239
"/Engine/EngineMaterials/Substrate/Glints2/dict_0000_0145" 10240
"/Engine/EngineMaterials/Substrate/Glints2/dict_0000_0146" 10241
"/Engine/EngineMaterials/Substrate/Glints2/dict_0000_0147" 10242
"/Engine/EngineMaterials/Substrate/Glints2/dict_0000_0148" 10243
"/Engine/EngineMaterials/Substrate/Glints2/dict_0000_0159" 10244
"/Engine/EngineMaterials/Substrate/Glints2/dict_0000_0149" 10245
"/Engine/EngineMaterials/Substrate/Glints2/dict_0000_0160" 10246
"/Engine/EngineMaterials/Substrate/Glints2/dict_0000_0150" 10247
"/Engine/EngineMaterials/Substrate/Glints2/dict_0000_0161" 10248
"/Engine/EngineMaterials/Substrate/Glints2/dict_0000_0151" 10249
"/Engine/EngineMaterials/Substrate/Glints2/dict_0000_0162" 10250
"/Engine/EngineMaterials/Substrate/Glints2/dict_0000_0152" 10251
"/Engine/EngineMaterials/Substrate/Glints2/dict_0000_0163" 10252
"/Engine/EngineMaterials/Substrate/Glints2/dict_0000_0153" 10253
"/Engine/EngineMaterials/Substrate/Glints2/dict_0000_0164" 10254
"/Engine/EngineMaterials/Substrate/Glints2/dict_0000_0165" 10255
"/Engine/EngineMaterials/Substrate/Glints2/dict_0000_0134" 10256
"/Engine/EngineMaterials/Substrate/Glints2/dict_0000_0135" 10257
"/Engine/EngineMaterials/Substrate/Glints2/dict_0000_0136" 10258
"../../../Engine/Content/EngineMaterials/Substrate/Glints2/dict_0000_0116.uasset" 10259
"../../../Engine/Content/EngineMaterials/Substrate/Glints2/dict_0000_0118.uasset" 10260
"../../../Engine/Content/EngineMaterials/Substrate/Glints2/dict_0000_0113.uasset" 10261
"../../../Engine/Content/EngineMaterials/Substrate/Glints2/dict_0000_0115.uasset" 10262
"../../../Engine/Content/EngineMaterials/Substrate/Glints2/dict_0000_0133.uasset" 10263
"../../../Engine/Content/EngineMaterials/Substrate/Glints2/dict_0000_0131.uasset" 10264
"../../../Engine/Content/EngineMaterials/Substrate/Glints2/dict_0000_0106.uasset" 10265
"../../../Engine/Content/EngineMaterials/Substrate/Glints2/dict_0000_0126.uasset" 10266
"../../../Engine/Content/EngineMaterials/Substrate/Glints2/dict_0000_0129.uasset" 10267
"../../../Engine/Content/EngineMaterials/Substrate/Glints2/dict_0000_0114.uasset" 10268
"../../../Engine/Content/EngineMaterials/Substrate/Glints2/dict_0000_0121.uasset" 10269
"../../../Engine/Content/EngineMaterials/Substrate/Glints2/dict_0000_0105.uasset" 10270
"../../../Engine/Content/EngineMaterials/Substrate/Glints2/dict_0000_0112.uasset" 10271
"../../../Engine/Content/EngineMaterials/Substrate/Glints2/dict_0000_0110.uasset" 10272
"../../../Engine/Content/EngineMaterials/Substrate/Glints2/dict_0000_0130.uasset" 10273
"../../../Engine/Content/EngineMaterials/Substrate/Glints2/dict_0000_0117.uasset" 10274
"../../../Engine/Content/EngineMaterials/Substrate/Glints2/dict_0000_0107.uasset" 10275
"../../../Engine/Content/EngineMaterials/Substrate/Glints2/dict_0000_0122.uasset" 10276
"../../../Engine/Content/EngineMaterials/Substrate/Glints2/dict_0000_0108.uasset" 10277
"../../../Engine/Content/EngineMaterials/Substrate/Glints2/dict_0000_0123.uasset" 10278
"../../../Engine/Content/EngineMaterials/Substrate/Glints2/dict_0000_0119.uasset" 10279
"../../../Engine/Content/EngineMaterials/Substrate/Glints2/dict_0000_0120.uasset" 10280
"../../../Engine/Content/EngineMaterials/Substrate/Glints2/dict_0000_0127.uasset" 10281
"../../../Engine/Content/EngineMaterials/Substrate/Glints2/dict_0000_0125.uasset" 10282
"../../../Engine/Content/EngineMaterials/Substrate/Glints2/dict_0000_0128.uasset" 10283
"../../../Engine/Content/EngineMaterials/Substrate/Glints2/dict_0000_0111.uasset" 10284
"../../../Engine/Content/EngineMaterials/Substrate/Glints2/dict_0000_0124.uasset" 10285
"../../../Engine/Content/EngineMaterials/Substrate/Glints2/dict_0000_0103.uasset" 10286
"../../../Engine/Content/EngineMaterials/Substrate/Glints2/dict_0000_0132.uasset" 10287
"../../../Engine/Content/EngineMaterials/Substrate/Glints2/dict_0000_0102.uasset" 10288
"../../../Engine/Content/EngineMaterials/Substrate/Glints2/dict_0000_0104.uasset" 10289
"/Engine/EngineMaterials/Substrate/Glints2/dict_0000_0102" 10290
"/Engine/EngineMaterials/Substrate/Glints2/dict_0000_0105" 10291
"/Engine/EngineMaterials/Substrate/Glints2/dict_0000_0103" 10292
"/Engine/EngineMaterials/Substrate/Glints2/dict_0000_0104" 10293
"/Engine/EngineMaterials/Substrate/Glints2/dict_0000_0106" 10294
"/Engine/EngineMaterials/Substrate/Glints2/dict_0000_0107" 10295
"../../../Engine/Content/EngineMaterials/Substrate/Glints2/dict_0000_0109.uasset" 10296
"/Engine/EngineMaterials/Substrate/Glints2/dict_0000_0108" 10297
"/Engine/EngineMaterials/Substrate/Glints2/dict_0000_0110" 10298
"/Engine/EngineMaterials/Substrate/Glints2/dict_0000_0111" 10299
"/Engine/EngineMaterials/Substrate/Glints2/dict_0000_0112" 10300
"/Engine/EngineMaterials/Substrate/Glints2/dict_0000_0113" 10301
"/Engine/EngineMaterials/Substrate/Glints2/dict_0000_0114" 10302
"/Engine/EngineMaterials/Substrate/Glints2/dict_0000_0115" 10303
"/Engine/EngineMaterials/Substrate/Glints2/dict_0000_0116" 10304
"/Engine/EngineMaterials/Substrate/Glints2/dict_0000_0117" 10305
"/Engine/EngineMaterials/Substrate/Glints2/dict_0000_0118" 10306
"/Engine/EngineMaterials/Substrate/Glints2/dict_0000_0119" 10307
"/Engine/EngineMaterials/Substrate/Glints2/dict_0000_0120" 10308
"/Engine/EngineMaterials/Substrate/Glints2/dict_0000_0121" 10309
"/Engine/EngineMaterials/Substrate/Glints2/dict_0000_0122" 10310
"/Engine/EngineMaterials/Substrate/Glints2/dict_0000_0123" 10311
"/Engine/EngineMaterials/Substrate/Glints2/dict_0000_0124" 10312
"/Engine/EngineMaterials/Substrate/Glints2/dict_0000_0125" 10313
"/Engine/EngineMaterials/Substrate/Glints2/dict_0000_0126" 10314
"/Engine/EngineMaterials/Substrate/Glints2/dict_0000_0127" 10315
"/Engine/EngineMaterials/Substrate/Glints2/dict_0000_0128" 10316
"/Engine/EngineMaterials/Substrate/Glints2/dict_0000_0129" 10317
"/Engine/EngineMaterials/Substrate/Glints2/dict_0000_0130" 10318
"/Engine/EngineMaterials/Substrate/Glints2/dict_0000_0131" 10319
"/Engine/EngineMaterials/Substrate/Glints2/dict_0000_0132" 10320
"/Engine/EngineMaterials/Substrate/Glints2/dict_0000_0133" 10321
"/Engine/EngineMaterials/Substrate/Glints2/dict_0000_0109" 10322
"../../../Engine/Content/EngineMaterials/Substrate/Glints2/dict_0000_0079.uasset" 10323
"../../../Engine/Content/EngineMaterials/Substrate/Glints2/dict_0000_0087.uasset" 10324
"../../../Engine/Content/EngineMaterials/Substrate/Glints2/dict_0000_0099.uasset" 10325
"../../../Engine/Content/EngineMaterials/Substrate/Glints2/dict_0000_0097.uasset" 10326
"../../../Engine/Content/EngineMaterials/Substrate/Glints2/dict_0000_0076.uasset" 10327
"../../../Engine/Content/EngineMaterials/Substrate/Glints2/dict_0000_0078.uasset" 10328
"../../../Engine/Content/EngineMaterials/Substrate/Glints2/dict_0000_0081.uasset" 10329
"../../../Engine/Content/EngineMaterials/Substrate/Glints2/dict_0000_0093.uasset" 10330
"../../../Engine/Content/EngineMaterials/Substrate/Glints2/dict_0000_0077.uasset" 10331
"../../../Engine/Content/EngineMaterials/Substrate/Glints2/dict_0000_0094.uasset" 10332
"../../../Engine/Content/EngineMaterials/Substrate/Glints2/dict_0000_0095.uasset" 10333
"../../../Engine/Content/EngineMaterials/Substrate/Glints2/dict_0000_0085.uasset" 10334
"../../../Engine/Content/EngineMaterials/Substrate/Glints2/dict_0000_0080.uasset" 10335
"../../../Engine/Content/EngineMaterials/Substrate/Glints2/dict_0000_0100.uasset" 10336
"../../../Engine/Content/EngineMaterials/Substrate/Glints2/dict_0000_0101.uasset" 10337
"../../../Engine/Content/EngineMaterials/Substrate/Glints2/dict_0000_0074.uasset" 10338
"../../../Engine/Content/EngineMaterials/Substrate/Glints2/dict_0000_0075.uasset" 10339
"../../../Engine/Content/EngineMaterials/Substrate/Glints2/dict_0000_0084.uasset" 10340
"../../../Engine/Content/EngineMaterials/Substrate/Glints2/dict_0000_0083.uasset" 10341
"../../../Engine/Content/EngineMaterials/Substrate/Glints2/dict_0000_0072.uasset" 10342
"../../../Engine/Content/EngineMaterials/Substrate/Glints2/dict_0000_0082.uasset" 10343
"../../../Engine/Content/EngineMaterials/Substrate/Glints2/dict_0000_0088.uasset" 10344
"../../../Engine/Content/EngineMaterials/Substrate/Glints2/dict_0000_0089.uasset" 10345
"../../../Engine/Content/EngineMaterials/Substrate/Glints2/dict_0000_0091.uasset" 10346
"../../../Engine/Content/EngineMaterials/Substrate/Glints2/dict_0000_0090.uasset" 10347
"../../../Engine/Content/EngineMaterials/Substrate/Glints2/dict_0000_0071.uasset" 10348
"../../../Engine/Content/EngineMaterials/Substrate/Glints2/dict_0000_0073.uasset" 10349
"../../../Engine/Content/EngineMaterials/Substrate/Glints2/dict_0000_0098.uasset" 10350
"/Engine/EngineMaterials/Substrate/Glints2/dict_0000_0071" 10351
"../../../Engine/Content/EngineMaterials/Substrate/Glints2/dict_0000_0092.uasset" 10352
"../../../Engine/Content/EngineMaterials/Substrate/Glints2/dict_0000_0096.uasset" 10353
"/Engine/EngineMaterials/Substrate/Glints2/dict_0000_0072" 10354
"../../../Engine/Content/EngineMaterials/Substrate/Glints2/dict_0000_0086.uasset" 10355
"/Engine/EngineMaterials/Substrate/Glints2/dict_0000_0073" 10356
"../../../Engine/Content/EngineMaterials/Substrate/Glints2/dict_0000_0070.uasset" 10357
"/Engine/EngineMaterials/Substrate/Glints2/dict_0000_0074" 10358
"/Engine/EngineMaterials/Substrate/Glints2/dict_0000_0075" 10359
"/Engine/EngineMaterials/Substrate/Glints2/dict_0000_0076" 10360
"/Engine/EngineMaterials/Substrate/Glints2/dict_0000_0077" 10361
"/Engine/EngineMaterials/Substrate/Glints2/dict_0000_0078" 10362
"/Engine/EngineMaterials/Substrate/Glints2/dict_0000_0079" 10363
"/Engine/EngineMaterials/Substrate/Glints2/dict_0000_0080" 10364
"/Engine/EngineMaterials/Substrate/Glints2/dict_0000_0081" 10365
"/Engine/EngineMaterials/Substrate/Glints2/dict_0000_0082" 10366
"/Engine/EngineMaterials/Substrate/Glints2/dict_0000_0083" 10367
"/Engine/EngineMaterials/Substrate/Glints2/dict_0000_0084" 10368
"/Engine/EngineMaterials/Substrate/Glints2/dict_0000_0085" 10369
"/Engine/EngineMaterials/Substrate/Glints2/dict_0000_0087" 10370
"/Engine/EngineMaterials/Substrate/Glints2/dict_0000_0088" 10371
"/Engine/EngineMaterials/Substrate/Glints2/dict_0000_0089" 10372
"/Engine/EngineMaterials/Substrate/Glints2/dict_0000_0090" 10373
"/Engine/EngineMaterials/Substrate/Glints2/dict_0000_0091" 10374
"/Engine/EngineMaterials/Substrate/Glints2/dict_0000_0093" 10375
"/Engine/EngineMaterials/Substrate/Glints2/dict_0000_0094" 10376
"/Engine/EngineMaterials/Substrate/Glints2/dict_0000_0095" 10377
"/Engine/EngineMaterials/Substrate/Glints2/dict_0000_0097" 10378
"/Engine/EngineMaterials/Substrate/Glints2/dict_0000_0098" 10379
"/Engine/EngineMaterials/Substrate/Glints2/dict_0000_0099" 10380
"/Engine/EngineMaterials/Substrate/Glints2/dict_0000_0100" 10381
"/Engine/EngineMaterials/Substrate/Glints2/dict_0000_0101" 10382
"/Engine/EngineMaterials/Substrate/Glints2/dict_0000_0070" 10383
"/Engine/EngineMaterials/Substrate/Glints2/dict_0000_0086" 10384
"/Engine/EngineMaterials/Substrate/Glints2/dict_0000_0092" 10385
"/Engine/EngineMaterials/Substrate/Glints2/dict_0000_0096" 10386
"../../../Engine/Content/EngineMaterials/Substrate/Glints2/dict_0000_0044.uasset" 10387
"../../../Engine/Content/EngineMaterials/Substrate/Glints2/dict_0000_0062.uasset" 10388
"../../../Engine/Content/EngineMaterials/Substrate/Glints2/dict_0000_0056.uasset" 10389
"../../../Engine/Content/EngineMaterials/Substrate/Glints2/dict_0000_0047.uasset" 10390
"../../../Engine/Content/EngineMaterials/Substrate/Glints2/dict_0000_0042.uasset" 10391
"../../../Engine/Content/EngineMaterials/Substrate/Glints2/dict_0000_0043.uasset" 10392
"../../../Engine/Content/EngineMaterials/Substrate/Glints2/dict_0000_0061.uasset" 10393
"../../../Engine/Content/EngineMaterials/Substrate/Glints2/dict_0000_0059.uasset" 10394
"../../../Engine/Content/EngineMaterials/Substrate/Glints2/dict_0000_0057.uasset" 10395
"../../../Engine/Content/EngineMaterials/Substrate/Glints2/dict_0000_0069.uasset" 10396
"../../../Engine/Content/EngineMaterials/Substrate/Glints2/dict_0000_0066.uasset" 10397
"/Engine/EngineMaterials/Substrate/Glints2/dict_0000_0042" 10398
"../../../Engine/Content/EngineMaterials/Substrate/Glints2/dict_0000_0048.uasset" 10399
"../../../Engine/Content/EngineMaterials/Substrate/Glints2/dict_0000_0065.uasset" 10400
"/Engine/EngineMaterials/Substrate/Glints2/dict_0000_0043" 10401
"/Engine/EngineMaterials/Substrate/Glints2/dict_0000_0044" 10402
"../../../Engine/Content/EngineMaterials/Substrate/Glints2/dict_0000_0046.uasset" 10403
"/Engine/EngineMaterials/Substrate/Glints2/dict_0000_0047" 10404
"../../../Engine/Content/EngineMaterials/Substrate/Glints2/dict_0000_0041.uasset" 10405
"/Engine/EngineMaterials/Substrate/Glints2/dict_0000_0056" 10406
"../../../Engine/Content/EngineMaterials/Substrate/Glints2/dict_0000_0055.uasset" 10407
"/Engine/EngineMaterials/Substrate/Glints2/dict_0000_0057" 10408
"../../../Engine/Content/EngineMaterials/Substrate/Glints2/dict_0000_0064.uasset" 10409
"/Engine/EngineMaterials/Substrate/Glints2/dict_0000_0059" 10410
"/Engine/EngineMaterials/Substrate/Glints2/dict_0000_0061" 10411
"../../../Engine/Content/EngineMaterials/Substrate/Glints2/dict_0000_0052.uasset" 10412
"/Engine/EngineMaterials/Substrate/Glints2/dict_0000_0062" 10413
"../../../Engine/Content/EngineMaterials/Substrate/Glints2/dict_0000_0068.uasset" 10414
"/Engine/EngineMaterials/Substrate/Glints2/dict_0000_0066" 10415
"/Engine/EngineMaterials/Substrate/Glints2/dict_0000_0046" 10416
"/Engine/EngineMaterials/Substrate/Glints2/dict_0000_0048" 10417
"../../../Engine/Content/EngineMaterials/Substrate/Glints2/dict_0000_0051.uasset" 10418
"../../../Engine/Content/EngineMaterials/Substrate/Glints2/dict_0000_0053.uasset" 10419
"../../../Engine/Content/EngineMaterials/Substrate/Glints2/dict_0000_0039.uasset" 10420
"../../../Engine/Content/EngineMaterials/Substrate/Glints2/dict_0000_0063.uasset" 10421
"/Engine/EngineMaterials/Substrate/Glints2/dict_0000_0052" 10422
"/Engine/EngineMaterials/Substrate/Glints2/dict_0000_0055" 10423
"/Engine/EngineMaterials/Substrate/Glints2/dict_0000_0064" 10424
"../../../Engine/Content/EngineMaterials/Substrate/Glints2/dict_0000_0038.uasset" 10425
"/Engine/EngineMaterials/Substrate/Glints2/dict_0000_0041" 10426
"/Engine/EngineMaterials/Substrate/Glints2/dict_0000_0065" 10427
"../../../Engine/Content/EngineMaterials/Substrate/Glints2/dict_0000_0049.uasset" 10428
"/Engine/EngineMaterials/Substrate/Glints2/dict_0000_0068" 10429
"../../../Engine/Content/EngineMaterials/Substrate/Glints2/dict_0000_0067.uasset" 10430
"../../../Engine/Content/EngineMaterials/Substrate/Glints2/dict_0000_0060.uasset" 10431
"/Engine/EngineMaterials/Substrate/Glints2/dict_0000_0069" 10432
"../../../Engine/Content/EngineMaterials/Substrate/Glints2/dict_0000_0040.uasset" 10433
"../../../Engine/Content/EngineMaterials/Substrate/Glints2/dict_0000_0045.uasset" 10434
"../../../Engine/Content/EngineMaterials/Substrate/Glints2/dict_0000_0058.uasset" 10435
"/Engine/EngineMaterials/Substrate/Glints2/dict_0000_0038" 10436
"/Engine/EngineMaterials/Substrate/Glints2/dict_0000_0049" 10437
"/Engine/EngineMaterials/Substrate/Glints2/dict_0000_0051" 10438
"../../../Engine/Content/EngineMaterials/Substrate/Glints2/dict_0000_0054.uasset" 10439
"/Engine/EngineMaterials/Substrate/Glints2/dict_0000_0053" 10440
"../../../Engine/Content/EngineMaterials/Substrate/Glints2/dict_0000_0050.uasset" 10441
"/Engine/EngineMaterials/Substrate/Glints2/dict_0000_0039" 10442
"/Engine/EngineMaterials/Substrate/Glints2/dict_0000_0060" 10443
"/Engine/EngineMaterials/Substrate/Glints2/dict_0000_0040" 10444
"/Engine/EngineMaterials/Substrate/Glints2/dict_0000_0063" 10445
"/Engine/EngineMaterials/Substrate/Glints2/dict_0000_0067" 10446
"/Engine/EngineMaterials/Substrate/Glints2/dict_0000_0045" 10447
"/Engine/EngineMaterials/Substrate/Glints2/dict_0000_0050" 10448
"/Engine/EngineMaterials/Substrate/Glints2/dict_0000_0054" 10449
"/Engine/EngineMaterials/Substrate/Glints2/dict_0000_0058" 10450
"../../../Engine/Content/EngineMaterials/Substrate/Glints2/dict_0000_0033.uasset" 10451
"../../../Engine/Content/EngineMaterials/Substrate/Glints2/dict_0000_0019.uasset" 10452
"../../../Engine/Content/EngineMaterials/Substrate/Glints2/dict_0000_0027.uasset" 10453
"../../../Engine/Content/EngineMaterials/Substrate/Glints2/dict_0000_0032.uasset" 10454
"../../../Engine/Content/EngineMaterials/Substrate/Glints2/dict_0000_0029.uasset" 10455
"../../../Engine/Content/EngineMaterials/Substrate/Glints2/dict_0000_0028.uasset" 10456
"../../../Engine/Content/EngineMaterials/Substrate/Glints2/dict_0000_0037.uasset" 10457
"../../../Engine/Content/EngineMaterials/Substrate/Glints2/dict_0000_0024.uasset" 10458
"../../../Engine/Content/EngineMaterials/Substrate/Glints2/dict_0000_0020.uasset" 10459
"../../../Engine/Content/EngineMaterials/Substrate/Glints2/dict_0000_0036.uasset" 10460
"../../../Engine/Content/EngineMaterials/Substrate/Glints2/dict_0000_0026.uasset" 10461
"../../../Engine/Content/EngineMaterials/Substrate/Glints2/dict_0000_0022.uasset" 10462
"../../../Engine/Content/EngineMaterials/Substrate/Glints2/dict_0000_0030.uasset" 10463
"../../../Engine/Content/EngineMaterials/Substrate/Glints2/dict_0000_0035.uasset" 10464
"../../../Engine/Content/EngineMaterials/Substrate/Glints2/dict_0000_0021.uasset" 10465
"../../../Engine/Content/EngineMaterials/Substrate/Glints2/dict_0000_0017.uasset" 10466
"../../../Engine/Content/EngineMaterials/Substrate/Glints2/dict_0000_0023.uasset" 10467
"../../../Engine/Content/EngineMaterials/Substrate/Glints2/dict_0000_0014.uasset" 10468
"../../../Engine/Content/EngineMaterials/Substrate/Glints2/dict_0000_0031.uasset" 10469
"../../../Engine/Content/EngineMaterials/Substrate/Glints2/dict_0000_0015.uasset" 10470
"../../../Engine/Content/EngineMaterials/Substrate/Glints2/dict_0000_0034.uasset" 10471
"/Engine/EngineMaterials/Substrate/Glints2/dict_0000_0028" 10472
"/Engine/EngineMaterials/Substrate/Glints2/dict_0000_0029" 10473
"../../../Engine/Content/EngineMaterials/Substrate/Glints2/dict_0000_0018.uasset" 10474
"/Engine/EngineMaterials/Substrate/Glints2/dict_0000_0030" 10475
"../../../Engine/Content/EngineMaterials/Substrate/Glints2/dict_0000_0012.uasset" 10476
"/Engine/EngineMaterials/Substrate/Glints2/dict_0000_0019" 10477
"../../../Engine/Content/EngineMaterials/Substrate/Glints2/dict_0000_0016.uasset" 10478
"../../../Engine/Content/EngineMaterials/Substrate/Glints2/dict_0000_0025.uasset" 10479
"/Engine/EngineMaterials/Substrate/Glints2/dict_0000_0031" 10480
"/Engine/EngineMaterials/Substrate/Glints2/dict_0000_0020" 10481
"/Engine/EngineMaterials/Substrate/Glints2/dict_0000_0021" 10482
"/Engine/EngineMaterials/Substrate/Glints2/dict_0000_0022" 10483
"../../../Engine/Content/EngineMaterials/Substrate/Glints2/dict_0000_0006.uasset" 10484
"../../../Engine/Content/EngineMaterials/Substrate/Glints2/dict_0000_0013.uasset" 10485
"/Engine/EngineMaterials/Substrate/Glints2/dict_0000_0032" 10486
"../../../Engine/Content/EngineMaterials/Substrate/Glints2/dict_0000_0011.uasset" 10487
"../../../Engine/Content/EngineMaterials/Substrate/Glints2/dict_0000_0010.uasset" 10488
"/Engine/EngineMaterials/Substrate/Glints2/dict_0000_0014" 10489
"/Engine/EngineMaterials/Substrate/Glints2/dict_0000_0033" 10490
"/Engine/EngineMaterials/Substrate/Glints2/dict_0000_0034" 10491
"/Engine/EngineMaterials/Substrate/Glints2/dict_0000_0015" 10492
"../../../Engine/Content/EngineMaterials/Substrate/Glints2/dict_0000_0008.uasset" 10493
"/Engine/EngineMaterials/Substrate/Glints2/dict_0000_0035" 10494
"/Engine/EngineMaterials/Substrate/Glints2/dict_0000_0036" 10495
"/Engine/EngineMaterials/Substrate/Glints2/dict_0000_0017" 10496
"/Engine/EngineMaterials/Substrate/Glints2/dict_0000_0023" 10497
"/Engine/EngineMaterials/Substrate/Glints2/dict_0000_0024" 10498
"/Engine/EngineMaterials/Substrate/Glints2/dict_0000_0037" 10499
"/Engine/EngineMaterials/Substrate/Glints2/dict_0000_0026" 10500
"/Engine/EngineMaterials/Substrate/Glints2/dict_0000_0027" 10501
"../../../Engine/Content/EngineMaterials/Substrate/Glints2/dict_0000_0007.uasset" 10502
"../../../Engine/Content/EngineMaterials/Substrate/Volume/SubstrateSimpleVolumeLUT2D.uasset" 10503
"../../../Engine/Content/EngineMaterials/Substrate/Volume/SubstrateSimpleVolumeEnvLUT2D.uasset" 10504
"../../../Engine/Content/EngineMaterials/Substrate/Volume/SubstrateSimpleVolumeEnvLUT3D.uasset" 10505
"../../../Engine/Content/EngineMaterials/Substrate/Volume/SubstrateSimpleVolumeLUT3D.uasset" 10506
"/Engine/EngineMaterials/Substrate/Glints2/dict_0000_0006" 10507
"/Engine/EngineMaterials/Substrate/Glints2/dict_0000_0010" 10508
"/Engine/EngineMaterials/Substrate/Glints2/dict_0000_0011" 10509
"/Engine/EngineMaterials/Substrate/Glints2/dict_0000_0007" 10510
"/Engine/EngineMaterials/Substrate/Glints2/dict_0000_0012" 10511
"/Engine/EngineMaterials/Substrate/Glints2/dict_0000_0013" 10512
"/Engine/EngineMaterials/Substrate/Glints2/dict_0000_0008" 10513
"/Engine/EngineMaterials/Substrate/Glints2/dict_0000_0016" 10514
"/Engine/EngineMaterials/Substrate/Glints2/dict_0000_0025" 10515
"/Engine/EngineMaterials/Substrate/Glints2/dict_0000_0018" 10516
"/Engine/EngineMaterials/Substrate/Volume/SubstrateSimpleVolumeEnvLUT3D" 10517
"/Engine/EngineMaterials/Substrate/Volume/SubstrateSimpleVolumeLUT3D" 10518
"../../../Engine/Content/EngineMaterials/PPM_DefaultCalibrationGrayscale.uasset" 10519
"../../../Engine/Content/Functions/Engine_MaterialFunctions03/Procedurals/HeightToNormalSmooth.uasset" 10520
"../../../Engine/Content/EngineMaterials/Substrate/Glints2/dict_0000_0003.uasset" 10521
"../../../Engine/Content/EngineMaterials/Substrate/Glints2/dict_0000_0009.uasset" 10522
"../../../Engine/Plugins/Interchange/Assets/Content/Functions/MX_Surface.uasset" 10523
"../../../Engine/Plugins/Interchange/Assets/Content/Functions/MX_Displacement.uasset" 10524
"../../../Engine/Content/EngineMaterials/PPM_DefaultCalibrationColor.uasset" 10525
"../../../Engine/Content/EngineMaterials/Substrate/Glints2/dict_0000_0002.uasset" 10526
"../../../Engine/Plugins/NNE/NNEDenoiser/Content/NNEDTOM_Output_Alpha.uasset" 10527
"../../../Engine/Content/Functions/Engine_MaterialFunctions02/Utility/BlendAngleCorrectedNormals.uasset" 10528
"../../../Engine/Content/EngineMaterials/DefaultCalibrationGrayscale.uasset" 10529
"../../../Engine/Plugins/NNE/NNEDenoiser/Content/NNEDTIM_ColorAlbedoNormal_Alpha.uasset" 10530
"../../../Engine/Plugins/NNE/NNEDenoiser/Content/NNEDTIM_ColorAlbedoNormal_Default.uasset" 10531
"../../../Engine/Plugins/NNE/NNEDenoiser/Content/NNEDIM_ColorAlbedoNormal_Alpha.uasset" 10532
"../../../Engine/Plugins/NNE/NNEDenoiser/Content/NNEDOM_Output_Default.uasset" 10533
"../../../Engine/Content/EngineMaterials/Substrate/Glints2/dict_0000_0000.uasset" 10534
"../../../Engine/Content/EngineMaterials/Substrate/Glints2/dict_0000_0005.uasset" 10535
"../../../Engine/Plugins/NNE/NNEDenoiser/Content/NNEDIM_HighQuality_Default.uasset" 10536
"/NNEDenoiser/NNEDIM_ColorAlbedoNormal_Alpha" 10537
"../../../Engine/Content/EngineMaterials/DefaultCalibrationColor.uasset" 10538
"../../../Engine/Plugins/NNE/NNEDenoiser/Content/NNEDIM_ColorAlbedoNormal_Default.uasset" 10539
"/InterchangeAssets/Functions/MX_Displacement" 10540
"../../../Engine/Content/EngineMaterials/Substrate/Glints2/dict_0000_0004.uasset" 10541
"../../../Engine/Content/EngineMaterials/Substrate/Glints2/dict_0000_0001.uasset" 10542
"../../../Engine/Plugins/NNE/NNEDenoiser/Content/NNED_Oidn2-3_Balanced.uasset" 10543
"../../../Engine/Plugins/NNE/NNEDenoiser/Content/NNEDIM_HighQuality_Alpha.uasset" 10544
"../../../Engine/Plugins/NNE/NNEDenoiser/Content/NNED_Oidn2-3_Balanced_Alpha.uasset" 10545
"../../../Engine/Plugins/NNE/NNEDenoiser/Content/NNEDTOM_Output_Default.uasset" 10546
"../../../Engine/Content/Functions/MaterialLayerFunctions/MatLayerBlend_OverrideOpacity.uasset" 10547
"/NNEDenoiser/NNEDTOM_Output_Alpha" 10548
"/NNEDenoiser/NNEDTIM_ColorAlbedoNormal_Default" 10549
"../../../Engine/Content/EngineMaterials/Substrate/Glints2/AGlintTex2dArray2.uasset" 10550
"../../../Engine/Plugins/NNE/NNEDenoiser/Content/NNEDOM_Output_Alpha.uasset" 10551
"/NNEDenoiser/NNEDTIM_ColorAlbedoNormal_Alpha" 10552
"../../../Engine/Plugins/NNE/NNEDenoiser/Content/NNEDT_Oidn2-3_Balanced.uasset" 10553
"/Engine/EngineMaterials/PPM_DefaultCalibrationGrayscale" 10554
"../../../Engine/Plugins/NNE/NNEDenoiser/Content/NNEDT_Oidn2-3_Balanced_Alpha.uasset" 10555
"/NNEDenoiser/NNEDOM_Output_Default" 10556
"/Engine/EngineMaterials/Substrate/Glints2/dict_0000_0009" 10557
"/NNEDenoiser/NNEDIM_HighQuality_Default" 10558
"/Engine/EngineMaterials/Substrate/Glints2/dict_0000_0000" 10559
"/Engine/EngineMaterials/Substrate/Glints2/dict_0000_0002" 10560
"/Engine/EngineMaterials/Substrate/Glints2/dict_0000_0003" 10561
"../../../Engine/Plugins/NNE/NNEDenoiser/Content/NNED_Oidn2-3_Fast.uasset" 10562
"/Engine/EngineMaterials/Substrate/Glints2/dict_0000_0005" 10563
"../../../Engine/Content/EditorResources/BSPVertex.uasset" 10564
"../../../Engine/Content/EngineMaterials/DefaultBloomKernel.uasset" 10565
"../../../Engine/Content/EngineMaterials/FastBlueNoise_scalar_128x128x64.uasset" 10566
"../../../Engine/Content/EngineDebugMaterials/DebugEditorMaterial.uasset" 10567
"/NNEDenoiser/NNEDT_Oidn2-3_Balanced" 10568
"/InterchangeAssets/Functions/MX_Surface" 10569
"/NNEDenoiser/NNEDTOM_Output_Default" 10570
"/NNEDenoiser/NNEDOM_Output_Alpha" 10571
"/Engine/EngineMaterials/PPM_DefaultCalibrationColor" 10572
"/NNEDenoiser/NNED_Oidn2-3_Fast" 10573
"../../../Engine/Plugins/NNE/NNEDenoiser/Content/NNED_Oidn2-3_HighQuality.uasset" 10574
"../../../Engine/Plugins/NNE/NNEDenoiser/Content/NNE_oidn2-3-0_rt_hdr_alb_nrm_small__dyn__fp16_opset11_DenoiseAlpha.uasset" 10575
"../../../Engine/Plugins/NNE/NNEDenoiser/Content/NNE_oidn2-3-0_rt_hdr_calb_cnrm_large__dyn__fp16_opset11_DenoiseAlpha.uasset" 10576
"../../../Engine/Content/EngineResources/FilmGrains/Marcie_Grain_v3_128_M2_000.uasset" 10577
"../../../Engine/Content/EngineResources/Development/ZenLogo_64.uasset" 10578
"../../../Engine/Plugins/NNE/NNEDenoiser/Content/NNED_Oidn2-3_Fast_Alpha.uasset" 10579
"../../../Engine/Plugins/NNE/NNEDenoiser/Content/NNE_oidn2-3-0_rt_hdr_alb_nrm__dyn__fp16_opset11_DenoiseAlpha.uasset" 10580
"../../../Engine/Content/EngineMaterials/FastBlueNoise_scalar_128x128x8.uasset" 10581
"../../../Engine/Plugins/NNE/NNEDenoiser/Content/NNE_oidn2-3-0_rt_hdr_alb_nrm__dyn__fp16_opset11_ForwardAlpha.uasset" 10582
"../../../Engine/Plugins/NNE/NNEDenoiser/Content/NNE_oidn2-3-0_rt_hdr_alb_nrm_small__dyn__fp16_opset11_ForwardAlpha.uasset" 10583
"../../../Engine/Plugins/NNE/NNEDenoiser/Content/NNED_Oidn2-3_HighQuality_Alpha.uasset" 10584
"../../../Engine/Plugins/NNE/NNEDenoiser/Content/NNE_oidn2-3-0_rt_hdr_calb_cnrm_large__dyn__fp16_opset11_ForwardAlpha.uasset" 10585
"/NNEDenoiser/NNED_Oidn2-3_Balanced_Alpha" 10586
"/NNEDenoiser/NNED_Oidn2-3_Balanced" 10587
"/NNEDenoiser/NNEDT_Oidn2-3_Balanced_Alpha" 10588
"/Engine/EngineMaterials/Substrate/Glints2/AGlintTex2dArray2" 10589
"/NNEDenoiser/NNEDIM_HighQuality_Alpha" 10590
"/NNEDenoiser/NNEDIM_ColorAlbedoNormal_Default" 10591
"../../../Engine/Content/EngineSounds/Master.uasset" 10592
"../../../Engine/Content/EngineMaterials/FastBlueNoise_vec2_128x128x64.uasset" 10593
"/Engine/EngineMaterials/FastBlueNoise_scalar_128x128x8" 10594
"/Engine/EngineMaterials/FastBlueNoise_scalar_128x128x64" 10595
"/Engine/EngineDebugMaterials/DebugEditorMaterial" 10596
"/Engine/EngineResources/Development/ZenLogo_64" 10597
"/Engine/EngineResources/FilmGrains/Marcie_Grain_v3_128_M2_000" 10598
"/Engine/EngineMaterials/DefaultBloomKernel" 10599
"/Engine/EditorResources/BSPVertex" 10600
"/NNEDenoiser/NNE_oidn2-3-0_rt_hdr_calb_cnrm_large__dyn__fp16_opset11_ForwardAlpha" 10601
"../../../Engine/Plugins/Interchange/Runtime/Content/Pipelines/DefaultAssetsPipeline.uasset" 10602
"../../../Engine/Plugins/Interchange/Runtime/Content/Pipelines/DefaultMaterialPipeline.uasset" 10603
"../../../Engine/Content/EngineMaterials/SMAAAreaTex.uasset" 10604
"../../../Engine/Content/EngineMaterials/SMAASearchTex.uasset" 10605
"../../../Engine/Plugins/Interchange/Runtime/Content/Pipelines/DefaultAudioPipeline.uasset" 10606
"../../../Engine/Plugins/Interchange/Assets/Content/Functions/MX_SurfaceUnlit.uasset" 10607
"../../../Engine/Plugins/Interchange/Runtime/Content/Pipelines/DefaultGLTFSceneAssetsPipeline.uasset" 10608
"../../../Engine/Plugins/Interchange/Runtime/Content/Pipelines/DefaultGLTFPipeline.uasset" 10609
"../../../Engine/Plugins/Interchange/Runtime/Content/Pipelines/DefaultMaterialXPipeline.uasset" 10610
"../../../Engine/Plugins/Interchange/Runtime/Content/Pipelines/DefaultTexturePipeline.uasset" 10611
"../../../Engine/Plugins/Interchange/Runtime/Content/Pipelines/DefaultSceneAssetsPipeline.uasset" 10612
"../../../Engine/Plugins/Interchange/Runtime/Content/Pipelines/DefaultGLTFAssetsPipeline.uasset" 10613
"../../../Engine/Content/EngineMaterials/EnergyConservation/SheenLegacy_Energy.uasset" 10614
"../../../Engine/Plugins/Interchange/Runtime/Content/Pipelines/DefaultSceneLevelPipeline.uasset" 10615
"/NNEDenoiser/NNE_oidn2-3-0_rt_hdr_calb_cnrm_large__dyn__fp16_opset11_DenoiseAlpha" 10616
"/NNEDenoiser/NNE_oidn2-3-0_rt_hdr_alb_nrm__dyn__fp16_opset11_ForwardAlpha" 10617
"C:/Arcadia/Unreal/Projects/Ricochet2/Intermediate/ORTOptimizerPass_Optimized6C1BF72641BC305F4201E78A1633DC92.onnx" 10618
"C:/Arcadia/Unreal/Projects/Ricochet2/Intermediate/ORTOptimizerPass_Optimized4159AB9344C6E70C5D8DEAAB4A74EFB9.onnx" 10619
"C:/Arcadia/Unreal/Projects/Ricochet2/Intermediate/ORTOptimizerPass_Optimized4E2EC2E44012FB78841427BC93B1DE8E.onnx" 10620
"C:/Arcadia/Unreal/Projects/Ricochet2/Intermediate/ORTOptimizerPass_OptimizedD2CF03CE4AFC912FC46558ADAA73BB44.onnx" 10621
"C:/Arcadia/Unreal/Projects/Ricochet2/Intermediate/ORTOptimizerPass_OptimizedCB643833466DF367499511887C5A1789.onnx" 10622
"C:/Arcadia/Unreal/Projects/Ricochet2/Intermediate/ORTOptimizerPass_OptimizedC4D0639F4E5A55DDCCCA73A7C241D95E.onnx" 10623
"/NNEDenoiser/NNE_oidn2-3-0_rt_hdr_alb_nrm__dyn__fp16_opset11_DenoiseAlpha" 10624
"/NNEDenoiser/NNE_oidn2-3-0_rt_hdr_alb_nrm_small__dyn__fp16_opset11_ForwardAlpha" 10625
"/NNEDenoiser/NNE_oidn2-3-0_rt_hdr_alb_nrm_small__dyn__fp16_opset11_DenoiseAlpha" 10626
"/NNEDenoiser/NNED_Oidn2-3_HighQuality_Alpha" 10627
"/NNEDenoiser/NNED_Oidn2-3_HighQuality" 10628
"/NNEDenoiser/NNED_Oidn2-3_Fast_Alpha" 10629
"/InterchangeAssets/Functions/MX_SurfaceUnlit" 10630
"/Interchange/Pipelines/DefaultGLTFSceneAssetsPipeline" 10631
"/Interchange/Pipelines/DefaultSceneLevelPipeline" 10632
"/Interchange/Pipelines/DefaultSceneAssetsPipeline" 10633
"/Interchange/Pipelines/DefaultAudioPipeline" 10634
"/Interchange/Pipelines/DefaultTexturePipeline" 10635
"/Interchange/Pipelines/DefaultMaterialPipeline" 10636
"/Interchange/Pipelines/DefaultGLTFPipeline" 10637
"/Interchange/Pipelines/DefaultGLTFAssetsPipeline" 10638
"../../../Engine/Plugins/Interchange/Assets/Content/Functions/MX_MeasuredEDF.uasset" 10639
"../../../Engine/Plugins/Interchange/Assets/Content/Substrate/MX_SimpleVolume.uasset" 10640
"/Interchange/Pipelines/DefaultMaterialXPipeline" 10641
"../../../Engine/Plugins/Interchange/Assets/Content/Functions/MX_GeneralizedSchlickBSDF.uasset" 10642
"../../../Engine/Plugins/Interchange/Assets/Content/Functions/MX_UniformEDF.uasset" 10643
"../../../Engine/Plugins/Interchange/Assets/Content/Functions/MX_SheenBSDF.uasset" 10644
"../../../Engine/Plugins/Interchange/Assets/Content/Functions/MX_DielectricBSDF.uasset" 10645
"../../../Engine/Plugins/Interchange/Assets/Content/Functions/MX_SubsurfaceBSDF.uasset" 10646
"../../../Engine/Plugins/Interchange/Assets/Content/Functions/MX_UsdPreviewSurface.uasset" 10647
"../../../Engine/Plugins/Interchange/Assets/Content/Functions/MX_ConicalEDF.uasset" 10648
"../../../Engine/Plugins/Interchange/Assets/Content/Functions/MX_OrenNayarBSDF.uasset" 10649
"../../../Engine/Plugins/Interchange/Assets/Content/Functions/MX_BurleyDiffuseBSDF.uasset" 10650
"../../../Engine/Plugins/Interchange/Assets/Content/Functions/MX_AnisotropicVDF.uasset" 10651
"../../../Engine/Plugins/Interchange/Assets/Content/Functions/MX_AbsorptionVDF.uasset" 10652
"../../../Engine/Plugins/Interchange/Assets/Content/Functions/MX_ChiangHairBSDF.uasset" 10653
"../../../Engine/Plugins/Interchange/Assets/Content/Functions/MX_TranslucentBSDF.uasset" 10654
"../../../Engine/Plugins/Interchange/Assets/Content/Functions/MX_ConductorBSDF.uasset" 10655
"C:/Arcadia/Unreal/Projects/Ricochet2/Intermediate/ORTOptimizerPass_Optimized107D91E5479D4CA64C663CAC05B73A02.onnx" 10656
"C:/Arcadia/Unreal/Projects/Ricochet2/Intermediate/ORTOptimizerPass_Optimized35EB462647F7EB1FAF8906A651D45F62.onnx" 10657
"C:/Arcadia/Unreal/Projects/Ricochet2/Intermediate/ORTOptimizerPass_Optimized4F7E234C47A79B8E639519AC9950F477.onnx" 10658
"C:/Arcadia/Unreal/Projects/Ricochet2/Intermediate/ORTOptimizerPass_Optimized8173AC294CF920BD52ADD4852C4A2CFD.onnx" 10659
"C:/Arcadia/Unreal/Projects/Ricochet2/Intermediate/ORTOptimizerPass_OptimizedCE04D5FC4A947F2C793330B5A147EE1C.onnx" 10660
"C:/Arcadia/Unreal/Projects/Ricochet2/Intermediate/ORTOptimizerPass_Optimized7A6E1A574E1E3473C013D5A62D3A68F3.onnx" 10661
"/Interchange/Pipelines/DefaultAssetsPipeline" 10662
"/Engine/EngineSounds/Master" 10663
"/Engine/EngineMaterials/SMAASearchTex" 10664
"/Engine/EngineMaterials/SMAAAreaTex" 10665
"/Engine/EngineMaterials/EnergyConservation/SheenLegacy_Energy" 10666
"/Engine/EngineMaterials/FastBlueNoise_vec2_128x128x64" 10667
"/InterchangeAssets/Functions/MX_AnisotropicVDF" 10668
"/InterchangeAssets/Functions/MX_AbsorptionVDF" 10669
"/InterchangeAssets/Functions/MX_MeasuredEDF" 10670
"/InterchangeAssets/Functions/MX_ConicalEDF" 10671
"/InterchangeAssets/Functions/MX_UniformEDF" 10672
"/InterchangeAssets/Functions/MX_ChiangHairBSDF" 10673
"/InterchangeAssets/Functions/MX_SheenBSDF" 10674
"/InterchangeAssets/Functions/MX_SubsurfaceBSDF" 10675
"/InterchangeAssets/Functions/MX_GeneralizedSchlickBSDF" 10676
"../../../Engine/Plugins/Animation/ControlRig/Content/Controls/ControlRigGizmoMaterial.uasset" 10677
"/InterchangeAssets/Functions/MX_ConductorBSDF" 10678
"/InterchangeAssets/Functions/MX_DielectricBSDF" 10679
"/InterchangeAssets/Functions/MX_TranslucentBSDF" 10680
"/InterchangeAssets/Functions/MX_BurleyDiffuseBSDF" 10681
"/InterchangeAssets/Functions/MX_OrenNayarBSDF" 10682
"/InterchangeAssets/Substrate/MX_SimpleVolume" 10683
"/InterchangeAssets/Functions/MX_UsdPreviewSurface" 10684
"/ControlRig/Controls/ControlRigGizmoMaterial" 10685
"C:/Arcadia/Unreal/Projects/Ricochet2/Saved/Cooked/Windows/Ricochet_2/Metadata/CookedSettings.txt" 10686
